question_id,model,Strict-Hit@1,Strict-Hit@5,Strict-Hit@10,Strict-MRR@10,nDCG@10
q_0001,AliasAwareFusion,1.0,1.0,1.0,1.0,0.7871546029909718
q_0001,WithoutEntity,1.0,1.0,1.0,1.0,0.7871546029909718
q_0001,WithoutPhrase,1.0,1.0,1.0,1.0,0.7871546029909718
q_0001,WithoutText,1.0,1.0,1.0,1.0,0.9073218002554916
q_0002,AliasAwareFusion,1.0,1.0,1.0,1.0,0.8556691603792904
q_0002,WithoutEntity,1.0,1.0,1.0,1.0,0.8178747578506881
q_0002,WithoutPhrase,1.0,1.0,1.0,1.0,0.8556691603792904
q_0002,WithoutText,1.0,1.0,1.0,1.0,0.8556691603792904
q_0003,AliasAwareFusion,1.0,1.0,1.0,1.0,0.7871546029909718
q_0003,WithoutEntity,1.0,1.0,1.0,1.0,0.7871546029909718
q_0003,WithoutPhrase,1.0,1.0,1.0,1.0,0.7871546029909718
q_0003,WithoutText,1.0,1.0,1.0,1.0,0.7871546029909718
q_0004,AliasAwareFusion,1.0,1.0,1.0,1.0,0.7871546029909718
q_0004,WithoutEntity,0.0,1.0,1.0,0.5,0.4966392596877323
q_0004,WithoutPhrase,1.0,1.0,1.0,1.0,0.7871546029909718
q_0004,WithoutText,1.0,1.0,1.0,1.0,0.7871546029909718
q_0005,AliasAwareFusion,1.0,1.0,1.0,1.0,0.6735439182299784
q_0005,WithoutEntity,1.0,1.0,1.0,1.0,0.6735439182299784
q_0005,WithoutPhrase,1.0,1.0,1.0,1.0,0.6735439182299784
q_0005,WithoutText,1.0,1.0,1.0,1.0,0.6735439182299784
q_0006,AliasAwareFusion,1.0,1.0,1.0,1.0,0.6735439182299784
q_0006,WithoutEntity,1.0,1.0,1.0,1.0,0.6735439182299784
q_0006,WithoutPhrase,1.0,1.0,1.0,1.0,0.6735439182299784
q_0006,WithoutText,0.0,1.0,1.0,0.5,0.42495889834839423
q_0007,AliasAwareFusion,1.0,1.0,1.0,1.0,0.6735439182299784
q_0007,WithoutEntity,0.0,1.0,1.0,0.5,0.42495889834839423
q_0007,WithoutPhrase,1.0,1.0,1.0,1.0,0.6735439182299784
q_0007,WithoutText,1.0,1.0,1.0,1.0,0.6735439182299784
q_0008,AliasAwareFusion,0.0,0.0,0.0,0.0,0.0
q_0008,WithoutEntity,0.0,0.0,0.0,0.0,0.0
q_0008,WithoutPhrase,0.0,0.0,0.0,0.0,0.0
q_0008,WithoutText,0.0,0.0,0.0,0.0,0.0
q_0009,AliasAwareFusion,1.0,1.0,1.0,1.0,0.6735439182299784
q_0009,WithoutEntity,1.0,1.0,1.0,1.0,0.6735439182299784
q_0009,WithoutPhrase,1.0,1.0,1.0,1.0,0.6735439182299784
q_0009,WithoutText,1.0,1.0,1.0,1.0,0.6735439182299784
q_0010,AliasAwareFusion,1.0,1.0,1.0,1.0,0.6735439182299784
q_0010,WithoutEntity,1.0,1.0,1.0,1.0,0.6735439182299784
q_0010,WithoutPhrase,1.0,1.0,1.0,1.0,0.6735439182299784
q_0010,WithoutText,0.0,1.0,1.0,0.5,0.42495889834839423
q_0011,AliasAwareFusion,0.0,1.0,1.0,0.20000000000000004,0.3045129678946485
q_0011,WithoutEntity,0.0,1.0,1.0,0.3333333333333333,0.3935773014954859
q_0011,WithoutPhrase,0.0,0.0,0.0,0.0,0.0
q_0011,WithoutText,0.0,1.0,1.0,0.5,0.4966392596877323
q_0012,AliasAwareFusion,1.0,1.0,1.0,1.0,0.6735439182299784
q_0012,WithoutEntity,1.0,1.0,1.0,1.0,0.6735439182299784
q_0012,WithoutPhrase,1.0,1.0,1.0,1.0,0.6735439182299784
q_0012,WithoutText,0.0,1.0,1.0,0.5,0.42495889834839423
q_0013,AliasAwareFusion,0.0,0.0,1.0,0.11428571428571427,0.2046367836304098
q_0013,WithoutEntity,0.0,0.0,0.0,0.0,0.0
q_0013,WithoutPhrase,0.0,0.3333333333333333,1.0,0.16190476190476186,0.2365305447943351
q_0013,WithoutText,0.0,0.0,0.0,0.0,0.0
q_0014,AliasAwareFusion,1.0,1.0,1.0,1.0,0.7871546029909718
q_0014,WithoutEntity,1.0,1.0,1.0,1.0,0.7871546029909718
q_0014,WithoutPhrase,1.0,1.0,1.0,1.0,0.7871546029909718
q_0014,WithoutText,1.0,1.0,1.0,1.0,0.7871546029909718
q_0015,AliasAwareFusion,1.0,1.0,1.0,1.0,0.7604397422803805
q_0015,WithoutEntity,1.0,1.0,1.0,1.0,0.6735439182299784
q_0015,WithoutPhrase,1.0,1.0,1.0,1.0,0.7852134991855584
q_0015,WithoutText,1.0,1.0,1.0,1.0,0.6735439182299784
q_0016,AliasAwareFusion,1.0,1.0,1.0,1.0,0.9095333176489385
q_0016,WithoutEntity,0.0,1.0,1.0,0.5,0.6609482977673544
q_0016,WithoutPhrase,0.0,1.0,1.0,0.5,0.8579514172105233
q_0016,WithoutText,1.0,1.0,1.0,1.0,0.8041812624099595
q_0017,AliasAwareFusion,0.0,0.0,0.0,0.0,0.0
q_0017,WithoutEntity,0.0,0.0,0.0,0.0,0.0
q_0017,WithoutPhrase,0.0,0.0,0.0,0.0,0.0
q_0017,WithoutText,0.0,1.0,1.0,0.38888888888888884,0.42793128755956805
q_0018,AliasAwareFusion,1.0,1.0,1.0,1.0,0.6735439182299784
q_0018,WithoutEntity,0.0,1.0,1.0,0.3333333333333333,0.3367719591149892
q_0018,WithoutPhrase,1.0,1.0,1.0,1.0,0.6735439182299784
q_0018,WithoutText,1.0,1.0,1.0,1.0,0.6735439182299784
q_0019,AliasAwareFusion,0.0,1.0,1.0,0.25,0.6875599495793138
q_0019,WithoutEntity,0.0,1.0,1.0,0.25,0.723072095276683
q_0019,WithoutPhrase,0.0,1.0,1.0,0.25,0.6165356581845756
q_0019,WithoutText,0.0,1.0,1.0,0.20000000000000004,0.38488217402639996
q_0020,AliasAwareFusion,1.0,1.0,1.0,1.0,0.7871546029909718
q_0020,WithoutEntity,1.0,1.0,1.0,1.0,0.7871546029909718
q_0020,WithoutPhrase,1.0,1.0,1.0,1.0,0.7871546029909718
q_0020,WithoutText,1.0,1.0,1.0,1.0,0.7871546029909718
q_0021,AliasAwareFusion,1.0,1.0,1.0,1.0,0.95583058934618
q_0021,WithoutEntity,0.0,1.0,1.0,0.3333333333333333,0.606422698504514
q_0021,WithoutPhrase,1.0,1.0,1.0,1.0,0.9107679203903634
q_0021,WithoutText,0.6666666666666666,1.0,1.0,0.8333333333333334,0.9446637441327163
q_0022,AliasAwareFusion,0.0,0.0,0.0,0.0,0.0
q_0022,WithoutEntity,0.0,0.0,0.0,0.0,0.0
q_0022,WithoutPhrase,0.0,0.0,0.0,0.0,0.0
q_0022,WithoutText,0.0,0.0,0.0,0.0,0.0
q_0023,AliasAwareFusion,1.0,1.0,1.0,1.0,0.9402396560868356
q_0023,WithoutEntity,1.0,1.0,1.0,1.0,1.0
q_0023,WithoutPhrase,1.0,1.0,1.0,1.0,0.8996052605611106
q_0023,WithoutText,1.0,1.0,1.0,1.0,0.9370888130844902
q_0024,AliasAwareFusion,1.0,1.0,1.0,1.0,0.7871546029909718
q_0024,WithoutEntity,1.0,1.0,1.0,1.0,0.7871546029909718
q_0024,WithoutPhrase,1.0,1.0,1.0,1.0,0.7871546029909718
q_0024,WithoutText,1.0,1.0,1.0,1.0,0.7871546029909718
q_0025,AliasAwareFusion,1.0,1.0,1.0,1.0,0.6735439182299784
q_0025,WithoutEntity,0.0,1.0,1.0,0.5,0.42495889834839423
q_0025,WithoutPhrase,0.6666666666666666,1.0,1.0,0.8333333333333334,0.590682244936117
q_0025,WithoutText,0.0,1.0,1.0,0.3333333333333333,0.3367719591149892
q_0026,AliasAwareFusion,0.0,1.0,1.0,0.20000000000000004,0.549224034804439
q_0026,WithoutEntity,0.0,1.0,1.0,0.20000000000000004,0.549224034804439
q_0026,WithoutPhrase,0.0,1.0,1.0,0.3055555555555555,0.6098695107895967
q_0026,WithoutText,0.0,0.0,0.0,0.0,0.2886616792414193
q_0027,AliasAwareFusion,1.0,1.0,1.0,1.0,0.6735439182299784
q_0027,WithoutEntity,1.0,1.0,1.0,1.0,0.6735439182299784
q_0027,WithoutPhrase,1.0,1.0,1.0,1.0,0.6735439182299784
q_0027,WithoutText,1.0,1.0,1.0,1.0,0.6735439182299784
q_0028,AliasAwareFusion,1.0,1.0,1.0,1.0,0.7871546029909718
q_0028,WithoutEntity,1.0,1.0,1.0,1.0,0.7871546029909718
q_0028,WithoutPhrase,1.0,1.0,1.0,1.0,0.7871546029909718
q_0028,WithoutText,1.0,1.0,1.0,1.0,0.7871546029909718
q_0029,AliasAwareFusion,1.0,1.0,1.0,1.0,0.6735439182299784
q_0029,WithoutEntity,1.0,1.0,1.0,1.0,0.6735439182299784
q_0029,WithoutPhrase,1.0,1.0,1.0,1.0,0.6735439182299784
q_0029,WithoutText,0.0,1.0,1.0,0.24444444444444446,0.2859655567470096
q_0030,AliasAwareFusion,1.0,1.0,1.0,1.0,0.6735439182299784
q_0030,WithoutEntity,1.0,1.0,1.0,1.0,0.6735439182299784
q_0030,WithoutPhrase,1.0,1.0,1.0,1.0,0.6735439182299784
q_0030,WithoutText,0.0,0.0,0.6666666666666666,0.11111111111111106,0.15994745633761087
q_0031,AliasAwareFusion,1.0,1.0,1.0,1.0,0.7428406317975517
q_0031,WithoutEntity,0.0,0.0,1.0,0.1111111111111111,0.3848821649335831
q_0031,WithoutPhrase,1.0,1.0,1.0,1.0,0.6735439182299784
q_0031,WithoutText,1.0,1.0,1.0,1.0,0.6735439182299784
q_0032,AliasAwareFusion,0.6666666666666666,1.0,1.0,0.7777777777777777,0.6559621691591432
q_0032,WithoutEntity,1.0,1.0,1.0,1.0,0.7871546029909718
q_0032,WithoutPhrase,0.3333333333333333,1.0,1.0,0.611111111111111,0.5591237213913968
q_0032,WithoutText,0.0,0.0,0.0,0.0,0.0
q_0033,AliasAwareFusion,1.0,1.0,1.0,1.0,0.6735439182299784
q_0033,WithoutEntity,1.0,1.0,1.0,1.0,0.6735439182299784
q_0033,WithoutPhrase,1.0,1.0,1.0,1.0,0.6735439182299784
q_0033,WithoutText,0.0,1.0,1.0,0.20000000000000004,0.2605623555630197
q_0034,AliasAwareFusion,1.0,1.0,1.0,1.0,0.7871546029909718
q_0034,WithoutEntity,1.0,1.0,1.0,1.0,0.7871546029909718
q_0034,WithoutPhrase,1.0,1.0,1.0,1.0,0.7871546029909718
q_0034,WithoutText,1.0,1.0,1.0,1.0,0.7871546029909718
q_0035,AliasAwareFusion,1.0,1.0,1.0,1.0,0.6735439182299784
q_0035,WithoutEntity,1.0,1.0,1.0,1.0,0.6735439182299784
q_0035,WithoutPhrase,1.0,1.0,1.0,1.0,0.6735439182299784
q_0035,WithoutText,1.0,1.0,1.0,1.0,0.6735439182299784
q_0036,AliasAwareFusion,1.0,1.0,1.0,1.0,0.7871546029909718
q_0036,WithoutEntity,1.0,1.0,1.0,1.0,0.7871546029909718
q_0036,WithoutPhrase,1.0,1.0,1.0,1.0,0.7871546029909718
q_0036,WithoutText,0.3333333333333333,1.0,1.0,0.6666666666666666,0.5934777074554788
q_0037,AliasAwareFusion,1.0,1.0,1.0,1.0,0.7871546029909718
q_0037,WithoutEntity,1.0,1.0,1.0,1.0,0.7871546029909718
q_0037,WithoutPhrase,1.0,1.0,1.0,1.0,0.7871546029909718
q_0037,WithoutText,1.0,1.0,1.0,1.0,0.7871546029909718
q_0038,AliasAwareFusion,1.0,1.0,1.0,1.0,0.7894302450214918
q_0038,WithoutEntity,0.0,1.0,1.0,0.5,0.42495889834839423
q_0038,WithoutPhrase,1.0,1.0,1.0,1.0,0.7978637366933587
q_0038,WithoutText,0.0,0.0,1.0,0.1111111111111111,0.2027569227842713
q_0039,AliasAwareFusion,0.0,0.0,1.0,0.10833333333333334,0.20062505355181123
q_0039,WithoutEntity,0.0,0.0,0.0,0.0,0.0
q_0039,WithoutPhrase,0.0,0.0,0.6666666666666666,0.07037037037037037,0.13248492617496319
q_0039,WithoutText,0.0,0.0,0.0,0.0,0.0
q_0040,AliasAwareFusion,1.0,1.0,1.0,1.0,0.7871546029909718
q_0040,WithoutEntity,1.0,1.0,1.0,1.0,0.7871546029909718
q_0040,WithoutPhrase,1.0,1.0,1.0,1.0,0.7871546029909718
q_0040,WithoutText,1.0,1.0,1.0,1.0,0.7871546029909718
q_0041,AliasAwareFusion,1.0,1.0,1.0,1.0,0.6735439182299784
q_0041,WithoutEntity,1.0,1.0,1.0,1.0,0.6735439182299784
q_0041,WithoutPhrase,1.0,1.0,1.0,1.0,0.6735439182299784
q_0041,WithoutText,1.0,1.0,1.0,1.0,0.6735439182299784
q_0042,AliasAwareFusion,0.0,0.0,1.0,0.1666666666666666,0.2399211845064163
q_0042,WithoutEntity,0.0,0.0,0.0,0.0,0.0
q_0042,WithoutPhrase,0.0,0.0,1.0,0.1666666666666666,0.2399211845064163
q_0042,WithoutText,0.0,1.0,1.0,0.5,0.42495889834839423
q_0043,AliasAwareFusion,1.0,1.0,1.0,1.0,0.7871546029909718
q_0043,WithoutEntity,1.0,1.0,1.0,1.0,0.7871546029909718
q_0043,WithoutPhrase,1.0,1.0,1.0,1.0,0.7871546029909718
q_0043,WithoutText,0.0,1.0,1.0,0.2611111111111111,0.3456997681593048
q_0044,AliasAwareFusion,0.0,1.0,1.0,0.25,0.3863001361616938
q_0044,WithoutEntity,0.0,1.0,1.0,0.3333333333333333,0.42021389728954
q_0044,WithoutPhrase,0.0,1.0,1.0,0.25,0.3863001361616938
q_0044,WithoutText,0.0,0.0,0.0,0.0,0.0
q_0045,AliasAwareFusion,1.0,1.0,1.0,1.0,0.7978637366933587
q_0045,WithoutEntity,1.0,1.0,1.0,1.0,0.8178747578506881
q_0045,WithoutPhrase,0.0,1.0,1.0,0.5,0.5378964864175356
q_0045,WithoutText,1.0,1.0,1.0,1.0,0.7013578976214955
q_0046,AliasAwareFusion,0.0,1.0,1.0,0.5,0.606355969255108
q_0046,WithoutEntity,1.0,1.0,1.0,1.0,0.7763672830184426
q_0046,WithoutPhrase,0.0,1.0,1.0,0.5,0.6023340657803793
q_0046,WithoutText,0.0,1.0,1.0,0.25,0.290079576414554
q_0047,AliasAwareFusion,1.0,1.0,1.0,1.0,0.7685267872092371
q_0047,WithoutEntity,1.0,1.0,1.0,1.0,0.929544338806268
q_0047,WithoutPhrase,1.0,1.0,1.0,1.0,0.7025091929134458
q_0047,WithoutText,0.3333333333333333,1.0,1.0,0.6666666666666666,0.5078205716422556
q_0048,AliasAwareFusion,1.0,1.0,1.0,1.0,0.7871546029909718
q_0048,WithoutEntity,1.0,1.0,1.0,1.0,0.8935773014954859
q_0048,WithoutPhrase,1.0,1.0,1.0,1.0,0.7871546029909718
q_0048,WithoutText,0.0,0.3333333333333333,1.0,0.17777777777777773,0.28843107393191353
q_0049,AliasAwareFusion,1.0,1.0,1.0,1.0,0.6735439182299784
q_0049,WithoutEntity,1.0,1.0,1.0,1.0,0.8556691603792904
q_0049,WithoutPhrase,1.0,1.0,1.0,1.0,0.6735439182299784
q_0049,WithoutText,1.0,1.0,1.0,1.0,0.6735439182299784
q_0050,AliasAwareFusion,0.0,1.0,1.0,0.4444444444444444,0.39556325193725916
q_0050,WithoutEntity,0.0,1.0,1.0,0.5,0.42495889834839423
q_0050,WithoutPhrase,0.0,1.0,1.0,0.4444444444444444,0.39556325193725916
q_0050,WithoutText,0.0,0.6666666666666666,1.0,0.18703703703703703,0.25113295158728166
q_0051,AliasAwareFusion,1.0,1.0,1.0,1.0,0.7013578976214955
q_0051,WithoutEntity,1.0,1.0,1.0,1.0,0.8178747578506881
q_0051,WithoutPhrase,1.0,1.0,1.0,1.0,0.6735439182299784
q_0051,WithoutText,1.0,1.0,1.0,1.0,0.6735439182299784
q_0052,AliasAwareFusion,1.0,1.0,1.0,1.0,0.6735439182299784
q_0052,WithoutEntity,1.0,1.0,1.0,1.0,0.6735439182299784
q_0052,WithoutPhrase,1.0,1.0,1.0,1.0,0.6735439182299784
q_0052,WithoutText,1.0,1.0,1.0,1.0,0.6735439182299784
q_0053,AliasAwareFusion,0.0,1.0,1.0,0.5,0.42495889834839423
q_0053,WithoutEntity,0.0,1.0,1.0,0.5,0.42495889834839423
q_0053,WithoutPhrase,0.0,1.0,1.0,0.5,0.42495889834839423
q_0053,WithoutText,0.0,0.0,1.0,0.1111111111111111,0.2027569227842713
q_0054,AliasAwareFusion,1.0,1.0,1.0,1.0,0.7871546029909718
q_0054,WithoutEntity,1.0,1.0,1.0,1.0,0.7871546029909718
q_0054,WithoutPhrase,1.0,1.0,1.0,1.0,0.7871546029909718
q_0054,WithoutText,1.0,1.0,1.0,1.0,0.7871546029909718
q_0055,AliasAwareFusion,1.0,1.0,1.0,1.0,0.8045340770791353
q_0055,WithoutEntity,0.0,1.0,1.0,0.3333333333333333,0.4395953239034533
q_0055,WithoutPhrase,1.0,1.0,1.0,1.0,0.8178747578506881
q_0055,WithoutText,0.0,1.0,1.0,0.20000000000000004,0.4426875977123315
q_0056,AliasAwareFusion,0.0,1.0,1.0,0.3333333333333333,0.3367719591149892
q_0056,WithoutEntity,0.0,1.0,1.0,0.25,0.290079576414554
q_0056,WithoutPhrase,0.0,1.0,1.0,0.3333333333333333,0.3367719591149892
q_0056,WithoutText,0.0,1.0,1.0,0.38888888888888884,0.3661676055261242
q_0057,AliasAwareFusion,1.0,1.0,1.0,1.0,0.7871546029909718
q_0057,WithoutEntity,1.0,1.0,1.0,1.0,0.7871546029909718
q_0057,WithoutPhrase,1.0,1.0,1.0,1.0,0.7871546029909718
q_0057,WithoutText,1.0,1.0,1.0,1.0,0.7871546029909718
q_0058,AliasAwareFusion,0.0,1.0,1.0,0.5,0.42495889834839423
q_0058,WithoutEntity,0.0,1.0,1.0,0.5,0.42495889834839423
q_0058,WithoutPhrase,0.0,1.0,1.0,0.3333333333333333,0.3367719591149892
q_0058,WithoutText,1.0,1.0,1.0,1.0,0.6735439182299784
q_0059,AliasAwareFusion,1.0,1.0,1.0,1.0,0.9852768631153933
q_0059,WithoutEntity,1.0,1.0,1.0,1.0,1.0
q_0059,WithoutPhrase,1.0,1.0,1.0,1.0,0.9852768631153933
q_0059,WithoutText,1.0,1.0,1.0,1.0,0.7871546029909718
q_0060,AliasAwareFusion,1.0,1.0,1.0,1.0,0.8556691603792904
q_0060,WithoutEntity,1.0,1.0,1.0,1.0,0.8556691603792904
q_0060,WithoutPhrase,1.0,1.0,1.0,1.0,0.8556691603792904
q_0060,WithoutText,1.0,1.0,1.0,1.0,0.8112044174649116
q_0061,AliasAwareFusion,0.0,0.0,1.0,0.125,0.2993752732245991
q_0061,WithoutEntity,0.0,0.0,0.0,0.0,0.0
q_0061,WithoutPhrase,0.0,0.0,1.0,0.125,0.2993752732245991
q_0061,WithoutText,0.0,0.0,0.0,0.0,0.0
q_0062,AliasAwareFusion,1.0,1.0,1.0,1.0,0.6735439182299784
q_0062,WithoutEntity,0.0,0.0,1.0,0.1666666666666666,0.3268170085568183
q_0062,WithoutPhrase,1.0,1.0,1.0,1.0,0.6735439182299784
q_0062,WithoutText,0.0,1.0,1.0,0.3333333333333333,0.3367719591149892
q_0063,AliasAwareFusion,1.0,1.0,1.0,1.0,0.9467317814539461
q_0063,WithoutEntity,0.0,1.0,1.0,0.20000000000000004,0.2605623555630197
q_0063,WithoutPhrase,1.0,1.0,1.0,1.0,0.9562915901539796
q_0063,WithoutText,0.0,0.0,0.0,0.0,0.0
q_0064,AliasAwareFusion,1.0,1.0,1.0,1.0,0.6735439182299784
q_0064,WithoutEntity,0.0,1.0,1.0,0.20000000000000004,0.2605623555630197
q_0064,WithoutPhrase,1.0,1.0,1.0,1.0,0.6735439182299784
q_0064,WithoutText,1.0,1.0,1.0,1.0,0.6735439182299784
q_0065,AliasAwareFusion,1.0,1.0,1.0,1.0,1.0
q_0065,WithoutEntity,1.0,1.0,1.0,1.0,1.0
q_0065,WithoutPhrase,1.0,1.0,1.0,1.0,1.0
q_0065,WithoutText,1.0,1.0,1.0,1.0,0.9176601606601068
q_0066,AliasAwareFusion,0.0,0.0,1.0,0.1111111111111111,0.236957146725255
q_0066,WithoutEntity,0.0,0.0,0.0,0.0,0.0
q_0066,WithoutPhrase,0.0,0.0,1.0,0.1111111111111111,0.236957146725255
q_0066,WithoutText,0.0,0.0,0.0,0.0,0.0
q_0067,AliasAwareFusion,1.0,1.0,1.0,1.0,0.6735439182299784
q_0067,WithoutEntity,0.0,1.0,1.0,0.5,0.42495889834839423
q_0067,WithoutPhrase,1.0,1.0,1.0,1.0,0.6735439182299784
q_0067,WithoutText,0.0,1.0,1.0,0.3333333333333333,0.3367719591149892
q_0068,AliasAwareFusion,1.0,1.0,1.0,1.0,0.95583058934618
q_0068,WithoutEntity,1.0,1.0,1.0,1.0,0.95583058934618
q_0068,WithoutPhrase,1.0,1.0,1.0,1.0,0.95583058934618
q_0068,WithoutText,0.3333333333333333,1.0,1.0,0.6666666666666666,0.5934777074554788
q_0069,AliasAwareFusion,1.0,1.0,1.0,1.0,0.7760226523169526
q_0069,WithoutEntity,1.0,1.0,1.0,1.0,0.9799889788426704
q_0069,WithoutPhrase,1.0,1.0,1.0,1.0,0.7025091929134458
q_0069,WithoutText,1.0,1.0,1.0,1.0,0.6735439182299784
q_0070,AliasAwareFusion,0.0,1.0,1.0,0.5,0.42495889834839423
q_0070,WithoutEntity,0.0,1.0,1.0,0.3333333333333333,0.3367719591149892
q_0070,WithoutPhrase,0.0,1.0,1.0,0.3333333333333333,0.3367719591149892
q_0070,WithoutText,0.0,1.0,1.0,0.38888888888888884,0.3661676055261242
q_0071,AliasAwareFusion,1.0,1.0,1.0,1.0,0.6735439182299784
q_0071,WithoutEntity,0.0,1.0,1.0,0.5,0.42495889834839423
q_0071,WithoutPhrase,1.0,1.0,1.0,1.0,0.6735439182299784
q_0071,WithoutText,0.0,1.0,1.0,0.3333333333333333,0.3367719591149892
q_0072,AliasAwareFusion,1.0,1.0,1.0,1.0,0.8304728920268888
q_0072,WithoutEntity,0.0,0.0,1.0,0.1428571428571428,0.2245146394099928
q_0072,WithoutPhrase,0.3333333333333333,1.0,1.0,0.6666666666666666,0.6521514112629653
q_0072,WithoutText,0.0,1.0,1.0,0.25,0.5787412556559733
q_0073,AliasAwareFusion,0.0,1.0,1.0,0.5,0.6090899172578711
q_0073,WithoutEntity,0.0,0.0,0.0,0.0,0.0
q_0073,WithoutPhrase,1.0,1.0,1.0,1.0,0.95583058934618
q_0073,WithoutText,0.0,0.0,0.0,0.0,0.0
q_0074,AliasAwareFusion,1.0,1.0,1.0,1.0,0.6735439182299784
q_0074,WithoutEntity,1.0,1.0,1.0,1.0,0.6735439182299784
q_0074,WithoutPhrase,1.0,1.0,1.0,1.0,0.6735439182299784
q_0074,WithoutText,1.0,1.0,1.0,1.0,0.6735439182299784
q_0075,AliasAwareFusion,1.0,1.0,1.0,1.0,1.0
q_0075,WithoutEntity,1.0,1.0,1.0,1.0,1.0
q_0075,WithoutPhrase,1.0,1.0,1.0,1.0,1.0
q_0075,WithoutText,1.0,1.0,1.0,1.0,0.9324441894571632
q_0076,AliasAwareFusion,0.0,0.3333333333333333,1.0,0.19444444444444442,0.29992976299629065
q_0076,WithoutEntity,0.0,0.0,0.0,0.0,0.0
q_0076,WithoutPhrase,0.0,1.0,1.0,0.3333333333333333,0.3935773014954859
q_0076,WithoutText,0.0,0.0,1.0,0.1111111111111111,0.236957146725255
q_0077,AliasAwareFusion,0.0,0.0,1.0,0.1666666666666666,0.2399211845064163
q_0077,WithoutEntity,0.0,0.0,1.0,0.1666666666666666,0.2399211845064163
q_0077,WithoutPhrase,0.0,0.0,1.0,0.1666666666666666,0.2399211845064163
q_0077,WithoutText,0.0,0.0,1.0,0.1111111111111111,0.2027569227842713
q_0078,AliasAwareFusion,0.3333333333333333,1.0,1.0,0.6666666666666666,0.5934777074554788
q_0078,WithoutEntity,0.0,0.0,1.0,0.125,0.37882518751300126
q_0078,WithoutPhrase,0.3333333333333333,1.0,1.0,0.611111111111111,0.5591237213913968
q_0078,WithoutText,0.0,1.0,1.0,0.5,0.4966392596877323
q_0079,AliasAwareFusion,1.0,1.0,1.0,1.0,0.8554200671156208
q_0079,WithoutEntity,0.0,1.0,1.0,0.3333333333333333,0.42021389728954
q_0079,WithoutPhrase,1.0,1.0,1.0,1.0,0.8178747578506881
q_0079,WithoutText,1.0,1.0,1.0,1.0,0.6735439182299784
q_0080,AliasAwareFusion,1.0,1.0,1.0,1.0,0.6735439182299784
q_0080,WithoutEntity,0.0,1.0,1.0,0.25,0.290079576414554
q_0080,WithoutPhrase,1.0,1.0,1.0,1.0,0.7291718770130123
q_0080,WithoutText,1.0,1.0,1.0,1.0,0.7581371516964795
q_0081,AliasAwareFusion,1.0,1.0,1.0,1.0,0.7871546029909718
q_0081,WithoutEntity,1.0,1.0,1.0,1.0,0.7871546029909718
q_0081,WithoutPhrase,1.0,1.0,1.0,1.0,0.7871546029909718
q_0081,WithoutText,0.0,1.0,1.0,0.3055555555555555,0.3753878793595839
q_0082,AliasAwareFusion,1.0,1.0,1.0,1.0,0.7680451650862903
q_0082,WithoutEntity,1.0,1.0,1.0,1.0,0.6735439182299784
q_0082,WithoutPhrase,1.0,1.0,1.0,1.0,0.7666562327448724
q_0082,WithoutText,0.0,1.0,1.0,0.3333333333333333,0.4236677831653912
q_0083,AliasAwareFusion,1.0,1.0,1.0,1.0,0.7871546029909718
q_0083,WithoutEntity,1.0,1.0,1.0,1.0,0.8996052605611106
q_0083,WithoutPhrase,1.0,1.0,1.0,1.0,0.7871546029909718
q_0083,WithoutText,1.0,1.0,1.0,1.0,0.7871546029909718
q_0084,AliasAwareFusion,1.0,1.0,1.0,1.0,0.9584925251677544
q_0084,WithoutEntity,1.0,1.0,1.0,1.0,0.8178747578506881
q_0084,WithoutPhrase,1.0,1.0,1.0,1.0,0.9458943909915538
q_0084,WithoutText,0.3333333333333333,1.0,1.0,0.6666666666666666,0.5356345510337726
q_0085,AliasAwareFusion,0.0,0.0,0.0,0.0,0.11245065757013879
q_0085,WithoutEntity,0.0,0.0,0.0,0.0,0.0975165893995333
q_0085,WithoutPhrase,0.0,0.0,0.0,0.0,0.0
q_0085,WithoutText,0.0,0.0,0.0,0.0,0.0
q_0086,AliasAwareFusion,1.0,1.0,1.0,1.0,0.7871546029909718
q_0086,WithoutEntity,1.0,1.0,1.0,1.0,0.7871546029909718
q_0086,WithoutPhrase,1.0,1.0,1.0,1.0,0.7871546029909718
q_0086,WithoutText,0.0,0.0,0.6666666666666666,0.06666666666666667,0.15169247239927414
q_0087,AliasAwareFusion,1.0,1.0,1.0,1.0,0.6735439182299784
q_0087,WithoutEntity,0.0,1.0,1.0,0.5,0.42495889834839423
q_0087,WithoutPhrase,1.0,1.0,1.0,1.0,0.6735439182299784
q_0087,WithoutText,1.0,1.0,1.0,1.0,0.6735439182299784
q_0088,AliasAwareFusion,0.0,1.0,1.0,0.5,0.42495889834839423
q_0088,WithoutEntity,1.0,1.0,1.0,1.0,0.6735439182299784
q_0088,WithoutPhrase,0.0,1.0,1.0,0.5,0.42495889834839423
q_0088,WithoutText,0.0,1.0,1.0,0.27777777777777773,0.30564370398136576
q_0089,AliasAwareFusion,0.0,0.0,0.0,0.0,0.1243198184633803
q_0089,WithoutEntity,0.0,0.0,0.0,0.0,0.11166958095557981
q_0089,WithoutPhrase,0.0,1.0,1.0,0.21666666666666667,0.3905045018076447
q_0089,WithoutText,0.0,0.0,0.0,0.0,0.09670218187008657
q_0090,AliasAwareFusion,1.0,1.0,1.0,1.0,0.6735439182299784
q_0090,WithoutEntity,1.0,1.0,1.0,1.0,0.6735439182299784
q_0090,WithoutPhrase,1.0,1.0,1.0,1.0,0.6735439182299784
q_0090,WithoutText,0.0,0.0,1.0,0.11798941798941798,0.20732313931162746
q_0091,AliasAwareFusion,1.0,1.0,1.0,1.0,0.7871546029909718
q_0091,WithoutEntity,1.0,1.0,1.0,1.0,0.7871546029909718
q_0091,WithoutPhrase,1.0,1.0,1.0,1.0,0.7871546029909718
q_0091,WithoutText,1.0,1.0,1.0,1.0,0.7871546029909718
q_0092,AliasAwareFusion,0.0,1.0,1.0,0.5,0.42495889834839423
q_0092,WithoutEntity,0.0,1.0,1.0,0.3333333333333333,0.6254336383564085
q_0092,WithoutPhrase,0.0,1.0,1.0,0.5,0.42495889834839423
q_0092,WithoutText,0.0,1.0,1.0,0.38888888888888884,0.3661676055261242
q_0093,AliasAwareFusion,0.0,1.0,1.0,0.3333333333333333,0.3367719591149892
q_0093,WithoutEntity,0.0,0.0,1.0,0.1666666666666666,0.3361417442535561
q_0093,WithoutPhrase,0.0,1.0,1.0,0.20000000000000004,0.2605623555630197
q_0093,WithoutText,0.0,0.0,0.0,0.0,0.1028233647884641
q_0094,AliasAwareFusion,1.0,1.0,1.0,1.0,0.6735439182299784
q_0094,WithoutEntity,1.0,1.0,1.0,1.0,0.6735439182299784
q_0094,WithoutPhrase,1.0,1.0,1.0,1.0,0.6735439182299784
q_0094,WithoutText,1.0,1.0,1.0,1.0,0.6735439182299784
q_0095,AliasAwareFusion,0.6666666666666666,1.0,1.0,0.8333333333333334,0.6592311547950932
q_0095,WithoutEntity,1.0,1.0,1.0,1.0,0.7852134991855584
q_0095,WithoutPhrase,0.3333333333333333,1.0,1.0,0.6666666666666666,0.5078205716422556
q_0095,WithoutText,0.0,0.0,0.3333333333333333,0.047619047619047596,0.07483821313666426
q_0096,AliasAwareFusion,1.0,1.0,1.0,1.0,0.6735439182299784
q_0096,WithoutEntity,1.0,1.0,1.0,1.0,0.6735439182299784
q_0096,WithoutPhrase,1.0,1.0,1.0,1.0,0.6735439182299784
q_0096,WithoutText,0.0,1.0,1.0,0.25,0.290079576414554
q_0097,AliasAwareFusion,1.0,1.0,1.0,1.0,0.6735439182299784
q_0097,WithoutEntity,1.0,1.0,1.0,1.0,0.7978637366933587
q_0097,WithoutPhrase,1.0,1.0,1.0,1.0,0.6735439182299784
q_0097,WithoutText,1.0,1.0,1.0,1.0,0.6735439182299784
q_0098,AliasAwareFusion,1.0,1.0,1.0,1.0,0.7871546029909718
q_0098,WithoutEntity,1.0,1.0,1.0,1.0,0.7871546029909718
q_0098,WithoutPhrase,1.0,1.0,1.0,1.0,0.7871546029909718
q_0098,WithoutText,1.0,1.0,1.0,1.0,0.7871546029909718
q_0099,AliasAwareFusion,0.0,1.0,1.0,0.4444444444444444,0.39556325193725916
q_0099,WithoutEntity,1.0,1.0,1.0,1.0,0.6735439182299784
q_0099,WithoutPhrase,0.0,0.3333333333333333,1.0,0.1416666666666667,0.222579886825945
q_0099,WithoutText,0.0,0.0,0.3333333333333333,0.047619047619047596,0.07483821313666426
q_0100,AliasAwareFusion,1.0,1.0,1.0,1.0,0.75928844698843
q_0100,WithoutEntity,0.0,1.0,1.0,0.3333333333333333,0.3367719591149892
q_0100,WithoutPhrase,1.0,1.0,1.0,1.0,0.7646065393046344
q_0100,WithoutText,0.0,0.0,1.0,0.10000000000000002,0.1946978557406183
q_0101,AliasAwareFusion,0.0,1.0,1.0,0.5,0.4966392596877323
q_0101,WithoutEntity,0.0,0.0,0.0,0.0,0.0
q_0101,WithoutPhrase,1.0,1.0,1.0,1.0,0.7871546029909718
q_0101,WithoutText,0.0,1.0,1.0,0.5,0.4966392596877323
q_0102,AliasAwareFusion,1.0,1.0,1.0,1.0,0.8430710262030896
q_0102,WithoutEntity,1.0,1.0,1.0,1.0,0.8556691603792904
q_0102,WithoutPhrase,1.0,1.0,1.0,1.0,0.7978637366933587
q_0102,WithoutText,1.0,1.0,1.0,1.0,0.8178747578506881
q_0103,AliasAwareFusion,1.0,1.0,1.0,1.0,0.9673387413348701
q_0103,WithoutEntity,1.0,1.0,1.0,1.0,1.0
q_0103,WithoutPhrase,1.0,1.0,1.0,1.0,0.9584925251677544
q_0103,WithoutText,0.0,1.0,1.0,0.5,0.8098411373369533
q_0104,AliasAwareFusion,0.0,1.0,1.0,0.3333333333333333,0.3367719591149892
q_0104,WithoutEntity,0.0,1.0,1.0,0.3333333333333333,0.3367719591149892
q_0104,WithoutPhrase,0.0,0.0,0.6666666666666666,0.06666666666666667,0.12979857049374552
q_0104,WithoutText,0.0,0.0,0.0,0.0,0.0
q_0105,AliasAwareFusion,1.0,1.0,1.0,1.0,0.6735439182299784
q_0105,WithoutEntity,1.0,1.0,1.0,1.0,0.6735439182299784
q_0105,WithoutPhrase,1.0,1.0,1.0,1.0,0.6735439182299784
q_0105,WithoutText,1.0,1.0,1.0,1.0,0.6735439182299784
q_0106,AliasAwareFusion,0.0,1.0,1.0,0.3333333333333333,0.3367719591149892
q_0106,WithoutEntity,0.0,0.0,0.0,0.0,0.0
q_0106,WithoutPhrase,0.0,1.0,1.0,0.3333333333333333,0.3367719591149892
q_0106,WithoutText,0.0,0.0,0.0,0.0,0.028965274683467334
q_0107,AliasAwareFusion,1.0,1.0,1.0,1.0,0.8556691603792904
q_0107,WithoutEntity,1.0,1.0,1.0,1.0,0.7604397422803805
q_0107,WithoutPhrase,1.0,1.0,1.0,1.0,0.8556691603792904
q_0107,WithoutText,1.0,1.0,1.0,1.0,0.6735439182299784
q_0108,AliasAwareFusion,1.0,1.0,1.0,1.0,0.9073218002554916
q_0108,WithoutEntity,1.0,1.0,1.0,1.0,1.0
q_0108,WithoutPhrase,1.0,1.0,1.0,1.0,0.7871546029909718
q_0108,WithoutText,0.0,1.0,1.0,0.5,0.6419288461539238
q_0109,AliasAwareFusion,0.0,1.0,1.0,0.38888888888888884,0.3661676055261242
q_0109,WithoutEntity,0.0,1.0,1.0,0.5,0.42495889834839423
q_0109,WithoutPhrase,0.0,1.0,1.0,0.20000000000000004,0.2605623555630197
q_0109,WithoutText,1.0,1.0,1.0,1.0,0.6735439182299784
q_0110,AliasAwareFusion,1.0,1.0,1.0,1.0,0.6735439182299784
q_0110,WithoutEntity,0.0,1.0,1.0,0.5,0.5366284793039741
q_0110,WithoutPhrase,1.0,1.0,1.0,1.0,0.6735439182299784
q_0110,WithoutText,1.0,1.0,1.0,1.0,0.6735439182299784
q_0111,AliasAwareFusion,0.0,0.0,1.0,0.13690476190476186,0.2576964550570602
q_0111,WithoutEntity,1.0,1.0,1.0,1.0,0.7871546029909718
q_0111,WithoutPhrase,0.0,0.0,0.0,0.0,0.0
q_0111,WithoutText,0.0,0.0,0.0,0.0,0.0
q_0112,AliasAwareFusion,1.0,1.0,1.0,1.0,0.7871546029909718
q_0112,WithoutEntity,1.0,1.0,1.0,1.0,0.7871546029909718
q_0112,WithoutPhrase,1.0,1.0,1.0,1.0,0.7871546029909718
q_0112,WithoutText,1.0,1.0,1.0,1.0,0.7871546029909718
q_0113,AliasAwareFusion,1.0,1.0,1.0,1.0,0.6735439182299784
q_0113,WithoutEntity,1.0,1.0,1.0,1.0,0.6735439182299784
q_0113,WithoutPhrase,1.0,1.0,1.0,1.0,0.6735439182299784
q_0113,WithoutText,1.0,1.0,1.0,1.0,0.7763672830184426
q_0114,AliasAwareFusion,0.0,1.0,1.0,0.5,0.4966392596877323
q_0114,WithoutEntity,0.0,1.0,1.0,0.20000000000000004,0.3045129678946485
q_0114,WithoutPhrase,0.0,1.0,1.0,0.5,0.4966392596877323
q_0114,WithoutText,0.0,0.6666666666666666,1.0,0.20555555555555557,0.30797070997765813
q_0115,AliasAwareFusion,1.0,1.0,1.0,1.0,0.8556691603792904
q_0115,WithoutEntity,0.0,1.0,1.0,0.3333333333333333,0.4395953239034533
q_0115,WithoutPhrase,0.0,1.0,1.0,0.5,0.7136205775898136
q_0115,WithoutText,0.0,1.0,1.0,0.3333333333333333,0.3350393503925007
q_0116,AliasAwareFusion,1.0,1.0,1.0,1.0,0.7793160217408145
q_0116,WithoutEntity,0.0,1.0,1.0,0.5,0.42495889834839423
q_0116,WithoutPhrase,1.0,1.0,1.0,1.0,0.7822647604631864
q_0116,WithoutText,0.0,0.0,0.0,0.0,0.0278139793915169
q_0117,AliasAwareFusion,0.0,0.0,1.0,0.15079365079365073,0.22965015444213396
q_0117,WithoutEntity,0.0,1.0,1.0,0.20000000000000004,0.2605623555630197
q_0117,WithoutPhrase,0.0,0.0,0.0,0.0,0.0
q_0117,WithoutText,0.0,0.0,1.0,0.1448412698412698,0.2256384243635354
q_0118,AliasAwareFusion,1.0,1.0,1.0,1.0,0.7871546029909718
q_0118,WithoutEntity,1.0,1.0,1.0,1.0,0.7871546029909718
q_0118,WithoutPhrase,1.0,1.0,1.0,1.0,0.8548566449124734
q_0118,WithoutText,0.0,1.0,1.0,0.3333333333333333,0.3935773014954859
q_0119,AliasAwareFusion,1.0,1.0,1.0,1.0,0.7793160217408145
q_0119,WithoutEntity,1.0,1.0,1.0,1.0,0.7852134991855584
q_0119,WithoutPhrase,1.0,1.0,1.0,1.0,0.7663258521954623
q_0119,WithoutText,1.0,1.0,1.0,1.0,0.6735439182299784
q_0120,AliasAwareFusion,0.0,1.0,1.0,0.4444444444444444,0.4622852736236502
q_0120,WithoutEntity,0.0,0.0,0.0,0.0,0.0
q_0120,WithoutPhrase,1.0,1.0,1.0,1.0,0.7871546029909718
q_0120,WithoutText,0.0,0.0,0.0,0.0,0.0
q_0121,AliasAwareFusion,1.0,1.0,1.0,1.0,0.6735439182299784
q_0121,WithoutEntity,1.0,1.0,1.0,1.0,0.6735439182299784
q_0121,WithoutPhrase,1.0,1.0,1.0,1.0,0.6735439182299784
q_0121,WithoutText,1.0,1.0,1.0,1.0,0.6735439182299784
q_0122,AliasAwareFusion,1.0,1.0,1.0,1.0,0.9324441894571632
q_0122,WithoutEntity,0.0,1.0,1.0,0.3333333333333333,0.3935773014954859
q_0122,WithoutPhrase,1.0,1.0,1.0,1.0,0.95583058934618
q_0122,WithoutText,0.0,0.0,0.0,0.0,0.0
q_0123,AliasAwareFusion,1.0,1.0,1.0,1.0,0.8112044174649116
q_0123,WithoutEntity,1.0,1.0,1.0,1.0,0.8556691603792904
q_0123,WithoutPhrase,1.0,1.0,1.0,1.0,0.7741663480046679
q_0123,WithoutText,1.0,1.0,1.0,1.0,0.6735439182299784
q_0124,AliasAwareFusion,1.0,1.0,1.0,1.0,0.6735439182299784
q_0124,WithoutEntity,0.0,0.0,1.0,0.125,0.21247944917419712
q_0124,WithoutPhrase,1.0,1.0,1.0,1.0,0.6735439182299784
q_0124,WithoutText,0.0,0.0,1.0,0.1263227513227513,0.2132503371228204
q_0125,AliasAwareFusion,1.0,1.0,1.0,1.0,0.7871546029909718
q_0125,WithoutEntity,1.0,1.0,1.0,1.0,0.7871546029909718
q_0125,WithoutPhrase,1.0,1.0,1.0,1.0,0.7871546029909718
q_0125,WithoutText,0.0,1.0,1.0,0.4444444444444444,0.4622852736236502
q_0126,AliasAwareFusion,0.0,1.0,1.0,0.3333333333333333,0.5188972012643011
q_0126,WithoutEntity,0.0,1.0,1.0,0.25,0.4017491573701339
q_0126,WithoutPhrase,0.0,1.0,1.0,0.25,0.4344104160352636
q_0126,WithoutText,0.0,1.0,1.0,0.25,0.3929029412030181
q_0127,AliasAwareFusion,1.0,1.0,1.0,1.0,0.6735439182299784
q_0127,WithoutEntity,1.0,1.0,1.0,1.0,0.7646065393046344
q_0127,WithoutPhrase,1.0,1.0,1.0,1.0,0.6735439182299784
q_0127,WithoutText,1.0,1.0,1.0,1.0,0.6735439182299784
q_0128,AliasAwareFusion,1.0,1.0,1.0,1.0,0.6735439182299784
q_0128,WithoutEntity,1.0,1.0,1.0,1.0,0.6735439182299784
q_0128,WithoutPhrase,1.0,1.0,1.0,1.0,0.6735439182299784
q_0128,WithoutText,1.0,1.0,1.0,1.0,0.6735439182299784
q_0129,AliasAwareFusion,1.0,1.0,1.0,1.0,0.8178747578506881
q_0129,WithoutEntity,1.0,1.0,1.0,1.0,0.929544338806268
q_0129,WithoutPhrase,1.0,1.0,1.0,1.0,0.8178747578506881
q_0129,WithoutText,1.0,1.0,1.0,1.0,0.7978637366933587
q_0130,AliasAwareFusion,1.0,1.0,1.0,1.0,0.6735439182299784
q_0130,WithoutEntity,1.0,1.0,1.0,1.0,0.7763672830184426
q_0130,WithoutPhrase,1.0,1.0,1.0,1.0,0.6735439182299784
q_0130,WithoutText,1.0,1.0,1.0,1.0,0.6735439182299784
q_0131,AliasAwareFusion,1.0,1.0,1.0,1.0,0.7871546029909718
q_0131,WithoutEntity,0.0,0.0,0.0,0.0,0.0
q_0131,WithoutPhrase,1.0,1.0,1.0,1.0,0.7871546029909718
q_0131,WithoutText,0.0,1.0,1.0,0.25,0.3390090350877799
q_0132,AliasAwareFusion,1.0,1.0,1.0,1.0,0.6735439182299784
q_0132,WithoutEntity,0.0,1.0,1.0,0.3333333333333333,0.3367719591149892
q_0132,WithoutPhrase,1.0,1.0,1.0,1.0,0.6735439182299784
q_0132,WithoutText,0.0,1.0,1.0,0.5,0.42495889834839423
q_0133,AliasAwareFusion,0.0,0.0,0.0,0.0,0.0
q_0133,WithoutEntity,0.0,0.0,0.0,0.0,0.0
q_0133,WithoutPhrase,0.0,0.0,0.0,0.0,0.0
q_0133,WithoutText,0.0,0.0,0.0,0.0,0.0
q_0134,AliasAwareFusion,1.0,1.0,1.0,1.0,0.6735439182299784
q_0134,WithoutEntity,0.0,1.0,1.0,0.5,0.42495889834839423
q_0134,WithoutPhrase,1.0,1.0,1.0,1.0,0.6735439182299784
q_0134,WithoutText,1.0,1.0,1.0,1.0,0.6735439182299784
q_0135,AliasAwareFusion,1.0,1.0,1.0,1.0,0.7871546029909718
q_0135,WithoutEntity,1.0,1.0,1.0,1.0,0.7871546029909718
q_0135,WithoutPhrase,1.0,1.0,1.0,1.0,0.7871546029909718
q_0135,WithoutText,0.0,1.0,1.0,0.5,0.4966392596877323
q_0136,AliasAwareFusion,0.0,1.0,1.0,0.25,0.290079576414554
q_0136,WithoutEntity,0.0,1.0,1.0,0.3333333333333333,0.3367719591149892
q_0136,WithoutPhrase,0.0,1.0,1.0,0.3333333333333333,0.3367719591149892
q_0136,WithoutText,0.0,0.0,1.0,0.15079365079365073,0.22965015444213396
q_0137,AliasAwareFusion,1.0,1.0,1.0,1.0,0.6735439182299784
q_0137,WithoutEntity,1.0,1.0,1.0,1.0,0.6735439182299784
q_0137,WithoutPhrase,0.0,1.0,1.0,0.5,0.42495889834839423
q_0137,WithoutText,1.0,1.0,1.0,1.0,0.6735439182299784
q_0138,AliasAwareFusion,1.0,1.0,1.0,1.0,0.7871546029909718
q_0138,WithoutEntity,1.0,1.0,1.0,1.0,0.9073218002554916
q_0138,WithoutPhrase,1.0,1.0,1.0,1.0,0.7871546029909718
q_0138,WithoutText,0.6666666666666666,1.0,1.0,0.8333333333333334,0.6903161552232254
q_0139,AliasAwareFusion,1.0,1.0,1.0,1.0,0.7871546029909718
q_0139,WithoutEntity,1.0,1.0,1.0,1.0,0.7871546029909718
q_0139,WithoutPhrase,1.0,1.0,1.0,1.0,0.7871546029909718
q_0139,WithoutText,0.0,0.0,0.0,0.0,0.0
q_0140,AliasAwareFusion,1.0,1.0,1.0,1.0,0.6735439182299784
q_0140,WithoutEntity,1.0,1.0,1.0,1.0,0.6735439182299784
q_0140,WithoutPhrase,1.0,1.0,1.0,1.0,0.6735439182299784
q_0140,WithoutText,1.0,1.0,1.0,1.0,0.6735439182299784
q_0141,AliasAwareFusion,0.0,1.0,1.0,0.5,0.7136205775898136
q_0141,WithoutEntity,1.0,1.0,1.0,1.0,0.6735439182299784
q_0141,WithoutPhrase,0.0,1.0,1.0,0.4166666666666667,0.6686608036118669
q_0141,WithoutText,0.0,1.0,1.0,0.3333333333333333,0.6254336383564085
q_0142,AliasAwareFusion,1.0,1.0,1.0,1.0,0.6735439182299784
q_0142,WithoutEntity,1.0,1.0,1.0,1.0,0.6735439182299784
q_0142,WithoutPhrase,0.0,1.0,1.0,0.3444444444444444,0.34076440434213434
q_0142,WithoutText,0.0,1.0,1.0,0.3333333333333333,0.3350393503925007
q_0143,AliasAwareFusion,1.0,1.0,1.0,1.0,0.6735439182299784
q_0143,WithoutEntity,0.0,1.0,1.0,0.5,0.5366284793039741
q_0143,WithoutPhrase,1.0,1.0,1.0,1.0,0.6735439182299784
q_0143,WithoutText,1.0,1.0,1.0,1.0,0.6735439182299784
q_0144,AliasAwareFusion,1.0,1.0,1.0,1.0,0.8178747578506881
q_0144,WithoutEntity,1.0,1.0,1.0,1.0,0.8178747578506881
q_0144,WithoutPhrase,1.0,1.0,1.0,1.0,0.8178747578506881
q_0144,WithoutText,0.0,1.0,1.0,0.3333333333333333,0.5188972012643011
q_0145,AliasAwareFusion,1.0,1.0,1.0,1.0,1.0
q_0145,WithoutEntity,1.0,1.0,1.0,1.0,1.0
q_0145,WithoutPhrase,1.0,1.0,1.0,1.0,1.0
q_0145,WithoutText,0.0,1.0,1.0,0.5,0.6309297535714575
q_0146,AliasAwareFusion,1.0,1.0,1.0,1.0,0.7871546029909718
q_0146,WithoutEntity,1.0,1.0,1.0,1.0,0.7871546029909718
q_0146,WithoutPhrase,1.0,1.0,1.0,1.0,0.7871546029909718
q_0146,WithoutText,1.0,1.0,1.0,1.0,0.7871546029909718
q_0147,AliasAwareFusion,0.0,1.0,1.0,0.5,0.42495889834839423
q_0147,WithoutEntity,0.0,0.0,1.0,0.1111111111111111,0.2027569227842713
q_0147,WithoutPhrase,0.3333333333333333,1.0,1.0,0.611111111111111,0.4784249252311206
q_0147,WithoutText,0.0,1.0,1.0,0.5,0.42495889834839423
q_0148,AliasAwareFusion,1.0,1.0,1.0,1.0,0.6735439182299784
q_0148,WithoutEntity,1.0,1.0,1.0,1.0,0.6735439182299784
q_0148,WithoutPhrase,1.0,1.0,1.0,1.0,0.6735439182299784
q_0148,WithoutText,1.0,1.0,1.0,1.0,0.6735439182299784
q_0149,AliasAwareFusion,1.0,1.0,1.0,1.0,0.914214040525235
q_0149,WithoutEntity,1.0,1.0,1.0,1.0,1.0
q_0149,WithoutPhrase,1.0,1.0,1.0,1.0,0.9116418606271081
q_0149,WithoutText,1.0,1.0,1.0,1.0,0.7871546029909718
q_0150,AliasAwareFusion,1.0,1.0,1.0,1.0,0.6735439182299784
q_0150,WithoutEntity,1.0,1.0,1.0,1.0,0.6735439182299784
q_0150,WithoutPhrase,1.0,1.0,1.0,1.0,0.6735439182299784
q_0150,WithoutText,1.0,1.0,1.0,1.0,0.6735439182299784
q_0151,AliasAwareFusion,1.0,1.0,1.0,1.0,0.7216541981035484
q_0151,WithoutEntity,0.0,0.0,0.0,0.0,0.2886616792414193
q_0151,WithoutPhrase,1.0,1.0,1.0,1.0,0.6735439182299784
q_0151,WithoutText,1.0,1.0,1.0,1.0,0.6735439182299784
q_0152,AliasAwareFusion,1.0,1.0,1.0,1.0,0.6735439182299784
q_0152,WithoutEntity,1.0,1.0,1.0,1.0,0.6735439182299784
q_0152,WithoutPhrase,1.0,1.0,1.0,1.0,0.6735439182299784
q_0152,WithoutText,1.0,1.0,1.0,1.0,0.6735439182299784
q_0153,AliasAwareFusion,1.0,1.0,1.0,1.0,0.6735439182299784
q_0153,WithoutEntity,0.0,0.0,0.0,0.0,0.1821252421493118
q_0153,WithoutPhrase,1.0,1.0,1.0,1.0,0.6735439182299784
q_0153,WithoutText,1.0,1.0,1.0,1.0,0.6735439182299784
q_0154,AliasAwareFusion,1.0,1.0,1.0,1.0,0.7871546029909718
q_0154,WithoutEntity,1.0,1.0,1.0,1.0,0.7871546029909718
q_0154,WithoutPhrase,1.0,1.0,1.0,1.0,1.0
q_0154,WithoutText,0.0,0.0,0.0,0.0,0.0
q_0155,AliasAwareFusion,0.0,0.0,1.0,0.1428571428571428,0.2245146394099928
q_0155,WithoutEntity,1.0,1.0,1.0,1.0,0.6735439182299784
q_0155,WithoutPhrase,0.0,0.0,0.0,0.0,0.0
q_0155,WithoutText,0.0,0.0,0.0,0.0,0.0
q_0156,AliasAwareFusion,1.0,1.0,1.0,1.0,0.7646065393046344
q_0156,WithoutEntity,1.0,1.0,1.0,1.0,0.7604397422803805
q_0156,WithoutPhrase,1.0,1.0,1.0,1.0,0.6735439182299784
q_0156,WithoutText,0.0,0.0,1.0,0.1428571428571428,0.477664172954043
q_0157,AliasAwareFusion,1.0,1.0,1.0,1.0,0.6735439182299784
q_0157,WithoutEntity,1.0,1.0,1.0,1.0,0.6735439182299784
q_0157,WithoutPhrase,1.0,1.0,1.0,1.0,0.6735439182299784
q_0157,WithoutText,1.0,1.0,1.0,1.0,0.6735439182299784
q_0158,AliasAwareFusion,1.0,1.0,1.0,1.0,0.7871546029909718
q_0158,WithoutEntity,0.0,1.0,1.0,0.5,0.616806456952252
q_0158,WithoutPhrase,0.6666666666666666,1.0,1.0,0.8333333333333334,0.6903161552232254
q_0158,WithoutText,0.0,1.0,1.0,0.5,0.4966392596877323
q_0159,AliasAwareFusion,1.0,1.0,1.0,1.0,0.6735439182299784
q_0159,WithoutEntity,1.0,1.0,1.0,1.0,0.6735439182299784
q_0159,WithoutPhrase,1.0,1.0,1.0,1.0,0.6735439182299784
q_0159,WithoutText,1.0,1.0,1.0,1.0,0.6735439182299784
q_0160,AliasAwareFusion,1.0,1.0,1.0,1.0,0.7871546029909718
q_0160,WithoutEntity,0.0,0.0,1.0,0.1666666666666666,0.280390126950546
q_0160,WithoutPhrase,1.0,1.0,1.0,1.0,0.7871546029909718
q_0160,WithoutText,1.0,1.0,1.0,1.0,0.7871546029909718
q_0161,AliasAwareFusion,1.0,1.0,1.0,1.0,0.6735439182299784
q_0161,WithoutEntity,0.0,0.0,0.0,0.0,0.0
q_0161,WithoutPhrase,1.0,1.0,1.0,1.0,0.6735439182299784
q_0161,WithoutText,1.0,1.0,1.0,1.0,0.6735439182299784
q_0162,AliasAwareFusion,1.0,1.0,1.0,1.0,0.8556691603792904
q_0162,WithoutEntity,0.0,1.0,1.0,0.5,0.5692897379691039
q_0162,WithoutPhrase,0.0,1.0,1.0,0.3333333333333333,0.46109177757836955
q_0162,WithoutText,0.0,0.0,1.0,0.125,0.21247944917419712
q_0163,AliasAwareFusion,0.0,1.0,1.0,0.25,0.3390090350877799
q_0163,WithoutEntity,0.0,1.0,1.0,0.25,0.3390090350877799
q_0163,WithoutPhrase,0.0,1.0,1.0,0.25,0.3390090350877799
q_0163,WithoutText,0.0,1.0,1.0,0.20000000000000004,0.3045129678946485
q_0164,AliasAwareFusion,1.0,1.0,1.0,1.0,0.6735439182299784
q_0164,WithoutEntity,1.0,1.0,1.0,1.0,0.6735439182299784
q_0164,WithoutPhrase,1.0,1.0,1.0,1.0,0.6735439182299784
q_0164,WithoutText,0.0,0.3333333333333333,1.0,0.19206349206349205,0.5610252075592803
q_0165,AliasAwareFusion,1.0,1.0,1.0,1.0,0.8178747578506881
q_0165,WithoutEntity,1.0,1.0,1.0,1.0,0.8556691603792904
q_0165,WithoutPhrase,0.0,1.0,1.0,0.5,0.5366284793039741
q_0165,WithoutText,0.0,1.0,1.0,0.5,0.7136205775898136
q_0166,AliasAwareFusion,1.0,1.0,1.0,1.0,0.7763672830184426
q_0166,WithoutEntity,1.0,1.0,1.0,1.0,0.7697644779771182
q_0166,WithoutPhrase,1.0,1.0,1.0,1.0,0.7719654129908929
q_0166,WithoutText,0.0,0.0,0.0,0.0,0.0
q_0167,AliasAwareFusion,1.0,1.0,1.0,1.0,0.6735439182299784
q_0167,WithoutEntity,1.0,1.0,1.0,1.0,0.6735439182299784
q_0167,WithoutPhrase,1.0,1.0,1.0,1.0,0.6735439182299784
q_0167,WithoutText,1.0,1.0,1.0,1.0,0.6735439182299784
q_0168,AliasAwareFusion,1.0,1.0,1.0,1.0,0.7871546029909718
q_0168,WithoutEntity,1.0,1.0,1.0,1.0,0.7871546029909718
q_0168,WithoutPhrase,1.0,1.0,1.0,1.0,0.7871546029909718
q_0168,WithoutText,1.0,1.0,1.0,1.0,0.7871546029909718
q_0169,AliasAwareFusion,1.0,1.0,1.0,1.0,0.8556691603792904
q_0169,WithoutEntity,1.0,1.0,1.0,1.0,0.8556691603792904
q_0169,WithoutPhrase,1.0,1.0,1.0,1.0,0.8556691603792904
q_0169,WithoutText,0.0,1.0,1.0,0.5,0.5692897379691039
q_0170,AliasAwareFusion,1.0,1.0,1.0,1.0,0.6735439182299784
q_0170,WithoutEntity,1.0,1.0,1.0,1.0,0.6735439182299784
q_0170,WithoutPhrase,0.0,1.0,1.0,0.3333333333333333,0.3367719591149892
q_0170,WithoutText,1.0,1.0,1.0,1.0,0.6735439182299784
q_0171,AliasAwareFusion,1.0,1.0,1.0,1.0,0.7871546029909718
q_0171,WithoutEntity,1.0,1.0,1.0,1.0,0.7871546029909718
q_0171,WithoutPhrase,1.0,1.0,1.0,1.0,0.7871546029909718
q_0171,WithoutText,1.0,1.0,1.0,1.0,0.7871546029909718
q_0172,AliasAwareFusion,1.0,1.0,1.0,1.0,0.6735439182299784
q_0172,WithoutEntity,1.0,1.0,1.0,1.0,0.6735439182299784
q_0172,WithoutPhrase,1.0,1.0,1.0,1.0,0.6735439182299784
q_0172,WithoutText,1.0,1.0,1.0,1.0,0.6735439182299784
q_0173,AliasAwareFusion,0.0,0.0,0.0,0.0,0.0
q_0173,WithoutEntity,0.0,0.0,1.0,0.10000000000000002,0.1946978557406183
q_0173,WithoutPhrase,0.0,0.0,0.0,0.0,0.06103879459918057
q_0173,WithoutText,0.0,0.0,0.0,0.0,0.0
q_0174,AliasAwareFusion,0.0,0.0,0.0,0.0,0.0
q_0174,WithoutEntity,0.0,0.0,0.0,0.0,0.0
q_0174,WithoutPhrase,0.0,0.0,0.0,0.0,0.0
q_0174,WithoutText,0.0,0.6666666666666666,1.0,0.20555555555555557,0.37940736561951005
q_0175,AliasAwareFusion,1.0,1.0,1.0,1.0,0.7871546029909718
q_0175,WithoutEntity,0.0,1.0,1.0,0.25,0.3390090350877799
q_0175,WithoutPhrase,0.0,1.0,1.0,0.5,0.4966392596877323
q_0175,WithoutText,1.0,1.0,1.0,1.0,0.7871546029909718
q_0176,AliasAwareFusion,1.0,1.0,1.0,1.0,0.7646065393046344
q_0176,WithoutEntity,1.0,1.0,1.0,1.0,0.6735439182299784
q_0176,WithoutPhrase,1.0,1.0,1.0,1.0,0.6735439182299784
q_0176,WithoutText,1.0,1.0,1.0,1.0,0.8178747578506881
q_0177,AliasAwareFusion,1.0,1.0,1.0,1.0,0.7871546029909718
q_0177,WithoutEntity,1.0,1.0,1.0,1.0,0.7871546029909718
q_0177,WithoutPhrase,1.0,1.0,1.0,1.0,0.7871546029909718
q_0177,WithoutText,1.0,1.0,1.0,1.0,0.7871546029909718
q_0178,AliasAwareFusion,0.0,0.0,1.0,0.1666666666666666,0.280390126950546
q_0178,WithoutEntity,0.0,1.0,1.0,0.3333333333333333,0.3935773014954859
q_0178,WithoutPhrase,0.0,0.0,0.0,0.0,0.0
q_0178,WithoutText,1.0,1.0,1.0,1.0,0.7871546029909718
q_0179,AliasAwareFusion,1.0,1.0,1.0,1.0,1.0
q_0179,WithoutEntity,0.0,1.0,1.0,0.25,0.3390090350877799
q_0179,WithoutPhrase,1.0,1.0,1.0,1.0,1.0
q_0179,WithoutText,0.0,1.0,1.0,0.3333333333333333,0.5388668879616774
q_0180,AliasAwareFusion,1.0,1.0,1.0,1.0,0.8556691603792904
q_0180,WithoutEntity,1.0,1.0,1.0,1.0,0.8556691603792904
q_0180,WithoutPhrase,1.0,1.0,1.0,1.0,0.8178747578506881
q_0180,WithoutText,1.0,1.0,1.0,1.0,0.7978637366933587
q_0181,AliasAwareFusion,0.0,1.0,1.0,0.20000000000000004,0.2605623555630197
q_0181,WithoutEntity,0.0,0.0,1.0,0.1428571428571428,0.2245146394099928
q_0181,WithoutPhrase,0.0,1.0,1.0,0.20000000000000004,0.2605623555630197
q_0181,WithoutText,0.0,1.0,1.0,0.5,0.42495889834839423
q_0182,AliasAwareFusion,0.0,1.0,1.0,0.5,0.4966392596877323
q_0182,WithoutEntity,0.0,1.0,1.0,0.5,0.4966392596877323
q_0182,WithoutPhrase,0.0,1.0,1.0,0.5,0.4966392596877323
q_0182,WithoutText,1.0,1.0,1.0,1.0,0.7871546029909718
q_0183,AliasAwareFusion,1.0,1.0,1.0,1.0,1.0
q_0183,WithoutEntity,1.0,1.0,1.0,1.0,0.9324441894571632
q_0183,WithoutPhrase,1.0,1.0,1.0,1.0,1.0
q_0183,WithoutText,1.0,1.0,1.0,1.0,1.0
q_0184,AliasAwareFusion,1.0,1.0,1.0,1.0,0.7871546029909718
q_0184,WithoutEntity,1.0,1.0,1.0,1.0,0.7871546029909718
q_0184,WithoutPhrase,1.0,1.0,1.0,1.0,0.7871546029909718
q_0184,WithoutText,1.0,1.0,1.0,1.0,0.7871546029909718
q_0185,AliasAwareFusion,1.0,1.0,1.0,1.0,0.8178747578506881
q_0185,WithoutEntity,1.0,1.0,1.0,1.0,0.6735439182299784
q_0185,WithoutPhrase,1.0,1.0,1.0,1.0,0.8178747578506881
q_0185,WithoutText,0.0,0.0,1.0,0.125,0.21247944917419712
q_0186,AliasAwareFusion,1.0,1.0,1.0,1.0,0.6735439182299784
q_0186,WithoutEntity,0.0,0.0,0.0,0.0,0.0
q_0186,WithoutPhrase,1.0,1.0,1.0,1.0,0.6735439182299784
q_0186,WithoutText,0.0,1.0,1.0,0.3333333333333333,0.3367719591149892
q_0187,AliasAwareFusion,1.0,1.0,1.0,1.0,0.6735439182299784
q_0187,WithoutEntity,1.0,1.0,1.0,1.0,0.6735439182299784
q_0187,WithoutPhrase,1.0,1.0,1.0,1.0,0.6735439182299784
q_0187,WithoutText,1.0,1.0,1.0,1.0,0.6735439182299784
q_0188,AliasAwareFusion,1.0,1.0,1.0,1.0,0.6735439182299784
q_0188,WithoutEntity,1.0,1.0,1.0,1.0,0.6735439182299784
q_0188,WithoutPhrase,1.0,1.0,1.0,1.0,0.6735439182299784
q_0188,WithoutText,1.0,1.0,1.0,1.0,0.6735439182299784
q_0189,AliasAwareFusion,1.0,1.0,1.0,1.0,0.6735439182299784
q_0189,WithoutEntity,1.0,1.0,1.0,1.0,0.6735439182299784
q_0189,WithoutPhrase,1.0,1.0,1.0,1.0,0.6735439182299784
q_0189,WithoutText,1.0,1.0,1.0,1.0,0.6735439182299784
q_0190,AliasAwareFusion,1.0,1.0,1.0,1.0,0.7871546029909718
q_0190,WithoutEntity,1.0,1.0,1.0,1.0,0.7871546029909718
q_0190,WithoutPhrase,1.0,1.0,1.0,1.0,0.7871546029909718
q_0190,WithoutText,1.0,1.0,1.0,1.0,0.7871546029909718
q_0191,AliasAwareFusion,1.0,1.0,1.0,1.0,0.7871546029909718
q_0191,WithoutEntity,0.0,1.0,1.0,0.20000000000000004,0.3045129678946485
q_0191,WithoutPhrase,1.0,1.0,1.0,1.0,0.7871546029909718
q_0191,WithoutText,0.0,0.0,0.0,0.0,0.0
q_0192,AliasAwareFusion,1.0,1.0,1.0,1.0,0.7871546029909718
q_0192,WithoutEntity,1.0,1.0,1.0,1.0,0.7871546029909718
q_0192,WithoutPhrase,1.0,1.0,1.0,1.0,0.7871546029909718
q_0192,WithoutText,1.0,1.0,1.0,1.0,0.7871546029909718
q_0193,AliasAwareFusion,0.0,1.0,1.0,0.5,0.7136205775898136
q_0193,WithoutEntity,0.0,1.0,1.0,0.5,0.7136205775898136
q_0193,WithoutPhrase,0.0,1.0,1.0,0.5,0.7136205775898136
q_0193,WithoutText,1.0,1.0,1.0,1.0,0.9352760304995122
q_0194,AliasAwareFusion,1.0,1.0,1.0,1.0,0.7871546029909718
q_0194,WithoutEntity,0.0,0.0,1.0,0.1428571428571428,0.2623848676636572
q_0194,WithoutPhrase,1.0,1.0,1.0,1.0,0.7871546029909718
q_0194,WithoutText,0.0,1.0,1.0,0.5,0.4966392596877323
q_0195,AliasAwareFusion,1.0,1.0,1.0,1.0,0.7871546029909718
q_0195,WithoutEntity,1.0,1.0,1.0,1.0,0.7871546029909718
q_0195,WithoutPhrase,1.0,1.0,1.0,1.0,0.7871546029909718
q_0195,WithoutText,0.0,0.0,1.0,0.1666666666666666,0.280390126950546
q_0196,AliasAwareFusion,0.0,0.0,1.0,0.10000000000000002,0.2275387085989112
q_0196,WithoutEntity,0.0,0.0,0.0,0.0,0.21284539700902813
q_0196,WithoutPhrase,0.0,0.0,0.0,0.0,0.0
q_0196,WithoutText,0.0,0.0,0.0,0.0,0.0
q_0197,AliasAwareFusion,0.0,0.0,0.0,0.0,0.0
q_0197,WithoutEntity,0.0,0.0,0.0,0.0,0.0
q_0197,WithoutPhrase,0.0,0.0,0.0,0.0,0.0
q_0197,WithoutText,0.0,1.0,1.0,0.3333333333333333,0.3367719591149892
q_0198,AliasAwareFusion,1.0,1.0,1.0,1.0,0.7978637366933587
q_0198,WithoutEntity,1.0,1.0,1.0,1.0,0.6735439182299784
q_0198,WithoutPhrase,1.0,1.0,1.0,1.0,0.7852134991855584
q_0198,WithoutText,0.0,1.0,1.0,0.5,0.42495889834839423
q_0199,AliasAwareFusion,0.0,1.0,1.0,0.25,0.3390090350877799
q_0199,WithoutEntity,0.0,0.0,1.0,0.1666666666666666,0.280390126950546
q_0199,WithoutPhrase,0.0,1.0,1.0,0.20000000000000004,0.3045129678946485
q_0199,WithoutText,1.0,1.0,1.0,1.0,0.7871546029909718
q_0200,AliasAwareFusion,0.0,1.0,1.0,0.5,0.4966392596877323
q_0200,WithoutEntity,0.0,1.0,1.0,0.3333333333333333,0.3935773014954859
q_0200,WithoutPhrase,0.0,1.0,1.0,0.5,0.4966392596877323
q_0200,WithoutText,0.6666666666666666,1.0,1.0,0.8333333333333334,0.6903161552232252
q_0201,AliasAwareFusion,1.0,1.0,1.0,1.0,0.8556691603792904
q_0201,WithoutEntity,1.0,1.0,1.0,1.0,0.8556691603792904
q_0201,WithoutPhrase,1.0,1.0,1.0,1.0,0.8556691603792904
q_0201,WithoutText,0.3333333333333333,1.0,1.0,0.6666666666666666,0.7609701051863058
q_0202,AliasAwareFusion,0.0,0.0,1.0,0.125,0.21247944917419712
q_0202,WithoutEntity,0.0,0.0,1.0,0.10000000000000002,0.1946978557406183
q_0202,WithoutPhrase,0.0,0.0,1.0,0.1111111111111111,0.2027569227842713
q_0202,WithoutText,0.0,0.0,0.6666666666666666,0.07037037037037037,0.13248492617496319
q_0203,AliasAwareFusion,1.0,1.0,1.0,1.0,0.7871546029909718
q_0203,WithoutEntity,1.0,1.0,1.0,1.0,0.7871546029909718
q_0203,WithoutPhrase,1.0,1.0,1.0,1.0,0.7871546029909718
q_0203,WithoutText,0.0,1.0,1.0,0.5,0.4966392596877323
q_0204,AliasAwareFusion,0.0,1.0,1.0,0.3055555555555555,0.32120783154817745
q_0204,WithoutEntity,0.0,0.0,0.0,0.0,0.0
q_0204,WithoutPhrase,0.0,1.0,1.0,0.3333333333333333,0.3367719591149892
q_0204,WithoutText,0.0,0.0,0.0,0.0,0.0
q_0205,AliasAwareFusion,1.0,1.0,1.0,1.0,0.6735439182299784
q_0205,WithoutEntity,0.0,1.0,1.0,0.3333333333333333,0.6254336383564085
q_0205,WithoutPhrase,0.0,0.3333333333333333,1.0,0.18650793650793648,0.2515051334436544
q_0205,WithoutText,1.0,1.0,1.0,1.0,0.6735439182299784
q_0206,AliasAwareFusion,1.0,1.0,1.0,1.0,0.6735439182299784
q_0206,WithoutEntity,0.0,1.0,1.0,0.5,0.42495889834839423
q_0206,WithoutPhrase,0.0,1.0,1.0,0.3333333333333333,0.3367719591149892
q_0206,WithoutText,0.3333333333333333,1.0,1.0,0.6666666666666666,0.5078205716422556
q_0207,AliasAwareFusion,0.0,1.0,1.0,0.25,0.3390090350877799
q_0207,WithoutEntity,0.0,0.0,0.0,0.0,0.0
q_0207,WithoutPhrase,0.0,0.6666666666666666,1.0,0.21428571428571427,0.3134676459464057
q_0207,WithoutText,0.0,0.0,0.0,0.0,0.0
q_0208,AliasAwareFusion,1.0,1.0,1.0,1.0,0.6735439182299784
q_0208,WithoutEntity,0.0,0.0,1.0,0.1428571428571428,0.2245146394099928
q_0208,WithoutPhrase,1.0,1.0,1.0,1.0,0.6735439182299784
q_0208,WithoutText,1.0,1.0,1.0,1.0,0.6735439182299784
q_0209,AliasAwareFusion,0.0,0.0,0.0,0.0,0.0
q_0209,WithoutEntity,0.0,0.0,0.0,0.0,0.1243198184633803
q_0209,WithoutPhrase,0.0,0.0,0.6666666666666666,0.09259259259259256,0.14755936909689585
q_0209,WithoutText,0.0,1.0,1.0,0.3611111111111111,0.3506034779593124
q_0210,AliasAwareFusion,0.0,1.0,1.0,0.25,0.3390090350877799
q_0210,WithoutEntity,0.0,0.0,0.0,0.0,0.0
q_0210,WithoutPhrase,0.0,1.0,1.0,0.25,0.3390090350877799
q_0210,WithoutText,0.0,0.0,0.0,0.0,0.0
q_0211,AliasAwareFusion,0.0,1.0,1.0,0.5,0.42495889834839423
q_0211,WithoutEntity,0.0,0.0,0.0,0.0,0.0
q_0211,WithoutPhrase,0.0,1.0,1.0,0.3333333333333333,0.3367719591149892
q_0211,WithoutText,0.0,1.0,1.0,0.5,0.42495889834839423
q_0212,AliasAwareFusion,1.0,1.0,1.0,1.0,0.6735439182299784
q_0212,WithoutEntity,0.0,1.0,1.0,0.5,0.42495889834839423
q_0212,WithoutPhrase,1.0,1.0,1.0,1.0,0.6735439182299784
q_0212,WithoutText,1.0,1.0,1.0,1.0,0.6735439182299784
q_0213,AliasAwareFusion,0.0,1.0,1.0,0.20000000000000004,0.2605623555630197
q_0213,WithoutEntity,0.0,0.0,1.0,0.125,0.21247944917419712
q_0213,WithoutPhrase,0.0,1.0,1.0,0.25,0.290079576414554
q_0213,WithoutText,0.0,0.0,0.0,0.0,0.0
q_0214,AliasAwareFusion,1.0,1.0,1.0,1.0,0.7871546029909718
q_0214,WithoutEntity,0.0,1.0,1.0,0.3333333333333333,0.3935773014954859
q_0214,WithoutPhrase,1.0,1.0,1.0,1.0,0.7871546029909718
q_0214,WithoutText,0.0,1.0,1.0,0.5,0.4966392596877323
q_0215,AliasAwareFusion,0.0,1.0,1.0,0.3333333333333333,0.391552443287764
q_0215,WithoutEntity,0.0,0.0,1.0,0.125,0.2483196298438661
q_0215,WithoutPhrase,0.0,0.3333333333333333,1.0,0.16190476190476186,0.2764275677406543
q_0215,WithoutText,0.6666666666666666,1.0,1.0,0.8333333333333334,0.6903161552232254
q_0216,AliasAwareFusion,0.0,0.0,0.3333333333333333,0.041666666666666664,0.0708264830580657
q_0216,WithoutEntity,0.0,0.0,0.0,0.0,0.0
q_0216,WithoutPhrase,0.0,0.0,0.0,0.0,0.0
q_0216,WithoutText,1.0,1.0,1.0,1.0,0.6735439182299784
q_0217,AliasAwareFusion,0.0,1.0,1.0,0.38888888888888884,0.3661676055261242
q_0217,WithoutEntity,0.0,0.0,0.0,0.0,0.0
q_0217,WithoutPhrase,0.0,1.0,1.0,0.4444444444444444,0.39556325193725916
q_0217,WithoutText,0.0,1.0,1.0,0.27777777777777773,0.4836021491064237
q_0218,AliasAwareFusion,0.3333333333333333,1.0,1.0,0.6666666666666666,0.5078205716422556
q_0218,WithoutEntity,0.0,1.0,1.0,0.20000000000000004,0.2605623555630197
q_0218,WithoutPhrase,0.0,0.0,1.0,0.11574074074074074,0.20599776491424657
q_0218,WithoutText,1.0,1.0,1.0,1.0,0.6735439182299784
q_0219,AliasAwareFusion,1.0,1.0,1.0,1.0,0.7871546029909718
q_0219,WithoutEntity,1.0,1.0,1.0,1.0,0.7871546029909718
q_0219,WithoutPhrase,1.0,1.0,1.0,1.0,0.7871546029909718
q_0219,WithoutText,1.0,1.0,1.0,1.0,0.8959727289984817
q_0220,AliasAwareFusion,0.0,1.0,1.0,0.5,0.5366284793039741
q_0220,WithoutEntity,0.0,0.0,0.0,0.0,0.1821252421493118
q_0220,WithoutPhrase,0.0,1.0,1.0,0.3333333333333333,0.42021389728954
q_0220,WithoutText,1.0,1.0,1.0,1.0,0.6735439182299784
q_0221,AliasAwareFusion,1.0,1.0,1.0,1.0,0.7978637366933587
q_0221,WithoutEntity,1.0,1.0,1.0,1.0,0.7763672830184426
q_0221,WithoutPhrase,1.0,1.0,1.0,1.0,0.8556691603792904
q_0221,WithoutText,0.0,1.0,1.0,0.5,0.42495889834839423
q_0222,AliasAwareFusion,0.0,0.0,0.0,0.0,0.0
q_0222,WithoutEntity,0.0,0.0,0.0,0.0,0.0
q_0222,WithoutPhrase,0.0,0.0,0.0,0.0,0.0
q_0222,WithoutText,1.0,1.0,1.0,1.0,0.6735439182299784
q_0223,AliasAwareFusion,1.0,1.0,1.0,1.0,0.7852134991855584
q_0223,WithoutEntity,1.0,1.0,1.0,1.0,0.6735439182299784
q_0223,WithoutPhrase,0.0,1.0,1.0,0.5,0.5692897379691039
q_0223,WithoutText,1.0,1.0,1.0,1.0,0.6735439182299784
q_0224,AliasAwareFusion,1.0,1.0,1.0,1.0,0.8889263577680148
q_0224,WithoutEntity,1.0,1.0,1.0,1.0,0.7852134991855584
q_0224,WithoutPhrase,1.0,1.0,1.0,1.0,0.9540906551402047
q_0224,WithoutText,1.0,1.0,1.0,1.0,0.6735439182299784
q_0225,AliasAwareFusion,1.0,1.0,1.0,1.0,0.7871546029909718
q_0225,WithoutEntity,0.0,1.0,1.0,0.5,0.4966392596877323
q_0225,WithoutPhrase,1.0,1.0,1.0,1.0,0.7871546029909718
q_0225,WithoutText,1.0,1.0,1.0,1.0,0.7871546029909718
q_0226,AliasAwareFusion,1.0,1.0,1.0,1.0,0.7871546029909718
q_0226,WithoutEntity,0.0,1.0,1.0,0.3333333333333333,0.3935773014954859
q_0226,WithoutPhrase,0.0,1.0,1.0,0.5,0.4966392596877323
q_0226,WithoutText,0.0,1.0,1.0,0.5,0.4966392596877323
q_0227,AliasAwareFusion,1.0,1.0,1.0,1.0,0.914095317597828
q_0227,WithoutEntity,1.0,1.0,1.0,1.0,0.9095333176489385
q_0227,WithoutPhrase,1.0,1.0,1.0,1.0,0.8178747578506881
q_0227,WithoutText,0.0,1.0,1.0,0.5,0.6603523590437599
q_0228,AliasAwareFusion,1.0,1.0,1.0,1.0,0.8178747578506881
q_0228,WithoutEntity,1.0,1.0,1.0,1.0,0.7978637366933587
q_0228,WithoutPhrase,1.0,1.0,1.0,1.0,0.8178747578506881
q_0228,WithoutText,0.0,1.0,1.0,0.5,0.5692897379691039
q_0229,AliasAwareFusion,1.0,1.0,1.0,1.0,0.7978637366933587
q_0229,WithoutEntity,0.0,1.0,1.0,0.20000000000000004,0.2605623555630197
q_0229,WithoutPhrase,1.0,1.0,1.0,1.0,0.7978637366933587
q_0229,WithoutText,1.0,1.0,1.0,1.0,0.8178747578506881
q_0230,AliasAwareFusion,1.0,1.0,1.0,1.0,0.6735439182299784
q_0230,WithoutEntity,1.0,1.0,1.0,1.0,0.6735439182299784
q_0230,WithoutPhrase,1.0,1.0,1.0,1.0,0.6735439182299784
q_0230,WithoutText,1.0,1.0,1.0,1.0,0.6735439182299784
q_0231,AliasAwareFusion,1.0,1.0,1.0,1.0,0.7871546029909718
q_0231,WithoutEntity,0.0,0.0,0.0,0.0,0.0
q_0231,WithoutPhrase,1.0,1.0,1.0,1.0,0.7871546029909718
q_0231,WithoutText,0.0,0.0,0.3333333333333333,0.03333333333333333,0.07584623619963707
q_0232,AliasAwareFusion,0.0,1.0,1.0,0.5,0.42495889834839423
q_0232,WithoutEntity,0.0,1.0,1.0,0.5,0.42495889834839423
q_0232,WithoutPhrase,0.0,1.0,1.0,0.5,0.42495889834839423
q_0232,WithoutText,0.0,1.0,1.0,0.21666666666666667,0.27040142918019777
q_0233,AliasAwareFusion,1.0,1.0,1.0,1.0,0.975772233006737
q_0233,WithoutEntity,1.0,1.0,1.0,1.0,0.8556691603792904
q_0233,WithoutPhrase,1.0,1.0,1.0,1.0,0.9799889788426704
q_0233,WithoutText,1.0,1.0,1.0,1.0,0.9545722772631516
q_0234,AliasAwareFusion,1.0,1.0,1.0,1.0,0.7871546029909718
q_0234,WithoutEntity,1.0,1.0,1.0,1.0,0.7871546029909718
q_0234,WithoutPhrase,1.0,1.0,1.0,1.0,0.7871546029909718
q_0234,WithoutText,1.0,1.0,1.0,1.0,0.7871546029909718
q_0235,AliasAwareFusion,1.0,1.0,1.0,1.0,0.7604397422803805
q_0235,WithoutEntity,1.0,1.0,1.0,1.0,0.6735439182299784
q_0235,WithoutPhrase,1.0,1.0,1.0,1.0,0.7697644779771182
q_0235,WithoutText,0.0,1.0,1.0,0.3055555555555555,0.32120783154817745
q_0236,AliasAwareFusion,1.0,1.0,1.0,1.0,0.7871546029909718
q_0236,WithoutEntity,0.0,1.0,1.0,0.20000000000000004,0.3045129678946485
q_0236,WithoutPhrase,1.0,1.0,1.0,1.0,0.7871546029909718
q_0236,WithoutText,0.0,0.0,0.0,0.0,0.0
q_0237,AliasAwareFusion,0.0,1.0,1.0,0.5,0.4966392596877323
q_0237,WithoutEntity,0.0,1.0,1.0,0.5,0.4966392596877323
q_0237,WithoutPhrase,0.0,1.0,1.0,0.5,0.4966392596877323
q_0237,WithoutText,0.0,1.0,1.0,0.5,0.4966392596877323
q_0238,AliasAwareFusion,1.0,1.0,1.0,1.0,1.0
q_0238,WithoutEntity,1.0,1.0,1.0,1.0,1.0
q_0238,WithoutPhrase,1.0,1.0,1.0,1.0,1.0
q_0238,WithoutText,1.0,1.0,1.0,1.0,1.0
q_0239,AliasAwareFusion,1.0,1.0,1.0,1.0,0.9414136891377417
q_0239,WithoutEntity,1.0,1.0,1.0,1.0,0.8556691603792904
q_0239,WithoutPhrase,1.0,1.0,1.0,1.0,0.8556691603792904
q_0239,WithoutText,1.0,1.0,1.0,1.0,0.9673387413348701
q_0240,AliasAwareFusion,1.0,1.0,1.0,1.0,0.6735439182299784
q_0240,WithoutEntity,1.0,1.0,1.0,1.0,0.6735439182299784
q_0240,WithoutPhrase,1.0,1.0,1.0,1.0,0.6735439182299784
q_0240,WithoutText,1.0,1.0,1.0,1.0,0.6735439182299784
q_0241,AliasAwareFusion,0.0,0.0,0.0,0.0,0.0
q_0241,WithoutEntity,0.0,0.0,0.0,0.0,0.0
q_0241,WithoutPhrase,0.0,0.0,0.0,0.0,0.0
q_0241,WithoutText,0.0,0.0,0.0,0.0,0.0
q_0242,AliasAwareFusion,0.0,1.0,1.0,0.3333333333333333,0.3367719591149892
q_0242,WithoutEntity,0.0,0.0,1.0,0.1111111111111111,0.2027569227842713
q_0242,WithoutPhrase,0.0,0.0,1.0,0.1666666666666666,0.2399211845064163
q_0242,WithoutText,1.0,1.0,1.0,1.0,0.6735439182299784
q_0243,AliasAwareFusion,1.0,1.0,1.0,1.0,0.7871546029909718
q_0243,WithoutEntity,1.0,1.0,1.0,1.0,0.7871546029909718
q_0243,WithoutPhrase,1.0,1.0,1.0,1.0,0.7871546029909718
q_0243,WithoutText,0.0,1.0,1.0,0.5,0.4966392596877323
q_0244,AliasAwareFusion,1.0,1.0,1.0,1.0,0.7871546029909718
q_0244,WithoutEntity,1.0,1.0,1.0,1.0,0.7871546029909718
q_0244,WithoutPhrase,1.0,1.0,1.0,1.0,0.7871546029909718
q_0244,WithoutText,0.0,1.0,1.0,0.5,0.4966392596877323
q_0245,AliasAwareFusion,1.0,1.0,1.0,1.0,0.6735439182299784
q_0245,WithoutEntity,1.0,1.0,1.0,1.0,0.6735439182299784
q_0245,WithoutPhrase,1.0,1.0,1.0,1.0,0.6735439182299784
q_0245,WithoutText,1.0,1.0,1.0,1.0,0.6735439182299784
q_0246,AliasAwareFusion,0.0,0.0,1.0,0.1428571428571428,0.2623848676636572
q_0246,WithoutEntity,0.0,0.0,0.0,0.0,0.0
q_0246,WithoutPhrase,0.0,0.0,1.0,0.1666666666666666,0.280390126950546
q_0246,WithoutText,0.0,0.0,0.0,0.0,0.0
q_0247,AliasAwareFusion,0.0,1.0,1.0,0.25,0.3390090350877799
q_0247,WithoutEntity,0.0,1.0,1.0,0.5,0.4966392596877323
q_0247,WithoutPhrase,0.0,1.0,1.0,0.25,0.3390090350877799
q_0247,WithoutText,0.0,0.6666666666666666,1.0,0.18888888888888888,0.296472020913281
q_0248,AliasAwareFusion,0.0,0.6666666666666666,1.0,0.3055555555555555,0.3486740934480068
q_0248,WithoutEntity,1.0,1.0,1.0,1.0,0.6735439182299784
q_0248,WithoutPhrase,0.0,0.0,0.6666666666666666,0.06666666666666667,0.22429981735005736
q_0248,WithoutText,0.0,0.0,0.0,0.0,0.06634797484520126
q_0249,AliasAwareFusion,0.0,1.0,1.0,0.3333333333333333,0.6254336383564085
q_0249,WithoutEntity,0.0,0.0,1.0,0.125,0.3153028139626612
q_0249,WithoutPhrase,0.0,1.0,1.0,0.5,0.7136205775898136
q_0249,WithoutText,0.0,0.0,0.0,0.0,0.0
q_0250,AliasAwareFusion,1.0,1.0,1.0,1.0,0.6735439182299784
q_0250,WithoutEntity,0.0,0.0,1.0,0.1666666666666666,0.2399211845064163
q_0250,WithoutPhrase,0.0,1.0,1.0,0.5,0.42495889834839423
q_0250,WithoutText,1.0,1.0,1.0,1.0,0.6735439182299784
q_0251,AliasAwareFusion,1.0,1.0,1.0,1.0,0.7871546029909718
q_0251,WithoutEntity,1.0,1.0,1.0,1.0,0.7871546029909718
q_0251,WithoutPhrase,1.0,1.0,1.0,1.0,0.9225881702591257
q_0251,WithoutText,0.3333333333333333,1.0,1.0,0.6666666666666666,0.5934777074554788
q_0252,AliasAwareFusion,1.0,1.0,1.0,1.0,0.7871546029909718
q_0252,WithoutEntity,1.0,1.0,1.0,1.0,0.7871546029909718
q_0252,WithoutPhrase,1.0,1.0,1.0,1.0,0.7871546029909718
q_0252,WithoutText,1.0,1.0,1.0,1.0,0.7871546029909718
q_0253,AliasAwareFusion,1.0,1.0,1.0,1.0,0.7871546029909718
q_0253,WithoutEntity,1.0,1.0,1.0,1.0,0.8935773014954859
q_0253,WithoutPhrase,1.0,1.0,1.0,1.0,0.7871546029909718
q_0253,WithoutText,1.0,1.0,1.0,1.0,0.7871546029909718
q_0254,AliasAwareFusion,1.0,1.0,1.0,1.0,0.7763672830184426
q_0254,WithoutEntity,1.0,1.0,1.0,1.0,0.7763672830184426
q_0254,WithoutPhrase,1.0,1.0,1.0,1.0,0.7697644779771182
q_0254,WithoutText,0.0,0.0,0.0,0.0,0.0
q_0255,AliasAwareFusion,0.0,0.0,0.0,0.0,0.0
q_0255,WithoutEntity,0.0,0.0,0.0,0.0,0.0
q_0255,WithoutPhrase,0.0,0.0,0.0,0.0,0.0
q_0255,WithoutText,0.0,0.0,0.0,0.0,0.0
q_0256,AliasAwareFusion,0.0,0.0,0.0,0.0,0.0
q_0256,WithoutEntity,0.0,0.0,0.0,0.0,0.0
q_0256,WithoutPhrase,0.0,0.0,0.0,0.0,0.0
q_0256,WithoutText,0.0,0.0,0.0,0.0,0.0
q_0257,AliasAwareFusion,1.0,1.0,1.0,1.0,0.7871546029909718
q_0257,WithoutEntity,1.0,1.0,1.0,1.0,0.7871546029909718
q_0257,WithoutPhrase,1.0,1.0,1.0,1.0,0.7871546029909718
q_0257,WithoutText,1.0,1.0,1.0,1.0,0.7871546029909718
q_0258,AliasAwareFusion,1.0,1.0,1.0,1.0,0.8556691603792904
q_0258,WithoutEntity,1.0,1.0,1.0,1.0,0.8556691603792904
q_0258,WithoutPhrase,0.0,1.0,1.0,0.5,0.7136205775898136
q_0258,WithoutText,1.0,1.0,1.0,1.0,0.7852134991855584
q_0259,AliasAwareFusion,1.0,1.0,1.0,1.0,0.7871546029909718
q_0259,WithoutEntity,1.0,1.0,1.0,1.0,0.7871546029909718
q_0259,WithoutPhrase,1.0,1.0,1.0,1.0,0.7871546029909718
q_0259,WithoutText,1.0,1.0,1.0,1.0,0.7871546029909718
q_0260,AliasAwareFusion,1.0,1.0,1.0,1.0,0.6735439182299784
q_0260,WithoutEntity,1.0,1.0,1.0,1.0,0.7978637366933587
q_0260,WithoutPhrase,1.0,1.0,1.0,1.0,0.6735439182299784
q_0260,WithoutText,0.0,0.3333333333333333,1.0,0.17777777777777773,0.24680157485861742
q_0261,AliasAwareFusion,1.0,1.0,1.0,1.0,0.6735439182299784
q_0261,WithoutEntity,0.0,0.0,1.0,0.1428571428571428,0.2245146394099928
q_0261,WithoutPhrase,1.0,1.0,1.0,1.0,0.6735439182299784
q_0261,WithoutText,0.0,0.0,0.0,0.0,0.0
q_0262,AliasAwareFusion,1.0,1.0,1.0,1.0,0.7871546029909718
q_0262,WithoutEntity,1.0,1.0,1.0,1.0,0.7871546029909718
q_0262,WithoutPhrase,1.0,1.0,1.0,1.0,0.7871546029909718
q_0262,WithoutText,1.0,1.0,1.0,1.0,0.7871546029909718
q_0263,AliasAwareFusion,0.0,0.0,1.0,0.13095238095238093,0.21649117925279568
q_0263,WithoutEntity,0.0,0.0,0.0,0.0,0.0
q_0263,WithoutPhrase,0.0,0.0,1.0,0.13690476190476186,0.22050290933139424
q_0263,WithoutText,0.0,0.0,0.0,0.0,0.0
q_0264,AliasAwareFusion,0.0,1.0,1.0,0.5,0.42495889834839423
q_0264,WithoutEntity,0.0,0.0,1.0,0.1666666666666666,0.2399211845064163
q_0264,WithoutPhrase,0.0,1.0,1.0,0.5,0.42495889834839423
q_0264,WithoutText,0.0,0.0,0.0,0.0,0.0
q_0265,AliasAwareFusion,1.0,1.0,1.0,1.0,0.7871546029909718
q_0265,WithoutEntity,1.0,1.0,1.0,1.0,0.7871546029909718
q_0265,WithoutPhrase,1.0,1.0,1.0,1.0,0.7871546029909718
q_0265,WithoutText,1.0,1.0,1.0,1.0,0.7871546029909718
q_0266,AliasAwareFusion,0.0,0.0,1.0,0.1074074074074074,0.488732246344473
q_0266,WithoutEntity,0.0,0.0,1.0,0.1666666666666666,0.42204642665572817
q_0266,WithoutPhrase,0.0,0.0,0.0,0.0,0.2886616792414193
q_0266,WithoutText,0.0,0.3333333333333333,1.0,0.14537037037037037,0.349586060970543
q_0267,AliasAwareFusion,0.0,0.0,0.0,0.0,0.0
q_0267,WithoutEntity,0.0,0.0,0.0,0.0,0.0
q_0267,WithoutPhrase,0.0,0.0,1.0,0.11574074074074074,0.20599776491424657
q_0267,WithoutText,0.0,0.0,0.0,0.0,0.0
q_0268,AliasAwareFusion,1.0,1.0,1.0,1.0,0.6735439182299784
q_0268,WithoutEntity,1.0,1.0,1.0,1.0,0.6735439182299784
q_0268,WithoutPhrase,1.0,1.0,1.0,1.0,0.6735439182299784
q_0268,WithoutText,1.0,1.0,1.0,1.0,0.6735439182299784
q_0269,AliasAwareFusion,1.0,1.0,1.0,1.0,0.7871546029909718
q_0269,WithoutEntity,0.0,1.0,1.0,0.5,0.4966392596877323
q_0269,WithoutPhrase,1.0,1.0,1.0,1.0,0.7871546029909718
q_0269,WithoutText,0.0,1.0,1.0,0.5,0.4966392596877323
q_0270,AliasAwareFusion,1.0,1.0,1.0,1.0,0.7871546029909718
q_0270,WithoutEntity,0.0,1.0,1.0,0.5,0.4966392596877323
q_0270,WithoutPhrase,1.0,1.0,1.0,1.0,0.7871546029909718
q_0270,WithoutText,1.0,1.0,1.0,1.0,0.7871546029909718
q_0271,AliasAwareFusion,1.0,1.0,1.0,1.0,0.6735439182299784
q_0271,WithoutEntity,1.0,1.0,1.0,1.0,0.6735439182299784
q_0271,WithoutPhrase,1.0,1.0,1.0,1.0,0.6735439182299784
q_0271,WithoutText,0.0,1.0,1.0,0.25,0.290079576414554
q_0272,AliasAwareFusion,1.0,1.0,1.0,1.0,1.0
q_0272,WithoutEntity,1.0,1.0,1.0,1.0,1.0
q_0272,WithoutPhrase,1.0,1.0,1.0,1.0,1.0
q_0272,WithoutText,1.0,1.0,1.0,1.0,1.0
q_0273,AliasAwareFusion,1.0,1.0,1.0,1.0,0.9176601606601068
q_0273,WithoutEntity,1.0,1.0,1.0,1.0,0.95583058934618
q_0273,WithoutPhrase,1.0,1.0,1.0,1.0,0.8935773014954859
q_0273,WithoutText,1.0,1.0,1.0,1.0,0.7871546029909718
q_0274,AliasAwareFusion,1.0,1.0,1.0,1.0,0.7697644779771182
q_0274,WithoutEntity,1.0,1.0,1.0,1.0,0.8556691603792904
q_0274,WithoutPhrase,1.0,1.0,1.0,1.0,0.6735439182299784
q_0274,WithoutText,1.0,1.0,1.0,1.0,0.7697644779771182
q_0275,AliasAwareFusion,1.0,1.0,1.0,1.0,0.7871546029909718
q_0275,WithoutEntity,1.0,1.0,1.0,1.0,0.7871546029909718
q_0275,WithoutPhrase,1.0,1.0,1.0,1.0,0.7871546029909718
q_0275,WithoutText,1.0,1.0,1.0,1.0,0.7871546029909718
q_0276,AliasAwareFusion,1.0,1.0,1.0,1.0,0.7871546029909718
q_0276,WithoutEntity,0.0,0.0,0.0,0.0,0.0
q_0276,WithoutPhrase,1.0,1.0,1.0,1.0,0.7871546029909718
q_0276,WithoutText,0.0,1.0,1.0,0.5,0.4966392596877323
q_0277,AliasAwareFusion,0.0,0.0,0.0,0.0,0.0
q_0277,WithoutEntity,0.0,0.0,0.0,0.0,0.0
q_0277,WithoutPhrase,0.0,0.0,0.0,0.0,0.0
q_0277,WithoutText,0.0,0.0,0.6666666666666666,0.08095238095238093,0.1633078587541895
q_0278,AliasAwareFusion,0.0,0.0,1.0,0.1428571428571428,0.2245146394099928
q_0278,WithoutEntity,0.0,1.0,1.0,0.5,0.42495889834839423
q_0278,WithoutPhrase,0.0,0.0,0.6666666666666666,0.0787037037037037,0.13841212398615613
q_0278,WithoutText,0.0,0.0,0.0,0.0,0.0
q_0279,AliasAwareFusion,1.0,1.0,1.0,1.0,0.6735439182299784
q_0279,WithoutEntity,1.0,1.0,1.0,1.0,0.6735439182299784
q_0279,WithoutPhrase,1.0,1.0,1.0,1.0,0.6735439182299784
q_0279,WithoutText,1.0,1.0,1.0,1.0,0.6735439182299784
q_0280,AliasAwareFusion,1.0,1.0,1.0,1.0,0.7871546029909718
q_0280,WithoutEntity,1.0,1.0,1.0,1.0,0.7871546029909718
q_0280,WithoutPhrase,1.0,1.0,1.0,1.0,0.7871546029909718
q_0280,WithoutText,0.0,0.0,0.0,0.0,0.0
q_0281,AliasAwareFusion,0.0,0.0,1.0,0.11203703703703705,0.2033114092330289
q_0281,WithoutEntity,0.0,0.0,0.0,0.0,0.0
q_0281,WithoutPhrase,0.0,1.0,1.0,0.3333333333333333,0.3367719591149892
q_0281,WithoutText,0.0,0.0,1.0,0.10000000000000002,0.1946978557406183
q_0282,AliasAwareFusion,1.0,1.0,1.0,1.0,0.7871546029909718
q_0282,WithoutEntity,1.0,1.0,1.0,1.0,0.7871546029909718
q_0282,WithoutPhrase,1.0,1.0,1.0,1.0,0.7871546029909718
q_0282,WithoutText,1.0,1.0,1.0,1.0,0.7871546029909718
q_0283,AliasAwareFusion,1.0,1.0,1.0,1.0,0.6735439182299784
q_0283,WithoutEntity,1.0,1.0,1.0,1.0,0.6735439182299784
q_0283,WithoutPhrase,0.6666666666666666,0.6666666666666666,1.0,0.7222222222222222,0.5290030069887911
q_0283,WithoutText,0.0,1.0,1.0,0.5,0.42495889834839423
q_0284,AliasAwareFusion,1.0,1.0,1.0,1.0,0.7871546029909718
q_0284,WithoutEntity,1.0,1.0,1.0,1.0,0.7871546029909718
q_0284,WithoutPhrase,1.0,1.0,1.0,1.0,0.7871546029909718
q_0284,WithoutText,1.0,1.0,1.0,1.0,0.7871546029909718
q_0285,AliasAwareFusion,1.0,1.0,1.0,1.0,0.9643900026124981
q_0285,WithoutEntity,1.0,1.0,1.0,1.0,0.9799889788426704
q_0285,WithoutPhrase,1.0,1.0,1.0,1.0,0.9799889788426704
q_0285,WithoutText,1.0,1.0,1.0,1.0,0.6735439182299784
q_0286,AliasAwareFusion,1.0,1.0,1.0,1.0,0.7871546029909718
q_0286,WithoutEntity,1.0,1.0,1.0,1.0,0.7871546029909718
q_0286,WithoutPhrase,1.0,1.0,1.0,1.0,0.7871546029909718
q_0286,WithoutText,1.0,1.0,1.0,1.0,0.7871546029909718
q_0287,AliasAwareFusion,1.0,1.0,1.0,1.0,0.6735439182299784
q_0287,WithoutEntity,1.0,1.0,1.0,1.0,0.6735439182299784
q_0287,WithoutPhrase,1.0,1.0,1.0,1.0,0.6735439182299784
q_0287,WithoutText,0.0,1.0,1.0,0.5,0.42495889834839423
q_0288,AliasAwareFusion,0.0,1.0,1.0,0.5,0.42495889834839423
q_0288,WithoutEntity,0.0,0.0,0.0,0.0,0.0
q_0288,WithoutPhrase,0.0,1.0,1.0,0.38888888888888884,0.3661676055261242
q_0288,WithoutText,0.0,1.0,1.0,0.3333333333333333,0.3367719591149892
q_0289,AliasAwareFusion,0.3333333333333333,1.0,1.0,0.6666666666666666,0.5934777074554788
q_0289,WithoutEntity,0.0,0.0,0.0,0.0,0.0
q_0289,WithoutPhrase,0.3333333333333333,1.0,1.0,0.6666666666666666,0.5934777074554788
q_0289,WithoutText,0.0,1.0,1.0,0.3055555555555555,0.3753878793595839
q_0290,AliasAwareFusion,1.0,1.0,1.0,1.0,0.6735439182299784
q_0290,WithoutEntity,1.0,1.0,1.0,1.0,0.6735439182299784
q_0290,WithoutPhrase,1.0,1.0,1.0,1.0,0.6735439182299784
q_0290,WithoutText,1.0,1.0,1.0,1.0,0.6735439182299784
q_0291,AliasAwareFusion,1.0,1.0,1.0,1.0,0.7604397422803805
q_0291,WithoutEntity,0.0,1.0,1.0,0.3333333333333333,0.3367719591149892
q_0291,WithoutPhrase,1.0,1.0,1.0,1.0,0.7317121046463807
q_0291,WithoutText,0.0,1.0,1.0,0.5,0.5692897379691039
q_0292,AliasAwareFusion,1.0,1.0,1.0,1.0,0.8556691603792904
q_0292,WithoutEntity,1.0,1.0,1.0,1.0,0.7697644779771182
q_0292,WithoutPhrase,1.0,1.0,1.0,1.0,0.8556691603792904
q_0292,WithoutText,1.0,1.0,1.0,1.0,0.8178747578506881
q_0293,AliasAwareFusion,0.0,1.0,1.0,0.5,0.42495889834839423
q_0293,WithoutEntity,0.0,1.0,1.0,0.25,0.290079576414554
q_0293,WithoutPhrase,0.0,1.0,1.0,0.5,0.42495889834839423
q_0293,WithoutText,1.0,1.0,1.0,1.0,0.6735439182299784
q_0294,AliasAwareFusion,1.0,1.0,1.0,1.0,0.7871546029909718
q_0294,WithoutEntity,1.0,1.0,1.0,1.0,0.7871546029909718
q_0294,WithoutPhrase,1.0,1.0,1.0,1.0,0.7871546029909718
q_0294,WithoutText,1.0,1.0,1.0,1.0,0.7871546029909718
q_0295,AliasAwareFusion,1.0,1.0,1.0,1.0,0.7871546029909718
q_0295,WithoutEntity,0.0,1.0,1.0,0.20000000000000004,0.3045129678946485
q_0295,WithoutPhrase,1.0,1.0,1.0,1.0,0.7871546029909718
q_0295,WithoutText,1.0,1.0,1.0,1.0,0.7871546029909718
q_0296,AliasAwareFusion,0.0,1.0,1.0,0.20000000000000004,0.4338584698671967
q_0296,WithoutEntity,0.0,0.0,0.0,0.0,0.0
q_0296,WithoutPhrase,0.0,1.0,1.0,0.20000000000000004,0.38488217402639996
q_0296,WithoutText,1.0,1.0,1.0,1.0,0.899035323935447
q_0297,AliasAwareFusion,0.0,1.0,1.0,0.25,0.6077065303394407
q_0297,WithoutEntity,0.0,0.0,0.0,0.0,0.2886616792414193
q_0297,WithoutPhrase,0.0,1.0,1.0,0.25,0.5787412556559733
q_0297,WithoutText,0.0,0.0,1.0,0.125,0.6128107093711963
q_0298,AliasAwareFusion,1.0,1.0,1.0,1.0,0.8556691603792904
q_0298,WithoutEntity,1.0,1.0,1.0,1.0,0.7646065393046344
q_0298,WithoutPhrase,1.0,1.0,1.0,1.0,0.8556691603792904
q_0298,WithoutText,1.0,1.0,1.0,1.0,0.8178747578506881
q_0299,AliasAwareFusion,0.0,1.0,1.0,0.5,0.4966392596877323
q_0299,WithoutEntity,0.0,0.0,0.0,0.0,0.0
q_0299,WithoutPhrase,1.0,1.0,1.0,1.0,0.7871546029909718
q_0299,WithoutText,0.0,0.0,0.0,0.0,0.0
q_0300,AliasAwareFusion,1.0,1.0,1.0,1.0,0.7871546029909718
q_0300,WithoutEntity,1.0,1.0,1.0,1.0,0.7871546029909718
q_0300,WithoutPhrase,1.0,1.0,1.0,1.0,0.7871546029909718
q_0300,WithoutText,1.0,1.0,1.0,1.0,0.7871546029909718
q_0301,AliasAwareFusion,1.0,1.0,1.0,1.0,0.7013578976214955
q_0301,WithoutEntity,1.0,1.0,1.0,1.0,0.6735439182299784
q_0301,WithoutPhrase,1.0,1.0,1.0,1.0,0.7569858564045292
q_0301,WithoutText,1.0,1.0,1.0,1.0,0.6735439182299784
q_0302,AliasAwareFusion,0.0,1.0,1.0,0.2888888888888889,0.3113687579309994
q_0302,WithoutEntity,1.0,1.0,1.0,1.0,0.6735439182299784
q_0302,WithoutPhrase,0.0,0.3333333333333333,0.6666666666666666,0.11428571428571427,0.16169233165767086
q_0302,WithoutText,0.0,0.0,0.0,0.0,0.0
q_0303,AliasAwareFusion,0.0,1.0,1.0,0.4444444444444444,0.39556325193725916
q_0303,WithoutEntity,0.0,0.0,0.0,0.0,0.0
q_0303,WithoutPhrase,0.0,0.6666666666666666,1.0,0.32539682539682535,0.32874849895779207
q_0303,WithoutText,0.0,1.0,1.0,0.25,0.3929029412030181
q_0304,AliasAwareFusion,0.0,0.0,0.0,0.0,0.0
q_0304,WithoutEntity,0.0,0.0,0.0,0.0,0.0
q_0304,WithoutPhrase,0.0,0.0,0.0,0.0,0.0
q_0304,WithoutText,0.0,0.0,0.0,0.0,0.0
q_0305,AliasAwareFusion,1.0,1.0,1.0,1.0,0.6735439182299784
q_0305,WithoutEntity,1.0,1.0,1.0,1.0,0.6735439182299784
q_0305,WithoutPhrase,1.0,1.0,1.0,1.0,0.6735439182299784
q_0305,WithoutText,1.0,1.0,1.0,1.0,0.6735439182299784
q_0306,AliasAwareFusion,1.0,1.0,1.0,1.0,0.6735439182299784
q_0306,WithoutEntity,1.0,1.0,1.0,1.0,0.6735439182299784
q_0306,WithoutPhrase,1.0,1.0,1.0,1.0,0.6735439182299784
q_0306,WithoutText,0.0,0.0,0.0,0.0,0.0
q_0307,AliasAwareFusion,1.0,1.0,1.0,1.0,0.6735439182299784
q_0307,WithoutEntity,1.0,1.0,1.0,1.0,0.6735439182299784
q_0307,WithoutPhrase,1.0,1.0,1.0,1.0,0.6735439182299784
q_0307,WithoutText,1.0,1.0,1.0,1.0,0.6735439182299784
q_0308,AliasAwareFusion,1.0,1.0,1.0,1.0,0.6735439182299784
q_0308,WithoutEntity,1.0,1.0,1.0,1.0,0.7852134991855584
q_0308,WithoutPhrase,1.0,1.0,1.0,1.0,0.6735439182299784
q_0308,WithoutText,1.0,1.0,1.0,1.0,0.6735439182299784
q_0309,AliasAwareFusion,0.0,0.0,1.0,0.13425925925925922,0.21838585215496156
q_0309,WithoutEntity,0.0,0.0,0.0,0.0,0.0
q_0309,WithoutPhrase,0.0,1.0,1.0,0.3055555555555555,0.32120783154817745
q_0309,WithoutText,0.0,0.0,0.0,0.0,0.0
q_0310,AliasAwareFusion,1.0,1.0,1.0,1.0,0.9278636071974576
q_0310,WithoutEntity,1.0,1.0,1.0,1.0,0.7697644779771182
q_0310,WithoutPhrase,1.0,1.0,1.0,1.0,0.9421945763140686
q_0310,WithoutText,1.0,1.0,1.0,1.0,0.7793160217408145
q_0311,AliasAwareFusion,0.0,0.0,0.0,0.0,0.0
q_0311,WithoutEntity,0.0,0.0,0.0,0.0,0.0
q_0311,WithoutPhrase,0.0,0.0,0.0,0.0,0.0
q_0311,WithoutText,0.0,0.0,0.0,0.0,0.0
q_0312,AliasAwareFusion,1.0,1.0,1.0,1.0,0.7871546029909718
q_0312,WithoutEntity,1.0,1.0,1.0,1.0,0.7871546029909718
q_0312,WithoutPhrase,1.0,1.0,1.0,1.0,0.7871546029909718
q_0312,WithoutText,1.0,1.0,1.0,1.0,0.7871546029909718
q_0313,AliasAwareFusion,0.0,0.0,1.0,0.1428571428571428,0.2245146394099928
q_0313,WithoutEntity,0.0,0.0,0.0,0.0,0.0
q_0313,WithoutPhrase,0.0,0.0,1.0,0.125,0.21247944917419712
q_0313,WithoutText,0.0,0.0,0.0,0.0,0.0
q_0314,AliasAwareFusion,1.0,1.0,1.0,1.0,0.6735439182299784
q_0314,WithoutEntity,0.0,0.0,1.0,0.1111111111111111,0.2027569227842713
q_0314,WithoutPhrase,1.0,1.0,1.0,1.0,0.6735439182299784
q_0314,WithoutText,0.0,0.0,0.0,0.0,0.08689582405040201
q_0315,AliasAwareFusion,1.0,1.0,1.0,1.0,0.6735439182299784
q_0315,WithoutEntity,0.0,1.0,1.0,0.5,0.42495889834839423
q_0315,WithoutPhrase,1.0,1.0,1.0,1.0,0.6735439182299784
q_0315,WithoutText,0.3333333333333333,1.0,1.0,0.6666666666666666,0.5078205716422556
q_0316,AliasAwareFusion,1.0,1.0,1.0,1.0,0.7871546029909718
q_0316,WithoutEntity,1.0,1.0,1.0,1.0,0.7871546029909718
q_0316,WithoutPhrase,1.0,1.0,1.0,1.0,0.7871546029909718
q_0316,WithoutText,0.0,1.0,1.0,0.24444444444444446,0.33420107909492763
q_0317,AliasAwareFusion,1.0,1.0,1.0,1.0,0.7871546029909718
q_0317,WithoutEntity,1.0,1.0,1.0,1.0,0.7871546029909718
q_0317,WithoutPhrase,1.0,1.0,1.0,1.0,0.7871546029909718
q_0317,WithoutText,1.0,1.0,1.0,1.0,0.7871546029909718
q_0318,AliasAwareFusion,1.0,1.0,1.0,1.0,0.6735439182299784
q_0318,WithoutEntity,1.0,1.0,1.0,1.0,0.6735439182299784
q_0318,WithoutPhrase,1.0,1.0,1.0,1.0,0.6735439182299784
q_0318,WithoutText,0.0,1.0,1.0,0.5,0.42495889834839423
q_0319,AliasAwareFusion,1.0,1.0,1.0,1.0,0.7871546029909718
q_0319,WithoutEntity,0.0,1.0,1.0,0.3333333333333333,0.3935773014954859
q_0319,WithoutPhrase,1.0,1.0,1.0,1.0,0.7871546029909718
q_0319,WithoutText,0.0,0.0,0.0,0.0,0.0
q_0320,AliasAwareFusion,0.0,1.0,1.0,0.3333333333333333,0.3367719591149892
q_0320,WithoutEntity,0.0,0.0,0.0,0.0,0.0
q_0320,WithoutPhrase,1.0,1.0,1.0,1.0,0.6735439182299784
q_0320,WithoutText,0.0,0.0,0.0,0.0,0.0
q_0321,AliasAwareFusion,0.0,0.0,0.0,0.0,0.0
q_0321,WithoutEntity,0.0,0.0,0.0,0.0,0.0
q_0321,WithoutPhrase,0.0,0.0,0.0,0.0,0.0
q_0321,WithoutText,0.0,1.0,1.0,0.5,0.4966392596877323
q_0322,AliasAwareFusion,1.0,1.0,1.0,1.0,0.6735439182299784
q_0322,WithoutEntity,0.0,0.0,0.0,0.0,0.0
q_0322,WithoutPhrase,1.0,1.0,1.0,1.0,0.6735439182299784
q_0322,WithoutText,0.0,1.0,1.0,0.5,0.42495889834839423
q_0323,AliasAwareFusion,1.0,1.0,1.0,1.0,0.762066311671266
q_0323,WithoutEntity,1.0,1.0,1.0,1.0,0.6735439182299784
q_0323,WithoutPhrase,1.0,1.0,1.0,1.0,0.8045340770791353
q_0323,WithoutText,1.0,1.0,1.0,1.0,0.6735439182299784
q_0324,AliasAwareFusion,1.0,1.0,1.0,1.0,0.6735439182299784
q_0324,WithoutEntity,1.0,1.0,1.0,1.0,0.6735439182299784
q_0324,WithoutPhrase,1.0,1.0,1.0,1.0,0.6735439182299784
q_0324,WithoutText,1.0,1.0,1.0,1.0,0.6735439182299784
q_0325,AliasAwareFusion,1.0,1.0,1.0,1.0,0.7871546029909718
q_0325,WithoutEntity,1.0,1.0,1.0,1.0,0.7871546029909718
q_0325,WithoutPhrase,0.3333333333333333,1.0,1.0,0.6666666666666666,0.5934777074554788
q_0325,WithoutText,0.0,1.0,1.0,0.5,0.4966392596877323
q_0326,AliasAwareFusion,0.0,1.0,1.0,0.5,0.42495889834839423
q_0326,WithoutEntity,0.0,1.0,1.0,0.5,0.42495889834839423
q_0326,WithoutPhrase,0.0,1.0,1.0,0.5,0.42495889834839423
q_0326,WithoutText,1.0,1.0,1.0,1.0,0.6735439182299784
q_0327,AliasAwareFusion,0.0,1.0,1.0,0.5,0.7136205775898136
q_0327,WithoutEntity,0.0,1.0,1.0,0.5,0.7136205775898136
q_0327,WithoutPhrase,0.0,1.0,1.0,0.3333333333333333,0.6254336383564085
q_0327,WithoutText,0.0,1.0,1.0,0.5,0.7136205775898136
q_0328,AliasAwareFusion,0.0,0.0,0.3333333333333333,0.03333333333333333,0.06489928524687276
q_0328,WithoutEntity,0.0,0.0,0.0,0.0,0.0
q_0328,WithoutPhrase,0.0,0.0,1.0,0.11574074074074074,0.20599776491424657
q_0328,WithoutText,0.0,0.0,0.0,0.0,0.0
q_0329,AliasAwareFusion,1.0,1.0,1.0,1.0,0.7871546029909718
q_0329,WithoutEntity,0.0,1.0,1.0,0.3333333333333333,0.3935773014954859
q_0329,WithoutPhrase,1.0,1.0,1.0,1.0,0.7871546029909718
q_0329,WithoutText,1.0,1.0,1.0,1.0,0.7871546029909718
q_0330,AliasAwareFusion,0.0,0.0,1.0,0.10000000000000002,0.1946978557406183
q_0330,WithoutEntity,0.0,0.0,0.0,0.0,0.0
q_0330,WithoutPhrase,0.0,1.0,1.0,0.25,0.290079576414554
q_0330,WithoutText,0.0,0.0,0.0,0.0,0.0
q_0331,AliasAwareFusion,1.0,1.0,1.0,1.0,0.7871546029909718
q_0331,WithoutEntity,1.0,1.0,1.0,1.0,0.7871546029909718
q_0331,WithoutPhrase,1.0,1.0,1.0,1.0,0.7871546029909718
q_0331,WithoutText,1.0,1.0,1.0,1.0,0.7871546029909718
q_0332,AliasAwareFusion,1.0,1.0,1.0,1.0,0.6735439182299784
q_0332,WithoutEntity,1.0,1.0,1.0,1.0,0.6735439182299784
q_0332,WithoutPhrase,1.0,1.0,1.0,1.0,0.6735439182299784
q_0332,WithoutText,1.0,1.0,1.0,1.0,0.6735439182299784
q_0333,AliasAwareFusion,0.0,0.0,1.0,0.1666666666666666,0.2399211845064163
q_0333,WithoutEntity,0.0,0.0,1.0,0.1428571428571428,0.2245146394099928
q_0333,WithoutPhrase,0.0,0.0,0.0,0.0,0.0
q_0333,WithoutText,0.0,1.0,1.0,0.2333333333333333,0.28024050279737595
q_0334,AliasAwareFusion,0.0,1.0,1.0,0.3333333333333333,0.8075588805057204
q_0334,WithoutEntity,0.0,1.0,1.0,0.3333333333333333,0.8075588805057204
q_0334,WithoutPhrase,0.0,1.0,1.0,0.3333333333333333,0.8075588805057204
q_0334,WithoutText,0.0,1.0,1.0,0.20000000000000004,0.7187511427775503
q_0335,AliasAwareFusion,0.0,1.0,1.0,0.5,0.42495889834839423
q_0335,WithoutEntity,0.0,1.0,1.0,0.3333333333333333,0.3367719591149892
q_0335,WithoutPhrase,0.0,1.0,1.0,0.3333333333333333,0.3367719591149892
q_0335,WithoutText,1.0,1.0,1.0,1.0,0.6735439182299784
q_0336,AliasAwareFusion,1.0,1.0,1.0,1.0,0.9095333176489385
q_0336,WithoutEntity,1.0,1.0,1.0,1.0,0.7978637366933587
q_0336,WithoutPhrase,1.0,1.0,1.0,1.0,0.9643900026124981
q_0336,WithoutText,1.0,1.0,1.0,1.0,0.7852134991855584
q_0337,AliasAwareFusion,1.0,1.0,1.0,1.0,0.8556691603792904
q_0337,WithoutEntity,1.0,1.0,1.0,1.0,0.8178747578506881
q_0337,WithoutPhrase,1.0,1.0,1.0,1.0,0.8556691603792904
q_0337,WithoutText,1.0,1.0,1.0,1.0,0.8556691603792904
q_0338,AliasAwareFusion,1.0,1.0,1.0,1.0,0.8556691603792904
q_0338,WithoutEntity,1.0,1.0,1.0,1.0,0.8556691603792904
q_0338,WithoutPhrase,1.0,1.0,1.0,1.0,0.8556691603792904
q_0338,WithoutText,0.0,1.0,1.0,0.5,0.7136205775898136
q_0339,AliasAwareFusion,0.0,0.0,0.0,0.0,0.0
q_0339,WithoutEntity,0.0,0.0,1.0,0.1428571428571428,0.2245146394099928
q_0339,WithoutPhrase,0.0,0.0,0.0,0.0,0.0
q_0339,WithoutText,0.0,0.0,0.0,0.0,0.0
q_0340,AliasAwareFusion,0.0,1.0,1.0,0.5,0.4966392596877323
q_0340,WithoutEntity,0.0,1.0,1.0,0.20000000000000004,0.3045129678946485
q_0340,WithoutPhrase,0.0,1.0,1.0,0.38888888888888884,0.42793128755956805
q_0340,WithoutText,0.0,0.0,1.0,0.1111111111111111,0.236957146725255
q_0341,AliasAwareFusion,1.0,1.0,1.0,1.0,0.6735439182299784
q_0341,WithoutEntity,1.0,1.0,1.0,1.0,0.6735439182299784
q_0341,WithoutPhrase,1.0,1.0,1.0,1.0,0.6735439182299784
q_0341,WithoutText,1.0,1.0,1.0,1.0,0.6735439182299784
q_0342,AliasAwareFusion,0.0,0.0,0.0,0.0,0.0
q_0342,WithoutEntity,0.0,0.0,0.0,0.0,0.0
q_0342,WithoutPhrase,0.0,0.0,0.0,0.0,0.0
q_0342,WithoutText,0.0,0.0,0.0,0.0,0.0
q_0343,AliasAwareFusion,1.0,1.0,1.0,1.0,0.6735439182299784
q_0343,WithoutEntity,1.0,1.0,1.0,1.0,0.6735439182299784
q_0343,WithoutPhrase,1.0,1.0,1.0,1.0,0.6735439182299784
q_0343,WithoutText,0.0,0.0,1.0,0.1428571428571428,0.2245146394099928
q_0344,AliasAwareFusion,0.0,0.0,1.0,0.11574074074074074,0.20599776491424657
q_0344,WithoutEntity,0.0,0.0,0.0,0.0,0.0
q_0344,WithoutPhrase,0.0,0.0,1.0,0.15079365079365073,0.22965015444213396
q_0344,WithoutText,0.0,0.0,0.0,0.0,0.0
q_0345,AliasAwareFusion,1.0,1.0,1.0,1.0,0.6735439182299784
q_0345,WithoutEntity,1.0,1.0,1.0,1.0,0.6735439182299784
q_0345,WithoutPhrase,1.0,1.0,1.0,1.0,0.6735439182299784
q_0345,WithoutText,0.0,1.0,1.0,0.3333333333333333,0.3367719591149892
q_0346,AliasAwareFusion,1.0,1.0,1.0,1.0,1.0
q_0346,WithoutEntity,0.0,1.0,1.0,0.5,0.8579514172105233
q_0346,WithoutPhrase,1.0,1.0,1.0,1.0,1.0
q_0346,WithoutText,1.0,1.0,1.0,1.0,0.8556691603792904
q_0347,AliasAwareFusion,1.0,1.0,1.0,1.0,1.0
q_0347,WithoutEntity,1.0,1.0,1.0,1.0,1.0
q_0347,WithoutPhrase,1.0,1.0,1.0,1.0,1.0
q_0347,WithoutText,1.0,1.0,1.0,1.0,1.0
q_0348,AliasAwareFusion,1.0,1.0,1.0,1.0,0.7871546029909718
q_0348,WithoutEntity,1.0,1.0,1.0,1.0,0.7871546029909718
q_0348,WithoutPhrase,1.0,1.0,1.0,1.0,0.7871546029909718
q_0348,WithoutText,1.0,1.0,1.0,1.0,0.7871546029909718
q_0349,AliasAwareFusion,1.0,1.0,1.0,1.0,0.9852768631153933
q_0349,WithoutEntity,1.0,1.0,1.0,1.0,0.7871546029909718
q_0349,WithoutPhrase,1.0,1.0,1.0,1.0,0.95583058934618
q_0349,WithoutText,1.0,1.0,1.0,1.0,0.7871546029909718
q_0350,AliasAwareFusion,1.0,1.0,1.0,1.0,0.6735439182299784
q_0350,WithoutEntity,1.0,1.0,1.0,1.0,0.7697644779771182
q_0350,WithoutPhrase,1.0,1.0,1.0,1.0,0.6735439182299784
q_0350,WithoutText,1.0,1.0,1.0,1.0,0.6735439182299784
q_0351,AliasAwareFusion,0.0,1.0,1.0,0.5,0.4966392596877323
q_0351,WithoutEntity,0.0,1.0,1.0,0.5,0.4966392596877323
q_0351,WithoutPhrase,1.0,1.0,1.0,1.0,0.7871546029909718
q_0351,WithoutText,0.0,0.0,1.0,0.13650793650793647,0.2567712344043715
q_0352,AliasAwareFusion,0.0,1.0,1.0,0.2888888888888889,0.3113687579309994
q_0352,WithoutEntity,0.0,0.0,0.0,0.0,0.0
q_0352,WithoutPhrase,0.0,1.0,1.0,0.5,0.42495889834839423
q_0352,WithoutText,0.0,0.0,0.0,0.0,0.0
q_0353,AliasAwareFusion,0.0,0.0,0.0,0.0,0.1821252421493118
q_0353,WithoutEntity,0.0,0.0,0.0,0.0,0.08689582405040201
q_0353,WithoutPhrase,0.0,0.0,0.0,0.0,0.1821252421493118
q_0353,WithoutText,0.0,0.0,0.0,0.0,0.0
q_0354,AliasAwareFusion,0.0,0.0,0.0,0.0,0.0
q_0354,WithoutEntity,0.0,0.0,0.0,0.0,0.0
q_0354,WithoutPhrase,0.0,0.0,0.0,0.0,0.0
q_0354,WithoutText,0.0,0.0,0.0,0.0,0.0
q_0355,AliasAwareFusion,0.0,1.0,1.0,0.3333333333333333,0.3367719591149892
q_0355,WithoutEntity,0.0,0.0,0.0,0.0,0.0
q_0355,WithoutPhrase,0.0,0.0,1.0,0.1666666666666666,0.2399211845064163
q_0355,WithoutText,0.0,1.0,1.0,0.3333333333333333,0.3367719591149892
q_0356,AliasAwareFusion,0.0,1.0,1.0,0.5,0.42495889834839423
q_0356,WithoutEntity,0.0,0.0,1.0,0.1428571428571428,0.2245146394099928
q_0356,WithoutPhrase,0.0,1.0,1.0,0.5,0.42495889834839423
q_0356,WithoutText,0.0,0.0,1.0,0.1666666666666666,0.2399211845064163
q_0357,AliasAwareFusion,1.0,1.0,1.0,1.0,0.7871546029909718
q_0357,WithoutEntity,1.0,1.0,1.0,1.0,0.7871546029909718
q_0357,WithoutPhrase,1.0,1.0,1.0,1.0,0.7871546029909718
q_0357,WithoutText,1.0,1.0,1.0,1.0,0.7871546029909718
q_0358,AliasAwareFusion,1.0,1.0,1.0,1.0,0.6735439182299784
q_0358,WithoutEntity,0.0,0.0,0.0,0.0,0.0
q_0358,WithoutPhrase,1.0,1.0,1.0,1.0,0.7646065393046344
q_0358,WithoutText,1.0,1.0,1.0,1.0,0.6735439182299784
q_0359,AliasAwareFusion,1.0,1.0,1.0,1.0,0.7871546029909718
q_0359,WithoutEntity,0.0,0.0,1.0,0.125,0.2483196298438661
q_0359,WithoutPhrase,1.0,1.0,1.0,1.0,0.7871546029909718
q_0359,WithoutText,0.0,0.0,0.0,0.0,0.0
q_0360,AliasAwareFusion,1.0,1.0,1.0,1.0,0.6735439182299784
q_0360,WithoutEntity,0.0,0.0,0.0,0.0,0.0
q_0360,WithoutPhrase,1.0,1.0,1.0,1.0,0.6735439182299784
q_0360,WithoutText,0.0,0.0,0.0,0.0,0.0
q_0361,AliasAwareFusion,1.0,1.0,1.0,1.0,0.6735439182299784
q_0361,WithoutEntity,1.0,1.0,1.0,1.0,0.6735439182299784
q_0361,WithoutPhrase,1.0,1.0,1.0,1.0,0.6735439182299784
q_0361,WithoutText,1.0,1.0,1.0,1.0,0.6735439182299784
q_0362,AliasAwareFusion,0.0,0.0,0.0,0.0,0.0
q_0362,WithoutEntity,0.0,0.0,0.0,0.0,0.0
q_0362,WithoutPhrase,0.0,0.0,0.0,0.0,0.0
q_0362,WithoutText,0.0,0.0,0.0,0.0,0.0
q_0363,AliasAwareFusion,1.0,1.0,1.0,1.0,0.6735439182299784
q_0363,WithoutEntity,0.0,0.0,0.0,0.0,0.0
q_0363,WithoutPhrase,1.0,1.0,1.0,1.0,0.6735439182299784
q_0363,WithoutText,0.0,0.0,1.0,0.12857142857142853,0.2145757115202013
q_0364,AliasAwareFusion,0.6666666666666666,1.0,1.0,0.8333333333333334,0.6903161552232252
q_0364,WithoutEntity,0.0,0.0,0.0,0.0,0.0
q_0364,WithoutPhrase,1.0,1.0,1.0,1.0,0.7871546029909718
q_0364,WithoutText,0.0,0.0,0.0,0.0,0.0
q_0365,AliasAwareFusion,1.0,1.0,1.0,1.0,0.6735439182299784
q_0365,WithoutEntity,0.0,0.0,1.0,0.1666666666666666,0.2399211845064163
q_0365,WithoutPhrase,1.0,1.0,1.0,1.0,0.6735439182299784
q_0365,WithoutText,1.0,1.0,1.0,1.0,0.6735439182299784
q_0366,AliasAwareFusion,1.0,1.0,1.0,1.0,0.7871546029909718
q_0366,WithoutEntity,1.0,1.0,1.0,1.0,0.7871546029909718
q_0366,WithoutPhrase,1.0,1.0,1.0,1.0,0.7871546029909718
q_0366,WithoutText,1.0,1.0,1.0,1.0,0.7871546029909718
q_0367,AliasAwareFusion,1.0,1.0,1.0,1.0,0.8556691603792904
q_0367,WithoutEntity,0.0,0.0,0.0,0.0,0.2886616792414193
q_0367,WithoutPhrase,1.0,1.0,1.0,1.0,0.8556691603792904
q_0367,WithoutText,0.0,0.0,0.0,0.0,0.08967368873323793
q_0368,AliasAwareFusion,1.0,1.0,1.0,1.0,0.7871546029909718
q_0368,WithoutEntity,1.0,1.0,1.0,1.0,0.7871546029909718
q_0368,WithoutPhrase,1.0,1.0,1.0,1.0,0.7871546029909718
q_0368,WithoutText,1.0,1.0,1.0,1.0,0.7871546029909718
q_0369,AliasAwareFusion,1.0,1.0,1.0,1.0,0.7871546029909718
q_0369,WithoutEntity,1.0,1.0,1.0,1.0,0.7871546029909718
q_0369,WithoutPhrase,1.0,1.0,1.0,1.0,0.7871546029909718
q_0369,WithoutText,1.0,1.0,1.0,1.0,0.7871546029909718
q_0370,AliasAwareFusion,1.0,1.0,1.0,1.0,0.95583058934618
q_0370,WithoutEntity,0.0,0.0,1.0,0.1111111111111111,0.236957146725255
q_0370,WithoutPhrase,1.0,1.0,1.0,1.0,1.0
q_0370,WithoutText,0.6666666666666666,1.0,1.0,0.8333333333333334,0.8027668127933641
q_0371,AliasAwareFusion,1.0,1.0,1.0,1.0,0.7871546029909718
q_0371,WithoutEntity,1.0,1.0,1.0,1.0,0.7871546029909718
q_0371,WithoutPhrase,1.0,1.0,1.0,1.0,0.7871546029909718
q_0371,WithoutText,0.0,1.0,1.0,0.5,0.4966392596877323
q_0372,AliasAwareFusion,1.0,1.0,1.0,1.0,0.7871546029909718
q_0372,WithoutEntity,1.0,1.0,1.0,1.0,0.7871546029909718
q_0372,WithoutPhrase,1.0,1.0,1.0,1.0,0.7871546029909718
q_0372,WithoutText,1.0,1.0,1.0,1.0,0.7871546029909718
q_0373,AliasAwareFusion,1.0,1.0,1.0,1.0,0.7871546029909718
q_0373,WithoutEntity,1.0,1.0,1.0,1.0,0.7871546029909718
q_0373,WithoutPhrase,1.0,1.0,1.0,1.0,0.7871546029909718
q_0373,WithoutText,1.0,1.0,1.0,1.0,0.7871546029909718
q_0374,AliasAwareFusion,1.0,1.0,1.0,1.0,0.6735439182299784
q_0374,WithoutEntity,1.0,1.0,1.0,1.0,0.6735439182299784
q_0374,WithoutPhrase,1.0,1.0,1.0,1.0,0.6735439182299784
q_0374,WithoutText,1.0,1.0,1.0,1.0,0.6735439182299784
q_0375,AliasAwareFusion,0.0,0.0,1.0,0.1666666666666666,0.2399211845064163
q_0375,WithoutEntity,0.0,0.0,0.0,0.0,0.1821252421493118
q_0375,WithoutPhrase,1.0,1.0,1.0,1.0,0.6735439182299784
q_0375,WithoutText,0.0,0.0,0.0,0.0,0.0
q_0376,AliasAwareFusion,0.0,1.0,1.0,0.5,0.42495889834839423
q_0376,WithoutEntity,0.0,1.0,1.0,0.5,0.42495889834839423
q_0376,WithoutPhrase,0.3333333333333333,1.0,1.0,0.6666666666666666,0.5078205716422556
q_0376,WithoutText,0.0,0.0,0.0,0.0,0.0
q_0377,AliasAwareFusion,1.0,1.0,1.0,1.0,0.9627582596011144
q_0377,WithoutEntity,0.0,0.0,1.0,0.1428571428571428,0.5997368403740738
q_0377,WithoutPhrase,1.0,1.0,1.0,1.0,0.9225881702591257
q_0377,WithoutText,1.0,1.0,1.0,1.0,0.95583058934618
q_0378,AliasAwareFusion,0.0,0.0,1.0,0.1111111111111111,0.2027569227842713
q_0378,WithoutEntity,0.0,0.0,0.0,0.0,0.0
q_0378,WithoutPhrase,0.0,0.0,1.0,0.1666666666666666,0.2399211845064163
q_0378,WithoutText,0.0,0.0,0.0,0.0,0.0
q_0379,AliasAwareFusion,1.0,1.0,1.0,1.0,0.7871546029909718
q_0379,WithoutEntity,1.0,1.0,1.0,1.0,0.7871546029909718
q_0379,WithoutPhrase,1.0,1.0,1.0,1.0,0.7871546029909718
q_0379,WithoutText,1.0,1.0,1.0,1.0,0.7871546029909718
q_0380,AliasAwareFusion,0.0,1.0,1.0,0.5,0.42495889834839423
q_0380,WithoutEntity,0.0,1.0,1.0,0.20000000000000004,0.2605623555630197
q_0380,WithoutPhrase,0.6666666666666666,1.0,1.0,0.8333333333333334,0.590682244936117
q_0380,WithoutText,1.0,1.0,1.0,1.0,0.6735439182299784
q_0381,AliasAwareFusion,0.0,0.0,0.0,0.0,0.0
q_0381,WithoutEntity,0.0,0.0,1.0,0.1428571428571428,0.2245146394099928
q_0381,WithoutPhrase,0.0,0.0,0.0,0.0,0.0
q_0381,WithoutText,0.0,0.6666666666666666,1.0,0.20555555555555552,0.26352103882799666
q_0382,AliasAwareFusion,1.0,1.0,1.0,1.0,0.7871546029909718
q_0382,WithoutEntity,1.0,1.0,1.0,1.0,0.7871546029909718
q_0382,WithoutPhrase,1.0,1.0,1.0,1.0,0.7871546029909718
q_0382,WithoutText,1.0,1.0,1.0,1.0,0.7871546029909718
q_0383,AliasAwareFusion,1.0,1.0,1.0,1.0,0.95583058934618
q_0383,WithoutEntity,0.0,1.0,1.0,0.5,0.4966392596877323
q_0383,WithoutPhrase,1.0,1.0,1.0,1.0,0.9176601606601068
q_0383,WithoutText,1.0,1.0,1.0,1.0,1.0
q_0384,AliasAwareFusion,1.0,1.0,1.0,1.0,0.6735439182299784
q_0384,WithoutEntity,1.0,1.0,1.0,1.0,0.6735439182299784
q_0384,WithoutPhrase,0.0,1.0,1.0,0.5,0.42495889834839423
q_0384,WithoutText,1.0,1.0,1.0,1.0,0.6735439182299784
q_0385,AliasAwareFusion,0.0,0.0,0.0,0.0,0.0
q_0385,WithoutEntity,0.0,0.0,0.0,0.0,0.1452895864661914
q_0385,WithoutPhrase,0.0,1.0,1.0,0.25,0.3390090350877799
q_0385,WithoutText,0.0,0.0,0.0,0.0,0.0
q_0386,AliasAwareFusion,0.0,1.0,1.0,0.3611111111111111,0.4340454161338632
q_0386,WithoutEntity,0.0,0.0,0.0,0.0,0.0
q_0386,WithoutPhrase,0.0,1.0,1.0,0.5,0.5233803931093087
q_0386,WithoutText,0.0,1.0,1.0,0.5,0.42495889834839423
q_0387,AliasAwareFusion,0.0,0.0,1.0,0.10000000000000002,0.1946978557406183
q_0387,WithoutEntity,0.0,0.0,0.0,0.0,0.0
q_0387,WithoutPhrase,0.0,0.0,1.0,0.1428571428571428,0.2245146394099928
q_0387,WithoutText,0.0,0.0,0.0,0.0,0.0
q_0388,AliasAwareFusion,0.0,1.0,1.0,0.20000000000000004,0.7313492769537508
q_0388,WithoutEntity,0.0,0.0,1.0,0.1666666666666666,0.5663772662764378
q_0388,WithoutPhrase,0.0,1.0,1.0,0.20000000000000004,0.7313492769537508
q_0388,WithoutText,0.0,0.0,0.6666666666666666,0.06666666666666667,0.6005854918844767
q_0389,AliasAwareFusion,1.0,1.0,1.0,1.0,0.7871546029909718
q_0389,WithoutEntity,0.0,1.0,1.0,0.5,0.4966392596877323
q_0389,WithoutPhrase,1.0,1.0,1.0,1.0,0.7871546029909718
q_0389,WithoutText,1.0,1.0,1.0,1.0,0.7871546029909718
q_0390,AliasAwareFusion,1.0,1.0,1.0,1.0,0.8556691603792904
q_0390,WithoutEntity,1.0,1.0,1.0,1.0,0.6735439182299784
q_0390,WithoutPhrase,1.0,1.0,1.0,1.0,0.8556691603792904
q_0390,WithoutText,1.0,1.0,1.0,1.0,0.8556691603792904
q_0391,AliasAwareFusion,0.0,1.0,1.0,0.5,0.4966392596877323
q_0391,WithoutEntity,0.0,0.0,0.0,0.0,0.0
q_0391,WithoutPhrase,0.0,0.0,1.0,0.1666666666666666,0.280390126950546
q_0391,WithoutText,0.0,1.0,1.0,0.5,0.4966392596877323
q_0392,AliasAwareFusion,0.0,1.0,1.0,0.3333333333333333,0.3935773014954859
q_0392,WithoutEntity,0.0,0.0,0.0,0.0,0.0
q_0392,WithoutPhrase,1.0,1.0,1.0,1.0,1.0
q_0392,WithoutText,0.0,0.0,0.0,0.0,0.0
q_0393,AliasAwareFusion,0.0,1.0,1.0,0.38888888888888884,0.42793128755956805
q_0393,WithoutEntity,0.0,1.0,1.0,0.3333333333333333,0.3935773014954859
q_0393,WithoutPhrase,0.0,1.0,1.0,0.3333333333333333,0.3935773014954859
q_0393,WithoutText,1.0,1.0,1.0,1.0,0.7871546029909718
q_0394,AliasAwareFusion,1.0,1.0,1.0,1.0,0.6735439182299784
q_0394,WithoutEntity,1.0,1.0,1.0,1.0,0.6735439182299784
q_0394,WithoutPhrase,1.0,1.0,1.0,1.0,0.6735439182299784
q_0394,WithoutText,0.0,1.0,1.0,0.5,0.42495889834839423
q_0395,AliasAwareFusion,1.0,1.0,1.0,1.0,0.7871546029909718
q_0395,WithoutEntity,1.0,1.0,1.0,1.0,0.7871546029909718
q_0395,WithoutPhrase,1.0,1.0,1.0,1.0,0.7871546029909718
q_0395,WithoutText,1.0,1.0,1.0,1.0,0.7871546029909718
q_0396,AliasAwareFusion,1.0,1.0,1.0,1.0,0.6735439182299784
q_0396,WithoutEntity,1.0,1.0,1.0,1.0,0.6735439182299784
q_0396,WithoutPhrase,1.0,1.0,1.0,1.0,0.6735439182299784
q_0396,WithoutText,1.0,1.0,1.0,1.0,0.6735439182299784
q_0397,AliasAwareFusion,1.0,1.0,1.0,1.0,0.7871546029909718
q_0397,WithoutEntity,1.0,1.0,1.0,1.0,0.7871546029909718
q_0397,WithoutPhrase,1.0,1.0,1.0,1.0,0.7871546029909718
q_0397,WithoutText,0.0,1.0,1.0,0.2333333333333333,0.3275103460234028
q_0398,AliasAwareFusion,0.0,0.0,0.0,0.0,0.0
q_0398,WithoutEntity,0.0,0.0,0.0,0.0,0.0
q_0398,WithoutPhrase,0.0,0.0,0.0,0.0,0.0
q_0398,WithoutText,0.0,0.0,0.0,0.0,0.0
q_0399,AliasAwareFusion,1.0,1.0,1.0,1.0,0.7871546029909718
q_0399,WithoutEntity,1.0,1.0,1.0,1.0,0.7871546029909718
q_0399,WithoutPhrase,1.0,1.0,1.0,1.0,0.7871546029909718
q_0399,WithoutText,0.0,1.0,1.0,0.3055555555555555,0.3753878793595839
q_0400,AliasAwareFusion,1.0,1.0,1.0,1.0,0.6735439182299784
q_0400,WithoutEntity,0.0,1.0,1.0,0.5,0.42495889834839423
q_0400,WithoutPhrase,1.0,1.0,1.0,1.0,0.6735439182299784
q_0400,WithoutText,0.0,0.0,1.0,0.1428571428571428,0.2245146394099928
q_0401,AliasAwareFusion,0.0,0.0,0.0,0.0,0.09654267536021256
q_0401,WithoutEntity,0.0,0.0,0.0,0.0,0.1028233647884641
q_0401,WithoutPhrase,0.0,0.0,0.0,0.0,0.0
q_0401,WithoutText,0.0,0.0,0.0,0.0,0.1821252421493118
q_0402,AliasAwareFusion,1.0,1.0,1.0,1.0,0.6735439182299784
q_0402,WithoutEntity,1.0,1.0,1.0,1.0,0.6735439182299784
q_0402,WithoutPhrase,1.0,1.0,1.0,1.0,0.6735439182299784
q_0402,WithoutText,1.0,1.0,1.0,1.0,0.6735439182299784
q_0403,AliasAwareFusion,1.0,1.0,1.0,1.0,0.7871546029909718
q_0403,WithoutEntity,1.0,1.0,1.0,1.0,0.7871546029909718
q_0403,WithoutPhrase,1.0,1.0,1.0,1.0,0.7871546029909718
q_0403,WithoutText,0.0,1.0,1.0,0.3055555555555555,0.3753878793595839
q_0404,AliasAwareFusion,0.0,1.0,1.0,0.5,0.42495889834839423
q_0404,WithoutEntity,0.0,1.0,1.0,0.3333333333333333,0.3367719591149892
q_0404,WithoutPhrase,0.0,1.0,1.0,0.5,0.42495889834839423
q_0404,WithoutText,0.0,0.0,0.0,0.0,0.0
q_0405,AliasAwareFusion,1.0,1.0,1.0,1.0,0.6735439182299784
q_0405,WithoutEntity,1.0,1.0,1.0,1.0,0.6735439182299784
q_0405,WithoutPhrase,1.0,1.0,1.0,1.0,0.6735439182299784
q_0405,WithoutText,0.0,0.0,0.0,0.0,0.0
q_0406,AliasAwareFusion,0.0,1.0,1.0,0.3333333333333333,0.3367719591149892
q_0406,WithoutEntity,0.0,1.0,1.0,0.3333333333333333,0.3367719591149892
q_0406,WithoutPhrase,0.0,1.0,1.0,0.3333333333333333,0.3367719591149892
q_0406,WithoutText,0.0,0.0,0.0,0.0,0.0
q_0407,AliasAwareFusion,0.0,1.0,1.0,0.3333333333333333,0.3935773014954859
q_0407,WithoutEntity,0.0,1.0,1.0,0.20000000000000004,0.3045129678946485
q_0407,WithoutPhrase,0.0,1.0,1.0,0.3333333333333333,0.3935773014954859
q_0407,WithoutText,1.0,1.0,1.0,1.0,0.7871546029909718
q_0408,AliasAwareFusion,1.0,1.0,1.0,1.0,0.7871546029909718
q_0408,WithoutEntity,1.0,1.0,1.0,1.0,0.7871546029909718
q_0408,WithoutPhrase,1.0,1.0,1.0,1.0,0.7871546029909718
q_0408,WithoutText,1.0,1.0,1.0,1.0,0.7871546029909718
q_0409,AliasAwareFusion,1.0,1.0,1.0,1.0,1.0
q_0409,WithoutEntity,1.0,1.0,1.0,1.0,1.0
q_0409,WithoutPhrase,1.0,1.0,1.0,1.0,1.0
q_0409,WithoutText,0.0,0.0,0.0,0.0,0.0
q_0410,AliasAwareFusion,1.0,1.0,1.0,1.0,0.7871546029909718
q_0410,WithoutEntity,1.0,1.0,1.0,1.0,0.7871546029909718
q_0410,WithoutPhrase,1.0,1.0,1.0,1.0,0.7871546029909718
q_0410,WithoutText,0.0,1.0,1.0,0.38888888888888884,0.42793128755956805
q_0411,AliasAwareFusion,1.0,1.0,1.0,1.0,0.7871546029909718
q_0411,WithoutEntity,1.0,1.0,1.0,1.0,0.7871546029909718
q_0411,WithoutPhrase,1.0,1.0,1.0,1.0,0.7871546029909718
q_0411,WithoutText,1.0,1.0,1.0,1.0,0.7871546029909718
q_0412,AliasAwareFusion,0.0,1.0,1.0,0.5,0.5492787168117745
q_0412,WithoutEntity,1.0,1.0,1.0,1.0,0.6735439182299784
q_0412,WithoutPhrase,0.0,0.0,1.0,0.11574074074074074,0.35032860453495623
q_0412,WithoutText,0.0,0.0,0.0,0.0,0.0
q_0413,AliasAwareFusion,0.0,1.0,1.0,0.5,0.42495889834839423
q_0413,WithoutEntity,0.0,1.0,1.0,0.5,0.42495889834839423
q_0413,WithoutPhrase,0.0,1.0,1.0,0.5,0.42495889834839423
q_0413,WithoutText,0.0,0.6666666666666666,1.0,0.18095238095238095,0.2485464501786774
q_0414,AliasAwareFusion,0.0,1.0,1.0,0.5,0.4966392596877323
q_0414,WithoutEntity,1.0,1.0,1.0,1.0,0.7871546029909718
q_0414,WithoutPhrase,0.0,1.0,1.0,0.3055555555555555,0.3753878793595839
q_0414,WithoutText,0.0,1.0,1.0,0.3333333333333333,0.3935773014954859
q_0415,AliasAwareFusion,1.0,1.0,1.0,1.0,0.7871546029909718
q_0415,WithoutEntity,1.0,1.0,1.0,1.0,0.7871546029909718
q_0415,WithoutPhrase,1.0,1.0,1.0,1.0,0.7871546029909718
q_0415,WithoutText,1.0,1.0,1.0,1.0,0.7871546029909718
q_0416,AliasAwareFusion,0.0,0.0,0.0,0.0,0.0
q_0416,WithoutEntity,0.0,0.0,0.0,0.0,0.0
q_0416,WithoutPhrase,0.0,0.0,0.0,0.0,0.0
q_0416,WithoutText,0.0,0.0,0.0,0.0,0.0
q_0417,AliasAwareFusion,1.0,1.0,1.0,1.0,0.7871546029909718
q_0417,WithoutEntity,0.0,0.0,0.0,0.0,0.0
q_0417,WithoutPhrase,1.0,1.0,1.0,1.0,0.7871546029909718
q_0417,WithoutText,0.0,0.0,0.0,0.0,0.0
q_0418,AliasAwareFusion,1.0,1.0,1.0,1.0,0.8556691603792904
q_0418,WithoutEntity,0.0,0.0,0.0,0.0,0.0
q_0418,WithoutPhrase,0.6666666666666666,1.0,1.0,0.8333333333333334,0.8083196327827981
q_0418,WithoutText,0.0,0.0,0.0,0.0,0.0
q_0419,AliasAwareFusion,1.0,1.0,1.0,1.0,1.0
q_0419,WithoutEntity,1.0,1.0,1.0,1.0,0.9673387413348701
q_0419,WithoutPhrase,1.0,1.0,1.0,1.0,1.0
q_0419,WithoutText,0.3333333333333333,1.0,1.0,0.6666666666666666,0.683637192429262
q_0420,AliasAwareFusion,1.0,1.0,1.0,1.0,0.7871546029909718
q_0420,WithoutEntity,0.0,1.0,1.0,0.3333333333333333,0.7309292742059025
q_0420,WithoutPhrase,1.0,1.0,1.0,1.0,0.7871546029909718
q_0420,WithoutText,1.0,1.0,1.0,1.0,0.7871546029909718
q_0421,AliasAwareFusion,0.0,0.0,0.0,0.0,0.06242772694059853
q_0421,WithoutEntity,0.0,0.0,0.0,0.0,0.2886616792414193
q_0421,WithoutPhrase,0.0,0.0,0.0,0.0,0.0
q_0421,WithoutText,0.0,1.0,1.0,0.38888888888888884,0.3661676055261242
q_0422,AliasAwareFusion,1.0,1.0,1.0,1.0,0.9673387413348701
q_0422,WithoutEntity,1.0,1.0,1.0,1.0,0.8178747578506881
q_0422,WithoutPhrase,1.0,1.0,1.0,1.0,0.9799889788426704
q_0422,WithoutText,1.0,1.0,1.0,1.0,0.9379778304781349
q_0423,AliasAwareFusion,1.0,1.0,1.0,1.0,0.7894302450214918
q_0423,WithoutEntity,1.0,1.0,1.0,1.0,0.8178747578506881
q_0423,WithoutPhrase,1.0,1.0,1.0,1.0,0.7852134991855584
q_0423,WithoutText,1.0,1.0,1.0,1.0,0.6735439182299784
q_0424,AliasAwareFusion,1.0,1.0,1.0,1.0,0.7871546029909718
q_0424,WithoutEntity,1.0,1.0,1.0,1.0,0.7871546029909718
q_0424,WithoutPhrase,1.0,1.0,1.0,1.0,0.7871546029909718
q_0424,WithoutText,1.0,1.0,1.0,1.0,0.7871546029909718
q_0425,AliasAwareFusion,0.0,1.0,1.0,0.4444444444444444,0.4622852736236502
q_0425,WithoutEntity,1.0,1.0,1.0,1.0,0.7871546029909718
q_0425,WithoutPhrase,0.0,1.0,1.0,0.38888888888888884,0.42793128755956805
q_0425,WithoutText,0.0,1.0,1.0,0.20000000000000004,0.3045129678946485
q_0426,AliasAwareFusion,1.0,1.0,1.0,1.0,0.6735439182299784
q_0426,WithoutEntity,1.0,1.0,1.0,1.0,0.6735439182299784
q_0426,WithoutPhrase,1.0,1.0,1.0,1.0,0.6735439182299784
q_0426,WithoutText,0.0,0.0,0.3333333333333333,0.03333333333333333,0.06489928524687276
q_0427,AliasAwareFusion,1.0,1.0,1.0,1.0,0.6735439182299784
q_0427,WithoutEntity,1.0,1.0,1.0,1.0,0.6735439182299784
q_0427,WithoutPhrase,1.0,1.0,1.0,1.0,0.6735439182299784
q_0427,WithoutText,1.0,1.0,1.0,1.0,0.6735439182299784
q_0428,AliasAwareFusion,1.0,1.0,1.0,1.0,0.7793160217408145
q_0428,WithoutEntity,1.0,1.0,1.0,1.0,0.6735439182299784
q_0428,WithoutPhrase,1.0,1.0,1.0,1.0,0.7013578976214955
q_0428,WithoutText,0.0,1.0,1.0,0.25,0.507716964261235
q_0429,AliasAwareFusion,0.0,0.0,0.0,0.0,0.0
q_0429,WithoutEntity,0.0,0.0,0.0,0.0,0.0
q_0429,WithoutPhrase,0.0,0.0,0.0,0.0,0.0
q_0429,WithoutText,0.0,0.0,0.0,0.0,0.0
q_0430,AliasAwareFusion,0.0,0.0,0.0,0.0,0.0
q_0430,WithoutEntity,0.0,0.0,0.0,0.0,0.0
q_0430,WithoutPhrase,0.0,0.0,0.0,0.0,0.0
q_0430,WithoutText,0.0,1.0,1.0,0.27777777777777773,0.35719845722368193
q_0431,AliasAwareFusion,1.0,1.0,1.0,1.0,0.9225881702591257
q_0431,WithoutEntity,1.0,1.0,1.0,1.0,0.7871546029909718
q_0431,WithoutPhrase,1.0,1.0,1.0,1.0,0.9225881702591257
q_0431,WithoutText,1.0,1.0,1.0,1.0,0.9852768631153933
q_0432,AliasAwareFusion,1.0,1.0,1.0,1.0,0.7871546029909718
q_0432,WithoutEntity,1.0,1.0,1.0,1.0,0.7871546029909718
q_0432,WithoutPhrase,1.0,1.0,1.0,1.0,0.8597158652123228
q_0432,WithoutText,1.0,1.0,1.0,1.0,0.7871546029909718
q_0433,AliasAwareFusion,0.0,1.0,1.0,0.3333333333333333,0.3935773014954859
q_0433,WithoutEntity,0.0,0.0,0.0,0.0,0.0
q_0433,WithoutPhrase,0.0,0.0,1.0,0.1666666666666666,0.280390126950546
q_0433,WithoutText,0.0,1.0,1.0,0.5,0.4966392596877323
q_0434,AliasAwareFusion,0.0,0.3333333333333333,1.0,0.17857142857142852,0.2879262568050314
q_0434,WithoutEntity,0.0,0.0,0.0,0.0,0.0
q_0434,WithoutPhrase,0.0,1.0,1.0,0.25,0.3390090350877799
q_0434,WithoutText,1.0,1.0,1.0,1.0,0.7871546029909718
q_0435,AliasAwareFusion,0.0,1.0,1.0,0.5,0.4966392596877323
q_0435,WithoutEntity,0.0,1.0,1.0,0.5,0.4966392596877323
q_0435,WithoutPhrase,0.0,0.0,1.0,0.1428571428571428,0.2623848676636572
q_0435,WithoutText,1.0,1.0,1.0,1.0,0.7871546029909718
q_0436,AliasAwareFusion,0.0,0.6666666666666666,1.0,0.20555555555555552,0.26352103882799666
q_0436,WithoutEntity,0.0,1.0,1.0,0.5,0.42495889834839423
q_0436,WithoutPhrase,0.0,0.6666666666666666,1.0,0.18095238095238095,0.2485464501786774
q_0436,WithoutText,0.0,0.0,1.0,0.13690476190476186,0.22050290933139424
q_0437,AliasAwareFusion,0.0,0.0,0.0,0.0,0.0
q_0437,WithoutEntity,0.0,0.0,0.0,0.0,0.0
q_0437,WithoutPhrase,0.0,0.0,0.0,0.0,0.0
q_0437,WithoutText,0.0,0.0,0.0,0.0,0.0
q_0438,AliasAwareFusion,0.0,1.0,1.0,0.3333333333333333,0.3935773014954859
q_0438,WithoutEntity,0.0,1.0,1.0,0.5,0.4966392596877323
q_0438,WithoutPhrase,0.0,1.0,1.0,0.5,0.4966392596877323
q_0438,WithoutText,0.0,0.0,0.0,0.0,0.0
q_0439,AliasAwareFusion,1.0,1.0,1.0,1.0,1.0
q_0439,WithoutEntity,1.0,1.0,1.0,1.0,1.0
q_0439,WithoutPhrase,1.0,1.0,1.0,1.0,1.0
q_0439,WithoutText,1.0,1.0,1.0,1.0,0.95583058934618
q_0440,AliasAwareFusion,0.0,1.0,1.0,0.3333333333333333,0.3350393503925007
q_0440,WithoutEntity,0.0,0.0,0.0,0.0,0.1243198184633803
q_0440,WithoutPhrase,1.0,1.0,1.0,1.0,0.6735439182299784
q_0440,WithoutText,0.0,0.0,0.0,0.0,0.0
q_0441,AliasAwareFusion,1.0,1.0,1.0,1.0,1.0
q_0441,WithoutEntity,1.0,1.0,1.0,1.0,1.0
q_0441,WithoutPhrase,1.0,1.0,1.0,1.0,1.0
q_0441,WithoutText,1.0,1.0,1.0,1.0,1.0
q_0442,AliasAwareFusion,1.0,1.0,1.0,1.0,0.7871546029909718
q_0442,WithoutEntity,1.0,1.0,1.0,1.0,0.7871546029909718
q_0442,WithoutPhrase,1.0,1.0,1.0,1.0,0.7871546029909718
q_0442,WithoutText,1.0,1.0,1.0,1.0,0.7871546029909718
q_0443,AliasAwareFusion,1.0,1.0,1.0,1.0,0.6735439182299784
q_0443,WithoutEntity,0.0,1.0,1.0,0.5,0.42495889834839423
q_0443,WithoutPhrase,1.0,1.0,1.0,1.0,0.6735439182299784
q_0443,WithoutText,0.0,0.0,1.0,0.15079365079365073,0.22965015444213396
q_0444,AliasAwareFusion,0.0,0.0,0.0,0.0,0.0
q_0444,WithoutEntity,0.0,0.0,0.0,0.0,0.0834419381745507
q_0444,WithoutPhrase,0.0,0.0,0.0,0.0,0.0
q_0444,WithoutText,0.0,0.0,0.0,0.0,0.0
q_0445,AliasAwareFusion,0.0,0.0,0.0,0.0,0.0
q_0445,WithoutEntity,0.0,0.0,0.0,0.0,0.0
q_0445,WithoutPhrase,0.0,0.0,0.0,0.0,0.0
q_0445,WithoutText,0.0,1.0,1.0,0.5,0.42495889834839423
q_0446,AliasAwareFusion,0.0,0.0,0.0,0.0,0.0
q_0446,WithoutEntity,0.0,1.0,1.0,0.25,0.290079576414554
q_0446,WithoutPhrase,0.0,0.0,0.0,0.0,0.0
q_0446,WithoutText,0.0,0.0,0.0,0.0,0.0
q_0447,AliasAwareFusion,1.0,1.0,1.0,1.0,0.6735439182299784
q_0447,WithoutEntity,1.0,1.0,1.0,1.0,0.6735439182299784
q_0447,WithoutPhrase,1.0,1.0,1.0,1.0,0.6735439182299784
q_0447,WithoutText,1.0,1.0,1.0,1.0,0.6735439182299784
q_0448,AliasAwareFusion,1.0,1.0,1.0,1.0,0.6735439182299784
q_0448,WithoutEntity,1.0,1.0,1.0,1.0,0.6735439182299784
q_0448,WithoutPhrase,1.0,1.0,1.0,1.0,0.6735439182299784
q_0448,WithoutText,0.0,1.0,1.0,0.27777777777777773,0.30564370398136576
q_0449,AliasAwareFusion,1.0,1.0,1.0,1.0,0.7871546029909718
q_0449,WithoutEntity,1.0,1.0,1.0,1.0,0.7871546029909718
q_0449,WithoutPhrase,1.0,1.0,1.0,1.0,0.7871546029909718
q_0449,WithoutText,1.0,1.0,1.0,1.0,0.7871546029909718
q_0450,AliasAwareFusion,0.0,1.0,1.0,0.5,0.4966392596877323
q_0450,WithoutEntity,0.0,1.0,1.0,0.3333333333333333,0.3935773014954859
q_0450,WithoutPhrase,0.0,1.0,1.0,0.3333333333333333,0.3935773014954859
q_0450,WithoutText,1.0,1.0,1.0,1.0,0.7871546029909718
q_0451,AliasAwareFusion,1.0,1.0,1.0,1.0,0.6735439182299784
q_0451,WithoutEntity,1.0,1.0,1.0,1.0,0.6735439182299784
q_0451,WithoutPhrase,1.0,1.0,1.0,1.0,0.6735439182299784
q_0451,WithoutText,0.0,1.0,1.0,0.20000000000000004,0.2605623555630197
q_0452,AliasAwareFusion,1.0,1.0,1.0,1.0,1.0
q_0452,WithoutEntity,1.0,1.0,1.0,1.0,0.95583058934618
q_0452,WithoutPhrase,0.0,1.0,1.0,0.4444444444444444,0.758135054433604
q_0452,WithoutText,0.0,0.3333333333333333,1.0,0.17777777777777773,0.28843107393191353
q_0453,AliasAwareFusion,0.0,1.0,1.0,0.3333333333333333,0.6254336383564085
q_0453,WithoutEntity,0.0,0.0,0.0,0.0,0.4003312601969992
q_0453,WithoutPhrase,1.0,1.0,1.0,1.0,0.8556691603792904
q_0453,WithoutText,0.0,0.0,0.0,0.0,0.0
q_0454,AliasAwareFusion,1.0,1.0,1.0,1.0,1.0
q_0454,WithoutEntity,1.0,1.0,1.0,1.0,1.0
q_0454,WithoutPhrase,1.0,1.0,1.0,1.0,1.0
q_0454,WithoutText,1.0,1.0,1.0,1.0,1.0
q_0455,AliasAwareFusion,0.0,1.0,1.0,0.5,0.4966392596877323
q_0455,WithoutEntity,0.0,0.0,1.0,0.1428571428571428,0.2623848676636572
q_0455,WithoutPhrase,1.0,1.0,1.0,1.0,0.7871546029909718
q_0455,WithoutText,0.0,0.0,1.0,0.125,0.2483196298438661
q_0456,AliasAwareFusion,0.0,1.0,1.0,0.25,0.3390090350877799
q_0456,WithoutEntity,0.0,0.0,1.0,0.125,0.2483196298438661
q_0456,WithoutPhrase,0.0,1.0,1.0,0.3333333333333333,0.3935773014954859
q_0456,WithoutText,0.0,0.0,0.0,0.0,0.0
q_0457,AliasAwareFusion,1.0,1.0,1.0,1.0,0.7852134991855584
q_0457,WithoutEntity,1.0,1.0,1.0,1.0,0.7852134991855584
q_0457,WithoutPhrase,1.0,1.0,1.0,1.0,0.7978637366933587
q_0457,WithoutText,0.0,1.0,1.0,0.2611111111111111,0.29580463036418764
q_0458,AliasAwareFusion,0.0,1.0,1.0,0.5,0.6174559518700963
q_0458,WithoutEntity,0.0,1.0,1.0,0.5,0.6122420791701899
q_0458,WithoutPhrase,0.0,1.0,1.0,0.5,0.5492787168117745
q_0458,WithoutText,0.6666666666666666,1.0,1.0,0.8333333333333334,0.8083196327827981
q_0459,AliasAwareFusion,1.0,1.0,1.0,1.0,0.7978637366933587
q_0459,WithoutEntity,1.0,1.0,1.0,1.0,0.8178747578506881
q_0459,WithoutPhrase,1.0,1.0,1.0,1.0,0.7697644779771182
q_0459,WithoutText,0.3333333333333333,1.0,1.0,0.6666666666666666,0.6521514112629653
q_0460,AliasAwareFusion,1.0,1.0,1.0,1.0,0.7871546029909718
q_0460,WithoutEntity,0.0,0.0,1.0,0.1666666666666666,0.280390126950546
q_0460,WithoutPhrase,1.0,1.0,1.0,1.0,0.7871546029909718
q_0460,WithoutText,1.0,1.0,1.0,1.0,0.7871546029909718
q_0461,AliasAwareFusion,1.0,1.0,1.0,1.0,0.7025091929134458
q_0461,WithoutEntity,0.0,1.0,1.0,0.5,0.42495889834839423
q_0461,WithoutPhrase,1.0,1.0,1.0,1.0,0.6735439182299784
q_0461,WithoutText,0.6666666666666666,1.0,1.0,0.8333333333333334,0.7476112187330274
q_0462,AliasAwareFusion,1.0,1.0,1.0,1.0,1.0
q_0462,WithoutEntity,1.0,1.0,1.0,1.0,1.0
q_0462,WithoutPhrase,1.0,1.0,1.0,1.0,1.0
q_0462,WithoutText,0.0,1.0,1.0,0.3055555555555555,0.4768921860244643
q_0463,AliasAwareFusion,1.0,1.0,1.0,1.0,0.7871546029909718
q_0463,WithoutEntity,1.0,1.0,1.0,1.0,0.7871546029909718
q_0463,WithoutPhrase,1.0,1.0,1.0,1.0,0.7871546029909718
q_0463,WithoutText,0.0,1.0,1.0,0.25,0.3390090350877799
q_0464,AliasAwareFusion,1.0,1.0,1.0,1.0,0.7871546029909718
q_0464,WithoutEntity,1.0,1.0,1.0,1.0,0.7871546029909718
q_0464,WithoutPhrase,1.0,1.0,1.0,1.0,0.7871546029909718
q_0464,WithoutText,1.0,1.0,1.0,1.0,0.7871546029909718
q_0465,AliasAwareFusion,1.0,1.0,1.0,1.0,1.0
q_0465,WithoutEntity,1.0,1.0,1.0,1.0,1.0
q_0465,WithoutPhrase,1.0,1.0,1.0,1.0,1.0
q_0465,WithoutText,1.0,1.0,1.0,1.0,1.0
q_0466,AliasAwareFusion,1.0,1.0,1.0,1.0,0.7871546029909718
q_0466,WithoutEntity,1.0,1.0,1.0,1.0,0.7871546029909718
q_0466,WithoutPhrase,1.0,1.0,1.0,1.0,0.7871546029909718
q_0466,WithoutText,0.0,0.0,0.0,0.0,0.0
q_0467,AliasAwareFusion,1.0,1.0,1.0,1.0,0.7871546029909718
q_0467,WithoutEntity,0.0,1.0,1.0,0.5,0.4966392596877323
q_0467,WithoutPhrase,1.0,1.0,1.0,1.0,0.7871546029909718
q_0467,WithoutText,0.0,1.0,1.0,0.5,0.4966392596877323
q_0468,AliasAwareFusion,1.0,1.0,1.0,1.0,0.7871546029909718
q_0468,WithoutEntity,0.0,0.0,0.0,0.0,0.0
q_0468,WithoutPhrase,1.0,1.0,1.0,1.0,0.7871546029909718
q_0468,WithoutText,1.0,1.0,1.0,1.0,0.7871546029909718
q_0469,AliasAwareFusion,1.0,1.0,1.0,1.0,0.6735439182299784
q_0469,WithoutEntity,1.0,1.0,1.0,1.0,0.6735439182299784
q_0469,WithoutPhrase,1.0,1.0,1.0,1.0,0.6735439182299784
q_0469,WithoutText,1.0,1.0,1.0,1.0,0.6735439182299784
q_0470,AliasAwareFusion,1.0,1.0,1.0,1.0,0.7871546029909718
q_0470,WithoutEntity,0.0,0.0,1.0,0.10000000000000002,0.2275387085989112
q_0470,WithoutPhrase,1.0,1.0,1.0,1.0,0.7871546029909718
q_0470,WithoutText,0.0,0.0,0.0,0.0,0.0
q_0471,AliasAwareFusion,1.0,1.0,1.0,1.0,0.7871546029909718
q_0471,WithoutEntity,1.0,1.0,1.0,1.0,0.7871546029909718
q_0471,WithoutPhrase,1.0,1.0,1.0,1.0,0.7871546029909718
q_0471,WithoutText,0.0,1.0,1.0,0.20000000000000004,0.3045129678946485
q_0472,AliasAwareFusion,1.0,1.0,1.0,1.0,0.6735439182299784
q_0472,WithoutEntity,1.0,1.0,1.0,1.0,0.6735439182299784
q_0472,WithoutPhrase,1.0,1.0,1.0,1.0,0.6735439182299784
q_0472,WithoutText,1.0,1.0,1.0,1.0,0.6735439182299784
q_0473,AliasAwareFusion,0.3333333333333333,0.6666666666666666,1.0,0.5555555555555555,0.44614133369492964
q_0473,WithoutEntity,0.0,1.0,1.0,0.5,0.42495889834839423
q_0473,WithoutPhrase,0.0,0.0,1.0,0.12261904761904759,0.2105639814416027
q_0473,WithoutText,0.0,0.0,0.0,0.0,0.0
q_0474,AliasAwareFusion,1.0,1.0,1.0,1.0,0.7871546029909718
q_0474,WithoutEntity,0.0,0.0,0.0,0.0,0.0
q_0474,WithoutPhrase,1.0,1.0,1.0,1.0,0.7871546029909718
q_0474,WithoutText,0.0,1.0,1.0,0.4444444444444444,0.4622852736236502
q_0475,AliasAwareFusion,0.0,1.0,1.0,0.3333333333333333,0.3367719591149892
q_0475,WithoutEntity,0.0,0.0,1.0,0.10000000000000002,0.1946978557406183
q_0475,WithoutPhrase,0.0,1.0,1.0,0.3333333333333333,0.3367719591149892
q_0475,WithoutText,0.0,1.0,1.0,0.25,0.290079576414554
q_0476,AliasAwareFusion,1.0,1.0,1.0,1.0,0.7871546029909718
q_0476,WithoutEntity,0.0,1.0,1.0,0.5,0.4966392596877323
q_0476,WithoutPhrase,1.0,1.0,1.0,1.0,0.7871546029909718
q_0476,WithoutText,0.0,0.3333333333333333,1.0,0.17777777777777773,0.28843107393191353
q_0477,AliasAwareFusion,1.0,1.0,1.0,1.0,1.0
q_0477,WithoutEntity,1.0,1.0,1.0,1.0,1.0
q_0477,WithoutPhrase,1.0,1.0,1.0,1.0,1.0
q_0477,WithoutText,1.0,1.0,1.0,1.0,1.0
q_0478,AliasAwareFusion,1.0,1.0,1.0,1.0,0.7871546029909718
q_0478,WithoutEntity,1.0,1.0,1.0,1.0,0.7871546029909718
q_0478,WithoutPhrase,1.0,1.0,1.0,1.0,0.7871546029909718
q_0478,WithoutText,1.0,1.0,1.0,1.0,0.7871546029909718
q_0479,AliasAwareFusion,1.0,1.0,1.0,1.0,0.8556691603792904
q_0479,WithoutEntity,1.0,1.0,1.0,1.0,0.7978637366933587
q_0479,WithoutPhrase,1.0,1.0,1.0,1.0,0.8556691603792904
q_0479,WithoutText,1.0,1.0,1.0,1.0,0.7894302450214918
q_0480,AliasAwareFusion,1.0,1.0,1.0,1.0,0.7871546029909718
q_0480,WithoutEntity,1.0,1.0,1.0,1.0,0.7871546029909718
q_0480,WithoutPhrase,1.0,1.0,1.0,1.0,0.7871546029909718
q_0480,WithoutText,1.0,1.0,1.0,1.0,0.7871546029909718
q_0481,AliasAwareFusion,1.0,1.0,1.0,1.0,0.7871546029909718
q_0481,WithoutEntity,0.0,0.0,1.0,0.1666666666666666,0.280390126950546
q_0481,WithoutPhrase,1.0,1.0,1.0,1.0,0.7871546029909718
q_0481,WithoutText,1.0,1.0,1.0,1.0,0.7871546029909718
q_0482,AliasAwareFusion,1.0,1.0,1.0,1.0,0.7871546029909718
q_0482,WithoutEntity,1.0,1.0,1.0,1.0,0.7871546029909718
q_0482,WithoutPhrase,0.0,1.0,1.0,0.5,0.4966392596877323
q_0482,WithoutText,0.0,0.0,0.0,0.0,0.0
q_0483,AliasAwareFusion,0.0,1.0,1.0,0.25,0.4722048185638658
q_0483,WithoutEntity,0.0,1.0,1.0,0.5,0.5692897379691039
q_0483,WithoutPhrase,0.0,0.0,0.0,0.0,0.2886616792414193
q_0483,WithoutText,0.0,0.3333333333333333,1.0,0.19444444444444442,0.25664064847579554
q_0484,AliasAwareFusion,1.0,1.0,1.0,1.0,0.7871546029909718
q_0484,WithoutEntity,1.0,1.0,1.0,1.0,0.8935773014954859
q_0484,WithoutPhrase,1.0,1.0,1.0,1.0,0.7871546029909718
q_0484,WithoutText,1.0,1.0,1.0,1.0,0.7871546029909718
q_0485,AliasAwareFusion,1.0,1.0,1.0,1.0,0.7871546029909718
q_0485,WithoutEntity,0.0,1.0,1.0,0.3333333333333333,0.3935773014954859
q_0485,WithoutPhrase,1.0,1.0,1.0,1.0,0.7871546029909718
q_0485,WithoutText,0.0,0.0,0.0,0.0,0.0
q_0486,AliasAwareFusion,1.0,1.0,1.0,1.0,0.6735439182299784
q_0486,WithoutEntity,1.0,1.0,1.0,1.0,0.6735439182299784
q_0486,WithoutPhrase,1.0,1.0,1.0,1.0,0.6735439182299784
q_0486,WithoutText,1.0,1.0,1.0,1.0,0.6735439182299784
q_0487,AliasAwareFusion,1.0,1.0,1.0,1.0,1.0
q_0487,WithoutEntity,1.0,1.0,1.0,1.0,1.0
q_0487,WithoutPhrase,1.0,1.0,1.0,1.0,1.0
q_0487,WithoutText,0.0,1.0,1.0,0.4444444444444444,0.5872865023809717
q_0488,AliasAwareFusion,1.0,1.0,1.0,1.0,0.7871546029909718
q_0488,WithoutEntity,1.0,1.0,1.0,1.0,0.7871546029909718
q_0488,WithoutPhrase,1.0,1.0,1.0,1.0,0.7871546029909718
q_0488,WithoutText,1.0,1.0,1.0,1.0,0.7871546029909718
q_0489,AliasAwareFusion,1.0,1.0,1.0,1.0,0.7871546029909718
q_0489,WithoutEntity,1.0,1.0,1.0,1.0,0.7871546029909718
q_0489,WithoutPhrase,1.0,1.0,1.0,1.0,0.7871546029909718
q_0489,WithoutText,0.0,0.6666666666666666,1.0,0.28888888888888886,0.3605141181776423
q_0490,AliasAwareFusion,0.0,0.3333333333333333,1.0,0.19444444444444442,0.25664064847579554
q_0490,WithoutEntity,0.0,0.0,0.0,0.0,0.0
q_0490,WithoutPhrase,0.0,0.3333333333333333,1.0,0.19444444444444442,0.25664064847579554
q_0490,WithoutText,0.0,1.0,1.0,0.2333333333333333,0.28024050279737595
q_0491,AliasAwareFusion,1.0,1.0,1.0,1.0,0.6735439182299784
q_0491,WithoutEntity,1.0,1.0,1.0,1.0,0.6735439182299784
q_0491,WithoutPhrase,1.0,1.0,1.0,1.0,0.6735439182299784
q_0491,WithoutText,0.0,1.0,1.0,0.3055555555555555,0.32120783154817745
q_0492,AliasAwareFusion,1.0,1.0,1.0,1.0,0.6735439182299784
q_0492,WithoutEntity,1.0,1.0,1.0,1.0,0.6735439182299784
q_0492,WithoutPhrase,1.0,1.0,1.0,1.0,0.6735439182299784
q_0492,WithoutText,0.0,0.0,0.0,0.0,0.0
q_0493,AliasAwareFusion,1.0,1.0,1.0,1.0,0.6735439182299784
q_0493,WithoutEntity,1.0,1.0,1.0,1.0,0.6735439182299784
q_0493,WithoutPhrase,1.0,1.0,1.0,1.0,0.6735439182299784
q_0493,WithoutText,0.0,0.0,0.0,0.0,0.0
q_0494,AliasAwareFusion,0.0,0.0,0.0,0.0,0.0
q_0494,WithoutEntity,0.0,0.0,0.0,0.0,0.0
q_0494,WithoutPhrase,0.0,1.0,1.0,0.5,0.42495889834839423
q_0494,WithoutText,0.0,0.0,0.0,0.0,0.0
q_0495,AliasAwareFusion,1.0,1.0,1.0,1.0,0.95188972012643
q_0495,WithoutEntity,1.0,1.0,1.0,1.0,0.9467317814539461
q_0495,WithoutPhrase,1.0,1.0,1.0,1.0,0.914095317597828
q_0495,WithoutText,0.0,0.0,0.0,0.0,0.0
q_0496,AliasAwareFusion,1.0,1.0,1.0,1.0,0.6735439182299784
q_0496,WithoutEntity,1.0,1.0,1.0,1.0,0.6735439182299784
q_0496,WithoutPhrase,0.0,1.0,1.0,0.5,0.42495889834839423
q_0496,WithoutText,0.0,1.0,1.0,0.25,0.290079576414554
q_0497,AliasAwareFusion,1.0,1.0,1.0,1.0,0.7978637366933587
q_0497,WithoutEntity,1.0,1.0,1.0,1.0,0.7646065393046344
q_0497,WithoutPhrase,1.0,1.0,1.0,1.0,0.6735439182299784
q_0497,WithoutText,1.0,1.0,1.0,1.0,0.8178747578506881
q_0498,AliasAwareFusion,0.0,1.0,1.0,0.25,0.290079576414554
q_0498,WithoutEntity,0.0,1.0,1.0,0.25,0.290079576414554
q_0498,WithoutPhrase,0.0,1.0,1.0,0.25,0.290079576414554
q_0498,WithoutText,0.0,1.0,1.0,0.5,0.42495889834839423
q_0499,AliasAwareFusion,1.0,1.0,1.0,1.0,0.6735439182299784
q_0499,WithoutEntity,0.0,1.0,1.0,0.25,0.290079576414554
q_0499,WithoutPhrase,1.0,1.0,1.0,1.0,0.6735439182299784
q_0499,WithoutText,0.0,0.0,0.0,0.0,0.0
q_0500,AliasAwareFusion,1.0,1.0,1.0,1.0,0.6735439182299784
q_0500,WithoutEntity,0.0,1.0,1.0,0.20000000000000004,0.2605623555630197
q_0500,WithoutPhrase,1.0,1.0,1.0,1.0,0.7618286746217985
q_0500,WithoutText,0.0,1.0,1.0,0.2333333333333333,0.28024050279737595
q_0501,AliasAwareFusion,1.0,1.0,1.0,1.0,0.6735439182299784
q_0501,WithoutEntity,1.0,1.0,1.0,1.0,0.7763672830184426
q_0501,WithoutPhrase,1.0,1.0,1.0,1.0,0.6735439182299784
q_0501,WithoutText,1.0,1.0,1.0,1.0,0.6735439182299784
q_0502,AliasAwareFusion,1.0,1.0,1.0,1.0,0.6735439182299784
q_0502,WithoutEntity,1.0,1.0,1.0,1.0,0.6735439182299784
q_0502,WithoutPhrase,0.0,1.0,1.0,0.5,0.42495889834839423
q_0502,WithoutText,0.0,1.0,1.0,0.5,0.42495889834839423
q_0503,AliasAwareFusion,0.0,1.0,1.0,0.5,0.42495889834839423
q_0503,WithoutEntity,0.0,1.0,1.0,0.3333333333333333,0.3367719591149892
q_0503,WithoutPhrase,0.0,1.0,1.0,0.5,0.42495889834839423
q_0503,WithoutText,1.0,1.0,1.0,1.0,0.6735439182299784
q_0504,AliasAwareFusion,1.0,1.0,1.0,1.0,0.8556691603792904
q_0504,WithoutEntity,1.0,1.0,1.0,1.0,0.8556691603792904
q_0504,WithoutPhrase,1.0,1.0,1.0,1.0,0.8556691603792904
q_0504,WithoutText,0.6666666666666666,1.0,1.0,0.8333333333333334,0.7350130845568267
q_0505,AliasAwareFusion,1.0,1.0,1.0,1.0,0.7978637366933587
q_0505,WithoutEntity,1.0,1.0,1.0,1.0,0.6735439182299784
q_0505,WithoutPhrase,1.0,1.0,1.0,1.0,0.8178747578506881
q_0505,WithoutText,1.0,1.0,1.0,1.0,0.7978637366933587
q_0506,AliasAwareFusion,1.0,1.0,1.0,1.0,1.0
q_0506,WithoutEntity,1.0,1.0,1.0,1.0,1.0
q_0506,WithoutPhrase,1.0,1.0,1.0,1.0,1.0
q_0506,WithoutText,1.0,1.0,1.0,1.0,1.0
q_0507,AliasAwareFusion,1.0,1.0,1.0,1.0,0.7871546029909718
q_0507,WithoutEntity,1.0,1.0,1.0,1.0,0.7871546029909718
q_0507,WithoutPhrase,1.0,1.0,1.0,1.0,0.7871546029909718
q_0507,WithoutText,0.0,1.0,1.0,0.5,0.4966392596877323
q_0508,AliasAwareFusion,1.0,1.0,1.0,1.0,0.6735439182299784
q_0508,WithoutEntity,1.0,1.0,1.0,1.0,0.6735439182299784
q_0508,WithoutPhrase,1.0,1.0,1.0,1.0,0.6735439182299784
q_0508,WithoutText,0.0,0.0,0.0,0.0,0.0
q_0509,AliasAwareFusion,1.0,1.0,1.0,1.0,0.7697644779771182
q_0509,WithoutEntity,1.0,1.0,1.0,1.0,0.6735439182299784
q_0509,WithoutPhrase,1.0,1.0,1.0,1.0,0.7697644779771182
q_0509,WithoutText,0.0,0.0,0.0,0.0,0.0
q_0510,AliasAwareFusion,1.0,1.0,1.0,1.0,0.6735439182299784
q_0510,WithoutEntity,1.0,1.0,1.0,1.0,0.6735439182299784
q_0510,WithoutPhrase,1.0,1.0,1.0,1.0,0.6735439182299784
q_0510,WithoutText,0.0,1.0,1.0,0.3333333333333333,0.3367719591149892
q_0511,AliasAwareFusion,1.0,1.0,1.0,1.0,0.7688571677586471
q_0511,WithoutEntity,1.0,1.0,1.0,1.0,0.6735439182299784
q_0511,WithoutPhrase,1.0,1.0,1.0,1.0,0.7741663480046679
q_0511,WithoutText,1.0,1.0,1.0,1.0,0.6735439182299784
q_0512,AliasAwareFusion,1.0,1.0,1.0,1.0,0.7852134991855584
q_0512,WithoutEntity,1.0,1.0,1.0,1.0,0.6735439182299784
q_0512,WithoutPhrase,1.0,1.0,1.0,1.0,0.7604397422803805
q_0512,WithoutText,1.0,1.0,1.0,1.0,0.7763672830184426
q_0513,AliasAwareFusion,1.0,1.0,1.0,1.0,0.8178747578506881
q_0513,WithoutEntity,1.0,1.0,1.0,1.0,0.6735439182299784
q_0513,WithoutPhrase,1.0,1.0,1.0,1.0,0.8178747578506881
q_0513,WithoutText,0.0,1.0,1.0,0.3333333333333333,0.6254336383564085
q_0514,AliasAwareFusion,1.0,1.0,1.0,1.0,0.6735439182299784
q_0514,WithoutEntity,0.0,1.0,1.0,0.5,0.42495889834839423
q_0514,WithoutPhrase,1.0,1.0,1.0,1.0,0.6735439182299784
q_0514,WithoutText,0.0,0.0,1.0,0.15873015873015867,0.23478566947427515
q_0515,AliasAwareFusion,1.0,1.0,1.0,1.0,0.7871546029909718
q_0515,WithoutEntity,0.0,0.0,1.0,0.1428571428571428,0.2623848676636572
q_0515,WithoutPhrase,1.0,1.0,1.0,1.0,0.7871546029909718
q_0515,WithoutText,1.0,1.0,1.0,1.0,0.7871546029909718
q_0516,AliasAwareFusion,1.0,1.0,1.0,1.0,0.9402396560868356
q_0516,WithoutEntity,0.0,0.0,1.0,0.125,0.2483196298438661
q_0516,WithoutPhrase,1.0,1.0,1.0,1.0,0.95583058934618
q_0516,WithoutText,1.0,1.0,1.0,1.0,1.0
q_0517,AliasAwareFusion,0.6666666666666666,1.0,1.0,0.8333333333333334,0.590682244936117
q_0517,WithoutEntity,0.0,0.0,0.0,0.0,0.0
q_0517,WithoutPhrase,1.0,1.0,1.0,1.0,0.7978637366933587
q_0517,WithoutText,0.0,0.0,0.0,0.0,0.0
q_0518,AliasAwareFusion,1.0,1.0,1.0,1.0,0.6735439182299784
q_0518,WithoutEntity,1.0,1.0,1.0,1.0,0.6735439182299784
q_0518,WithoutPhrase,1.0,1.0,1.0,1.0,0.6735439182299784
q_0518,WithoutText,1.0,1.0,1.0,1.0,0.6735439182299784
q_0519,AliasAwareFusion,1.0,1.0,1.0,1.0,0.6735439182299784
q_0519,WithoutEntity,1.0,1.0,1.0,1.0,0.6735439182299784
q_0519,WithoutPhrase,1.0,1.0,1.0,1.0,0.6735439182299784
q_0519,WithoutText,1.0,1.0,1.0,1.0,0.6735439182299784
q_0520,AliasAwareFusion,1.0,1.0,1.0,1.0,0.6735439182299784
q_0520,WithoutEntity,1.0,1.0,1.0,1.0,0.6735439182299784
q_0520,WithoutPhrase,1.0,1.0,1.0,1.0,0.6735439182299784
q_0520,WithoutText,1.0,1.0,1.0,1.0,0.6735439182299784
q_0521,AliasAwareFusion,1.0,1.0,1.0,1.0,0.6735439182299784
q_0521,WithoutEntity,1.0,1.0,1.0,1.0,0.6735439182299784
q_0521,WithoutPhrase,1.0,1.0,1.0,1.0,0.6735439182299784
q_0521,WithoutText,1.0,1.0,1.0,1.0,0.6735439182299784
q_0522,AliasAwareFusion,1.0,1.0,1.0,1.0,0.7646065393046344
q_0522,WithoutEntity,1.0,1.0,1.0,1.0,0.6735439182299784
q_0522,WithoutPhrase,1.0,1.0,1.0,1.0,0.6735439182299784
q_0522,WithoutText,1.0,1.0,1.0,1.0,0.8556691603792904
q_0523,AliasAwareFusion,1.0,1.0,1.0,1.0,0.7604397422803805
q_0523,WithoutEntity,1.0,1.0,1.0,1.0,0.6735439182299784
q_0523,WithoutPhrase,1.0,1.0,1.0,1.0,0.7697644779771182
q_0523,WithoutText,0.0,1.0,1.0,0.4444444444444444,0.39556325193725916
q_0524,AliasAwareFusion,0.6666666666666666,1.0,1.0,0.7333333333333334,0.5358833973409922
q_0524,WithoutEntity,1.0,1.0,1.0,1.0,0.6735439182299784
q_0524,WithoutPhrase,0.0,0.0,0.6666666666666666,0.08888888888888886,0.14487301341567818
q_0524,WithoutText,0.0,0.0,0.0,0.0,0.0
q_0525,AliasAwareFusion,1.0,1.0,1.0,1.0,0.6735439182299784
q_0525,WithoutEntity,0.0,0.0,1.0,0.1428571428571428,0.3079565775845435
q_0525,WithoutPhrase,0.0,1.0,1.0,0.5,0.42495889834839423
q_0525,WithoutText,1.0,1.0,1.0,1.0,0.6735439182299784
q_0526,AliasAwareFusion,1.0,1.0,1.0,1.0,0.6735439182299784
q_0526,WithoutEntity,1.0,1.0,1.0,1.0,0.6735439182299784
q_0526,WithoutPhrase,1.0,1.0,1.0,1.0,0.6735439182299784
q_0526,WithoutText,1.0,1.0,1.0,1.0,0.6735439182299784
q_0527,AliasAwareFusion,1.0,1.0,1.0,1.0,0.6735439182299784
q_0527,WithoutEntity,1.0,1.0,1.0,1.0,0.6735439182299784
q_0527,WithoutPhrase,1.0,1.0,1.0,1.0,0.6735439182299784
q_0527,WithoutText,1.0,1.0,1.0,1.0,0.6735439182299784
q_0528,AliasAwareFusion,0.0,1.0,1.0,0.3333333333333333,0.3657372337984565
q_0528,WithoutEntity,0.0,0.0,0.0,0.0,0.1821252421493118
q_0528,WithoutPhrase,0.0,1.0,1.0,0.3333333333333333,0.36458593850650617
q_0528,WithoutText,0.0,1.0,1.0,0.3055555555555555,0.32120783154817745
q_0529,AliasAwareFusion,1.0,1.0,1.0,1.0,0.6735439182299784
q_0529,WithoutEntity,1.0,1.0,1.0,1.0,0.6735439182299784
q_0529,WithoutPhrase,1.0,1.0,1.0,1.0,0.6735439182299784
q_0529,WithoutText,1.0,1.0,1.0,1.0,0.6735439182299784
q_0530,AliasAwareFusion,1.0,1.0,1.0,1.0,0.7013578976214955
q_0530,WithoutEntity,1.0,1.0,1.0,1.0,0.6735439182299784
q_0530,WithoutPhrase,1.0,1.0,1.0,1.0,0.6735439182299784
q_0530,WithoutText,0.0,0.0,0.3333333333333333,0.047619047619047596,0.18365690706000473
q_0531,AliasAwareFusion,1.0,1.0,1.0,1.0,0.7978637366933587
q_0531,WithoutEntity,0.0,1.0,1.0,0.5,0.5492787168117745
q_0531,WithoutPhrase,1.0,1.0,1.0,1.0,0.8178747578506881
q_0531,WithoutText,0.0,0.0,1.0,0.13888888888888887,0.31047946827563433
q_0532,AliasAwareFusion,1.0,1.0,1.0,1.0,0.6735439182299784
q_0532,WithoutEntity,1.0,1.0,1.0,1.0,0.6735439182299784
q_0532,WithoutPhrase,1.0,1.0,1.0,1.0,0.6735439182299784
q_0532,WithoutText,0.0,0.0,0.0,0.0,0.0
q_0533,AliasAwareFusion,1.0,1.0,1.0,1.0,0.6735439182299784
q_0533,WithoutEntity,1.0,1.0,1.0,1.0,0.6735439182299784
q_0533,WithoutPhrase,1.0,1.0,1.0,1.0,0.6735439182299784
q_0533,WithoutText,1.0,1.0,1.0,1.0,0.6735439182299784
q_0534,AliasAwareFusion,0.0,0.0,1.0,0.1448412698412698,0.3196408720903796
q_0534,WithoutEntity,1.0,1.0,1.0,1.0,0.8178747578506881
q_0534,WithoutPhrase,0.0,0.0,0.0,0.0,0.12382467429085135
q_0534,WithoutText,0.0,0.0,0.0,0.0,0.0
q_0535,AliasAwareFusion,1.0,1.0,1.0,1.0,0.8556691603792904
q_0535,WithoutEntity,1.0,1.0,1.0,1.0,0.8556691603792904
q_0535,WithoutPhrase,1.0,1.0,1.0,1.0,0.8556691603792904
q_0535,WithoutText,1.0,1.0,1.0,1.0,0.8178747578506881
q_0536,AliasAwareFusion,0.3333333333333333,1.0,1.0,0.6666666666666666,0.5078205716422556
q_0536,WithoutEntity,0.0,0.0,0.0,0.0,0.0
q_0536,WithoutPhrase,1.0,1.0,1.0,1.0,0.6735439182299784
q_0536,WithoutText,0.0,0.0,0.0,0.0,0.0
q_0537,AliasAwareFusion,1.0,1.0,1.0,1.0,0.6735439182299784
q_0537,WithoutEntity,1.0,1.0,1.0,1.0,0.6735439182299784
q_0537,WithoutPhrase,0.0,1.0,1.0,0.5,0.42495889834839423
q_0537,WithoutText,0.0,0.0,0.0,0.0,0.0
q_0538,AliasAwareFusion,1.0,1.0,1.0,1.0,0.6735439182299784
q_0538,WithoutEntity,1.0,1.0,1.0,1.0,0.6735439182299784
q_0538,WithoutPhrase,1.0,1.0,1.0,1.0,0.6735439182299784
q_0538,WithoutText,1.0,1.0,1.0,1.0,0.6735439182299784
q_0539,AliasAwareFusion,0.0,1.0,1.0,0.25,0.290079576414554
q_0539,WithoutEntity,0.0,1.0,1.0,0.20000000000000004,0.2605623555630197
q_0539,WithoutPhrase,0.6666666666666666,1.0,1.0,0.8333333333333334,0.6891037396970315
q_0539,WithoutText,0.0,0.0,0.0,0.0,0.0
q_0540,AliasAwareFusion,0.0,0.0,1.0,0.1666666666666666,0.2399211845064163
q_0540,WithoutEntity,0.0,0.0,0.0,0.0,0.0
q_0540,WithoutPhrase,0.0,1.0,1.0,0.25,0.290079576414554
q_0540,WithoutText,0.0,0.0,0.0,0.0,0.0
q_0541,AliasAwareFusion,0.0,0.0,0.0,0.0,0.0
q_0541,WithoutEntity,0.0,0.0,0.0,0.0,0.0
q_0541,WithoutPhrase,0.0,0.0,0.0,0.0,0.0
q_0541,WithoutText,0.0,0.0,0.0,0.0,0.0
q_0542,AliasAwareFusion,0.0,0.0,1.0,0.1666666666666666,0.2399211845064163
q_0542,WithoutEntity,0.0,0.0,0.0,0.0,0.0
q_0542,WithoutPhrase,0.0,1.0,1.0,0.3611111111111111,0.3506034779593124
q_0542,WithoutText,0.0,1.0,1.0,0.4166666666666667,0.37999912437044747
q_0543,AliasAwareFusion,1.0,1.0,1.0,1.0,0.7741663480046679
q_0543,WithoutEntity,1.0,1.0,1.0,1.0,0.7763672830184426
q_0543,WithoutPhrase,1.0,1.0,1.0,1.0,0.6735439182299784
q_0543,WithoutText,0.0,0.0,0.0,0.0,0.0
q_0544,AliasAwareFusion,0.0,0.0,0.3333333333333333,0.047619047619047596,0.07483821313666426
q_0544,WithoutEntity,0.0,0.0,0.0,0.0,0.0
q_0544,WithoutPhrase,0.0,0.0,0.0,0.0,0.0
q_0544,WithoutText,1.0,1.0,1.0,1.0,0.6735439182299784
q_0545,AliasAwareFusion,1.0,1.0,1.0,1.0,0.6735439182299784
q_0545,WithoutEntity,1.0,1.0,1.0,1.0,0.6735439182299784
q_0545,WithoutPhrase,1.0,1.0,1.0,1.0,0.6735439182299784
q_0545,WithoutText,1.0,1.0,1.0,1.0,0.6735439182299784
q_0546,AliasAwareFusion,1.0,1.0,1.0,1.0,0.95583058934618
q_0546,WithoutEntity,1.0,1.0,1.0,1.0,1.0
q_0546,WithoutPhrase,1.0,1.0,1.0,1.0,0.964525767165162
q_0546,WithoutText,1.0,1.0,1.0,1.0,0.7871546029909718
q_0547,AliasAwareFusion,1.0,1.0,1.0,1.0,0.8238025516411124
q_0547,WithoutEntity,1.0,1.0,1.0,1.0,0.7697644779771182
q_0547,WithoutPhrase,1.0,1.0,1.0,1.0,0.7894302450214918
q_0547,WithoutText,0.0,1.0,1.0,0.39999999999999997,0.37016005075326935
q_0548,AliasAwareFusion,1.0,1.0,1.0,1.0,0.6735439182299784
q_0548,WithoutEntity,1.0,1.0,1.0,1.0,0.6735439182299784
q_0548,WithoutPhrase,1.0,1.0,1.0,1.0,0.6735439182299784
q_0548,WithoutText,1.0,1.0,1.0,1.0,0.6735439182299784
q_0549,AliasAwareFusion,1.0,1.0,1.0,1.0,0.6735439182299784
q_0549,WithoutEntity,1.0,1.0,1.0,1.0,0.6735439182299784
q_0549,WithoutPhrase,1.0,1.0,1.0,1.0,0.6735439182299784
q_0549,WithoutText,1.0,1.0,1.0,1.0,0.6735439182299784
q_0550,AliasAwareFusion,1.0,1.0,1.0,1.0,0.7871546029909718
q_0550,WithoutEntity,1.0,1.0,1.0,1.0,0.7871546029909718
q_0550,WithoutPhrase,1.0,1.0,1.0,1.0,0.7871546029909718
q_0550,WithoutText,0.3333333333333333,1.0,1.0,0.6666666666666666,0.5934777074554788
q_0551,AliasAwareFusion,1.0,1.0,1.0,1.0,0.9206981226391524
q_0551,WithoutEntity,1.0,1.0,1.0,1.0,0.8178747578506881
q_0551,WithoutPhrase,1.0,1.0,1.0,1.0,0.9206981226391524
q_0551,WithoutText,0.0,1.0,1.0,0.38888888888888884,0.4282560398471292
q_0552,AliasAwareFusion,1.0,1.0,1.0,1.0,0.6735439182299784
q_0552,WithoutEntity,1.0,1.0,1.0,1.0,0.6735439182299784
q_0552,WithoutPhrase,1.0,1.0,1.0,1.0,0.7763672830184426
q_0552,WithoutText,0.0,0.0,0.0,0.0,0.0
q_0553,AliasAwareFusion,1.0,1.0,1.0,1.0,0.6735439182299784
q_0553,WithoutEntity,1.0,1.0,1.0,1.0,0.6735439182299784
q_0553,WithoutPhrase,1.0,1.0,1.0,1.0,0.6735439182299784
q_0553,WithoutText,0.0,1.0,1.0,0.5,0.42495889834839423
q_0554,AliasAwareFusion,0.0,0.0,0.0,0.0,0.2886616792414193
q_0554,WithoutEntity,0.0,0.0,0.0,0.0,0.2886616792414193
q_0554,WithoutPhrase,0.0,0.0,0.0,0.0,0.2886616792414193
q_0554,WithoutText,0.0,0.0,0.0,0.0,0.2886616792414193
q_0555,AliasAwareFusion,0.0,0.0,0.0,0.0,0.0
q_0555,WithoutEntity,0.0,0.0,0.0,0.0,0.0
q_0555,WithoutPhrase,0.0,0.0,0.0,0.0,0.0
q_0555,WithoutText,0.0,0.0,0.0,0.0,0.0
q_0556,AliasAwareFusion,0.0,0.0,0.0,0.0,0.0
q_0556,WithoutEntity,0.0,0.0,0.0,0.0,0.0
q_0556,WithoutPhrase,0.0,0.0,0.0,0.0,0.0
q_0556,WithoutText,0.0,0.0,0.0,0.0,0.0
q_0557,AliasAwareFusion,0.0,1.0,1.0,0.27777777777777773,0.5570739246345879
q_0557,WithoutEntity,0.0,0.0,0.0,0.0,0.1028233647884641
q_0557,WithoutPhrase,0.0,1.0,1.0,0.5,0.661040892344242
q_0557,WithoutText,0.0,1.0,1.0,0.3333333333333333,0.6305667822198809
q_0558,AliasAwareFusion,1.0,1.0,1.0,1.0,0.6735439182299784
q_0558,WithoutEntity,1.0,1.0,1.0,1.0,0.6735439182299784
q_0558,WithoutPhrase,1.0,1.0,1.0,1.0,0.6735439182299784
q_0558,WithoutText,1.0,1.0,1.0,1.0,0.6735439182299784
q_0559,AliasAwareFusion,1.0,1.0,1.0,1.0,0.6735439182299784
q_0559,WithoutEntity,1.0,1.0,1.0,1.0,0.6735439182299784
q_0559,WithoutPhrase,1.0,1.0,1.0,1.0,0.6735439182299784
q_0559,WithoutText,1.0,1.0,1.0,1.0,0.6735439182299784
q_0560,AliasAwareFusion,1.0,1.0,1.0,1.0,0.7763672830184426
q_0560,WithoutEntity,1.0,1.0,1.0,1.0,0.6735439182299784
q_0560,WithoutPhrase,1.0,1.0,1.0,1.0,0.7978637366933587
q_0560,WithoutText,0.0,1.0,1.0,0.5,0.42495889834839423
q_0561,AliasAwareFusion,0.0,1.0,1.0,0.5,0.8579514172105233
q_0561,WithoutEntity,0.0,1.0,1.0,0.3333333333333333,0.8075588805057204
q_0561,WithoutPhrase,1.0,1.0,1.0,1.0,1.0
q_0561,WithoutText,0.0,0.0,0.0,0.0,0.2886616792414193
q_0562,AliasAwareFusion,0.0,0.0,0.0,0.0,0.0
q_0562,WithoutEntity,0.0,0.0,0.0,0.0,0.0
q_0562,WithoutPhrase,0.0,0.0,0.0,0.0,0.0
q_0562,WithoutText,0.0,0.0,0.0,0.0,0.0
q_0563,AliasAwareFusion,0.0,0.0,0.0,0.0,0.0
q_0563,WithoutEntity,1.0,1.0,1.0,1.0,0.7871546029909718
q_0563,WithoutPhrase,0.0,0.0,0.0,0.0,0.0
q_0563,WithoutText,0.0,0.0,0.0,0.0,0.0
q_0564,AliasAwareFusion,1.0,1.0,1.0,1.0,0.7871546029909718
q_0564,WithoutEntity,1.0,1.0,1.0,1.0,0.7871546029909718
q_0564,WithoutPhrase,1.0,1.0,1.0,1.0,0.7871546029909718
q_0564,WithoutText,0.0,0.0,1.0,0.1666666666666666,0.280390126950546
q_0565,AliasAwareFusion,0.0,0.0,0.0,0.0,0.33735197271041645
q_0565,WithoutEntity,0.0,1.0,1.0,0.3333333333333333,0.606422698504514
q_0565,WithoutPhrase,0.0,0.0,0.0,0.0,0.33735197271041645
q_0565,WithoutText,0.0,0.0,0.0,0.0,0.0
q_0566,AliasAwareFusion,1.0,1.0,1.0,1.0,0.7871546029909718
q_0566,WithoutEntity,0.0,1.0,1.0,0.5,0.4966392596877323
q_0566,WithoutPhrase,1.0,1.0,1.0,1.0,0.7871546029909718
q_0566,WithoutText,0.0,0.0,0.0,0.0,0.0
q_0567,AliasAwareFusion,1.0,1.0,1.0,1.0,0.7632176069632165
q_0567,WithoutEntity,1.0,1.0,1.0,1.0,0.6735439182299784
q_0567,WithoutPhrase,1.0,1.0,1.0,1.0,0.7646065393046344
q_0567,WithoutText,1.0,1.0,1.0,1.0,0.7697644779771182
q_0568,AliasAwareFusion,1.0,1.0,1.0,1.0,0.6735439182299784
q_0568,WithoutEntity,1.0,1.0,1.0,1.0,0.6735439182299784
q_0568,WithoutPhrase,1.0,1.0,1.0,1.0,0.6735439182299784
q_0568,WithoutText,1.0,1.0,1.0,1.0,0.6735439182299784
q_0569,AliasAwareFusion,1.0,1.0,1.0,1.0,0.6735439182299784
q_0569,WithoutEntity,1.0,1.0,1.0,1.0,0.8178747578506881
q_0569,WithoutPhrase,1.0,1.0,1.0,1.0,0.6735439182299784
q_0569,WithoutText,0.6666666666666666,1.0,1.0,0.8333333333333334,0.590682244936117
q_0570,AliasAwareFusion,1.0,1.0,1.0,1.0,0.6735439182299784
q_0570,WithoutEntity,1.0,1.0,1.0,1.0,0.6735439182299784
q_0570,WithoutPhrase,1.0,1.0,1.0,1.0,0.6735439182299784
q_0570,WithoutText,0.0,1.0,1.0,0.5,0.42495889834839423
q_0571,AliasAwareFusion,1.0,1.0,1.0,1.0,0.9852768631153933
q_0571,WithoutEntity,0.0,1.0,1.0,0.3333333333333333,0.606422698504514
q_0571,WithoutPhrase,1.0,1.0,1.0,1.0,1.0
q_0571,WithoutText,0.0,1.0,1.0,0.5,0.6653152460429406
q_0572,AliasAwareFusion,1.0,1.0,1.0,1.0,0.9547927104902691
q_0572,WithoutEntity,1.0,1.0,1.0,1.0,0.8178747578506881
q_0572,WithoutPhrase,1.0,1.0,1.0,1.0,1.0
q_0572,WithoutText,0.0,0.0,0.0,0.0,0.0
q_0573,AliasAwareFusion,1.0,1.0,1.0,1.0,0.7398918930751798
q_0573,WithoutEntity,1.0,1.0,1.0,1.0,0.6735439182299784
q_0573,WithoutPhrase,1.0,1.0,1.0,1.0,0.8112044174649116
q_0573,WithoutText,0.0,0.0,0.3333333333333333,0.03333333333333333,0.06489928524687276
q_0574,AliasAwareFusion,1.0,1.0,1.0,1.0,0.7871546029909718
q_0574,WithoutEntity,1.0,1.0,1.0,1.0,0.7871546029909718
q_0574,WithoutPhrase,1.0,1.0,1.0,1.0,0.7871546029909718
q_0574,WithoutText,1.0,1.0,1.0,1.0,0.7871546029909718
q_0575,AliasAwareFusion,1.0,1.0,1.0,1.0,0.9673387413348701
q_0575,WithoutEntity,1.0,1.0,1.0,1.0,0.8178747578506881
q_0575,WithoutPhrase,1.0,1.0,1.0,1.0,0.8846344350627575
q_0575,WithoutText,1.0,1.0,1.0,1.0,0.8556691603792904
q_0576,AliasAwareFusion,1.0,1.0,1.0,1.0,0.9176601606601068
q_0576,WithoutEntity,1.0,1.0,1.0,1.0,0.7871546029909718
q_0576,WithoutPhrase,1.0,1.0,1.0,1.0,0.9176601606601068
q_0576,WithoutText,1.0,1.0,1.0,1.0,0.8887076658732239
q_0577,AliasAwareFusion,1.0,1.0,1.0,1.0,0.6735439182299784
q_0577,WithoutEntity,1.0,1.0,1.0,1.0,0.9799889788426704
q_0577,WithoutPhrase,1.0,1.0,1.0,1.0,0.6735439182299784
q_0577,WithoutText,0.0,0.0,0.3333333333333333,0.041666666666666664,0.0708264830580657
q_0578,AliasAwareFusion,1.0,1.0,1.0,1.0,0.6735439182299784
q_0578,WithoutEntity,1.0,1.0,1.0,1.0,0.6735439182299784
q_0578,WithoutPhrase,1.0,1.0,1.0,1.0,0.6735439182299784
q_0578,WithoutText,1.0,1.0,1.0,1.0,0.6735439182299784
q_0579,AliasAwareFusion,1.0,1.0,1.0,1.0,0.7871546029909718
q_0579,WithoutEntity,1.0,1.0,1.0,1.0,0.7871546029909718
q_0579,WithoutPhrase,1.0,1.0,1.0,1.0,0.7871546029909718
q_0579,WithoutText,1.0,1.0,1.0,1.0,0.7871546029909718
q_0580,AliasAwareFusion,1.0,1.0,1.0,1.0,0.7978637366933587
q_0580,WithoutEntity,1.0,1.0,1.0,1.0,0.8556691603792904
q_0580,WithoutPhrase,1.0,1.0,1.0,1.0,0.7666562327448724
q_0580,WithoutText,1.0,1.0,1.0,1.0,0.6735439182299784
q_0581,AliasAwareFusion,1.0,1.0,1.0,1.0,0.6735439182299784
q_0581,WithoutEntity,1.0,1.0,1.0,1.0,0.6735439182299784
q_0581,WithoutPhrase,1.0,1.0,1.0,1.0,0.6735439182299784
q_0581,WithoutText,0.0,1.0,1.0,0.5,0.42495889834839423
q_0582,AliasAwareFusion,1.0,1.0,1.0,1.0,0.6735439182299784
q_0582,WithoutEntity,1.0,1.0,1.0,1.0,0.6735439182299784
q_0582,WithoutPhrase,1.0,1.0,1.0,1.0,0.6735439182299784
q_0582,WithoutText,1.0,1.0,1.0,1.0,0.6735439182299784
q_0583,AliasAwareFusion,1.0,1.0,1.0,1.0,0.7871546029909718
q_0583,WithoutEntity,1.0,1.0,1.0,1.0,0.7871546029909718
q_0583,WithoutPhrase,1.0,1.0,1.0,1.0,0.7871546029909718
q_0583,WithoutText,0.0,1.0,1.0,0.25,0.3390090350877799
q_0584,AliasAwareFusion,1.0,1.0,1.0,1.0,0.6735439182299784
q_0584,WithoutEntity,0.0,1.0,1.0,0.3333333333333333,0.4484415400705691
q_0584,WithoutPhrase,1.0,1.0,1.0,1.0,0.6735439182299784
q_0584,WithoutText,1.0,1.0,1.0,1.0,0.6735439182299784
q_0585,AliasAwareFusion,0.0,1.0,1.0,0.20000000000000004,0.2605623555630197
q_0585,WithoutEntity,0.0,0.0,0.0,0.0,0.0
q_0585,WithoutPhrase,0.0,0.0,1.0,0.1666666666666666,0.2399211845064163
q_0585,WithoutText,0.0,1.0,1.0,0.2333333333333333,0.28024050279737595
q_0586,AliasAwareFusion,0.0,1.0,1.0,0.5,0.42495889834839423
q_0586,WithoutEntity,1.0,1.0,1.0,1.0,0.6735439182299784
q_0586,WithoutPhrase,0.0,1.0,1.0,0.25,0.290079576414554
q_0586,WithoutText,0.0,1.0,1.0,0.3333333333333333,0.3367719591149892
q_0587,AliasAwareFusion,1.0,1.0,1.0,1.0,0.6735439182299784
q_0587,WithoutEntity,1.0,1.0,1.0,1.0,0.6735439182299784
q_0587,WithoutPhrase,1.0,1.0,1.0,1.0,0.6735439182299784
q_0587,WithoutText,1.0,1.0,1.0,1.0,0.6735439182299784
q_0588,AliasAwareFusion,0.0,0.0,1.0,0.13690476190476186,0.22050290933139424
q_0588,WithoutEntity,0.0,0.0,0.0,0.0,0.0
q_0588,WithoutPhrase,0.0,1.0,1.0,0.20000000000000004,0.2605623555630197
q_0588,WithoutText,0.0,0.0,0.0,0.0,0.0
q_0589,AliasAwareFusion,1.0,1.0,1.0,1.0,0.6735439182299784
q_0589,WithoutEntity,1.0,1.0,1.0,1.0,0.7763672830184426
q_0589,WithoutPhrase,1.0,1.0,1.0,1.0,0.6735439182299784
q_0589,WithoutText,1.0,1.0,1.0,1.0,0.6735439182299784
q_0590,AliasAwareFusion,0.0,0.6666666666666666,1.0,0.18888888888888888,0.296472020913281
q_0590,WithoutEntity,0.0,1.0,1.0,0.20000000000000004,0.3045129678946485
q_0590,WithoutPhrase,0.0,0.0,0.6666666666666666,0.07407407407407407,0.15797143115017
q_0590,WithoutText,0.0,0.0,0.0,0.0,0.0
q_0591,AliasAwareFusion,1.0,1.0,1.0,1.0,0.6735439182299784
q_0591,WithoutEntity,0.0,0.0,0.0,0.0,0.0
q_0591,WithoutPhrase,1.0,1.0,1.0,1.0,0.6735439182299784
q_0591,WithoutText,1.0,1.0,1.0,1.0,0.6735439182299784
q_0592,AliasAwareFusion,1.0,1.0,1.0,1.0,0.9824425733925134
q_0592,WithoutEntity,1.0,1.0,1.0,1.0,1.0
q_0592,WithoutPhrase,1.0,1.0,1.0,1.0,0.9728234942843651
q_0592,WithoutText,1.0,1.0,1.0,1.0,0.7741663480046679
q_0593,AliasAwareFusion,1.0,1.0,1.0,1.0,0.8556691603792904
q_0593,WithoutEntity,1.0,1.0,1.0,1.0,0.8178747578506881
q_0593,WithoutPhrase,1.0,1.0,1.0,1.0,0.8556691603792904
q_0593,WithoutText,0.0,0.0,1.0,0.15277777777777773,0.3550937578590569
q_0594,AliasAwareFusion,1.0,1.0,1.0,1.0,0.7871546029909718
q_0594,WithoutEntity,1.0,1.0,1.0,1.0,0.7871546029909718
q_0594,WithoutPhrase,1.0,1.0,1.0,1.0,0.7871546029909718
q_0594,WithoutText,1.0,1.0,1.0,1.0,0.7871546029909718
q_0595,AliasAwareFusion,0.0,1.0,1.0,0.5,0.42495889834839423
q_0595,WithoutEntity,1.0,1.0,1.0,1.0,0.6735439182299784
q_0595,WithoutPhrase,0.0,1.0,1.0,0.4444444444444444,0.39556325193725916
q_0595,WithoutText,0.0,1.0,1.0,0.21666666666666667,0.27040142918019777
q_0596,AliasAwareFusion,1.0,1.0,1.0,1.0,0.7871546029909718
q_0596,WithoutEntity,1.0,1.0,1.0,1.0,0.7871546029909718
q_0596,WithoutPhrase,1.0,1.0,1.0,1.0,0.7871546029909718
q_0596,WithoutText,0.0,1.0,1.0,0.20000000000000004,0.3045129678946485
q_0597,AliasAwareFusion,1.0,1.0,1.0,1.0,0.8178747578506881
q_0597,WithoutEntity,1.0,1.0,1.0,1.0,0.8178747578506881
q_0597,WithoutPhrase,1.0,1.0,1.0,1.0,0.8178747578506881
q_0597,WithoutText,0.0,1.0,1.0,0.5,0.42495889834839423
q_0598,AliasAwareFusion,1.0,1.0,1.0,1.0,0.9176601606601068
q_0598,WithoutEntity,1.0,1.0,1.0,1.0,0.7871546029909718
q_0598,WithoutPhrase,0.0,1.0,1.0,0.5,0.5981923225699844
q_0598,WithoutText,1.0,1.0,1.0,1.0,0.8196601327908163
q_0599,AliasAwareFusion,1.0,1.0,1.0,1.0,0.6735439182299784
q_0599,WithoutEntity,1.0,1.0,1.0,1.0,0.6735439182299784
q_0599,WithoutPhrase,1.0,1.0,1.0,1.0,0.6735439182299784
q_0599,WithoutText,1.0,1.0,1.0,1.0,0.6735439182299784
q_0600,AliasAwareFusion,0.0,0.0,0.0,0.0,0.33735197271041645
q_0600,WithoutEntity,0.0,1.0,1.0,0.5,0.6653152460429406
q_0600,WithoutPhrase,0.0,0.0,0.0,0.0,0.33735197271041645
q_0600,WithoutText,0.0,0.0,0.0,0.0,0.29584978080995367
q_0601,AliasAwareFusion,0.6666666666666666,1.0,1.0,0.8333333333333334,0.9446637441327163
q_0601,WithoutEntity,1.0,1.0,1.0,1.0,1.0
q_0601,WithoutPhrase,0.6666666666666666,1.0,1.0,0.8333333333333334,0.9446637441327163
q_0601,WithoutText,0.3333333333333333,1.0,1.0,0.5555555555555555,0.7791173242368054
q_0602,AliasAwareFusion,1.0,1.0,1.0,1.0,0.8556691603792904
q_0602,WithoutEntity,1.0,1.0,1.0,1.0,0.9467317814539461
q_0602,WithoutPhrase,1.0,1.0,1.0,1.0,0.8556691603792904
q_0602,WithoutText,1.0,1.0,1.0,1.0,0.8556691603792904
q_0603,AliasAwareFusion,1.0,1.0,1.0,1.0,0.7871546029909718
q_0603,WithoutEntity,1.0,1.0,1.0,1.0,0.9176601606601068
q_0603,WithoutPhrase,1.0,1.0,1.0,1.0,0.7871546029909718
q_0603,WithoutText,1.0,1.0,1.0,1.0,0.7871546029909718
q_0604,AliasAwareFusion,0.0,0.0,1.0,0.11428571428571427,0.23915409495382653
q_0604,WithoutEntity,0.0,0.0,0.0,0.0,0.0
q_0604,WithoutPhrase,0.0,0.0,1.0,0.125,0.2483196298438661
q_0604,WithoutText,0.0,0.0,1.0,0.1666666666666666,0.280390126950546
q_0605,AliasAwareFusion,1.0,1.0,1.0,1.0,0.6735439182299784
q_0605,WithoutEntity,1.0,1.0,1.0,1.0,0.6735439182299784
q_0605,WithoutPhrase,1.0,1.0,1.0,1.0,0.6735439182299784
q_0605,WithoutText,0.0,0.0,0.0,0.0,0.0
q_0606,AliasAwareFusion,1.0,1.0,1.0,1.0,0.732863399938331
q_0606,WithoutEntity,1.0,1.0,1.0,1.0,0.7763672830184426
q_0606,WithoutPhrase,1.0,1.0,1.0,1.0,0.7038981252548638
q_0606,WithoutText,1.0,1.0,1.0,1.0,0.6735439182299784
q_0607,AliasAwareFusion,1.0,1.0,1.0,1.0,0.7871546029909718
q_0607,WithoutEntity,1.0,1.0,1.0,1.0,0.7871546029909718
q_0607,WithoutPhrase,0.3333333333333333,1.0,1.0,0.6666666666666666,0.5934777074554788
q_0607,WithoutText,0.0,1.0,1.0,0.25,0.3390090350877799
q_0608,AliasAwareFusion,1.0,1.0,1.0,1.0,0.7697644779771182
q_0608,WithoutEntity,1.0,1.0,1.0,1.0,0.6735439182299784
q_0608,WithoutPhrase,1.0,1.0,1.0,1.0,0.6735439182299784
q_0608,WithoutText,0.0,0.3333333333333333,1.0,0.1698412698412698,0.5303277390678957
q_0609,AliasAwareFusion,0.0,1.0,1.0,0.25,0.290079576414554
q_0609,WithoutEntity,0.0,0.0,0.0,0.0,0.0
q_0609,WithoutPhrase,0.0,1.0,1.0,0.3333333333333333,0.3367719591149892
q_0609,WithoutText,0.0,0.0,0.0,0.0,0.0
q_0610,AliasAwareFusion,1.0,1.0,1.0,1.0,0.8178747578506881
q_0610,WithoutEntity,0.0,1.0,1.0,0.3333333333333333,0.5188972012643011
q_0610,WithoutPhrase,1.0,1.0,1.0,1.0,0.8178747578506881
q_0610,WithoutText,1.0,1.0,1.0,1.0,0.7763672830184426
q_0611,AliasAwareFusion,1.0,1.0,1.0,1.0,0.7978637366933587
q_0611,WithoutEntity,1.0,1.0,1.0,1.0,0.7978637366933587
q_0611,WithoutPhrase,1.0,1.0,1.0,1.0,0.8178747578506881
q_0611,WithoutText,0.0,1.0,1.0,0.5,0.42495889834839423
q_0612,AliasAwareFusion,0.0,1.0,1.0,0.4166666666666667,0.37999912437044747
q_0612,WithoutEntity,1.0,1.0,1.0,1.0,0.7646065393046344
q_0612,WithoutPhrase,0.0,0.6666666666666666,1.0,0.23148148148148148,0.27653615277127147
q_0612,WithoutText,0.0,0.0,0.0,0.0,0.0
q_0613,AliasAwareFusion,0.0,1.0,1.0,0.5,0.6653152460429406
q_0613,WithoutEntity,0.0,1.0,1.0,0.25,0.46951459275691504
q_0613,WithoutPhrase,0.0,1.0,1.0,0.3333333333333333,0.606422698504514
q_0613,WithoutText,1.0,1.0,1.0,1.0,0.914214040525235
q_0614,AliasAwareFusion,1.0,1.0,1.0,1.0,0.6735439182299784
q_0614,WithoutEntity,1.0,1.0,1.0,1.0,0.6735439182299784
q_0614,WithoutPhrase,1.0,1.0,1.0,1.0,0.6735439182299784
q_0614,WithoutText,0.0,0.0,0.0,0.0,0.0
q_0615,AliasAwareFusion,1.0,1.0,1.0,1.0,0.75928844698843
q_0615,WithoutEntity,0.0,1.0,1.0,0.25,0.290079576414554
q_0615,WithoutPhrase,1.0,1.0,1.0,1.0,0.6735439182299784
q_0615,WithoutText,0.0,0.0,0.6666666666666666,0.0787037037037037,0.13841212398615613
q_0616,AliasAwareFusion,1.0,1.0,1.0,1.0,0.6735439182299784
q_0616,WithoutEntity,1.0,1.0,1.0,1.0,0.6735439182299784
q_0616,WithoutPhrase,1.0,1.0,1.0,1.0,0.6735439182299784
q_0616,WithoutText,0.6666666666666666,1.0,1.0,0.7777777777777777,0.5612865985249821
q_0617,AliasAwareFusion,1.0,1.0,1.0,1.0,0.8556691603792904
q_0617,WithoutEntity,1.0,1.0,1.0,1.0,0.7978637366933587
q_0617,WithoutPhrase,1.0,1.0,1.0,1.0,0.8556691603792904
q_0617,WithoutText,1.0,1.0,1.0,1.0,0.7646065393046344
q_0618,AliasAwareFusion,1.0,1.0,1.0,1.0,0.7871546029909718
q_0618,WithoutEntity,1.0,1.0,1.0,1.0,0.7871546029909718
q_0618,WithoutPhrase,1.0,1.0,1.0,1.0,0.7871546029909718
q_0618,WithoutText,1.0,1.0,1.0,1.0,0.7871546029909718
q_0619,AliasAwareFusion,1.0,1.0,1.0,1.0,0.8556691603792904
q_0619,WithoutEntity,1.0,1.0,1.0,1.0,0.8556691603792904
q_0619,WithoutPhrase,1.0,1.0,1.0,1.0,0.8556691603792904
q_0619,WithoutText,1.0,1.0,1.0,1.0,0.6735439182299784
q_0620,AliasAwareFusion,1.0,1.0,1.0,1.0,0.8178747578506881
q_0620,WithoutEntity,1.0,1.0,1.0,1.0,0.7978637366933587
q_0620,WithoutPhrase,1.0,1.0,1.0,1.0,0.8178747578506881
q_0620,WithoutText,0.6666666666666666,1.0,1.0,0.8333333333333334,0.8083196327827981
q_0621,AliasAwareFusion,0.0,1.0,1.0,0.38888888888888884,0.3661676055261242
q_0621,WithoutEntity,0.0,1.0,1.0,0.3333333333333333,0.3367719591149892
q_0621,WithoutPhrase,0.0,1.0,1.0,0.5,0.42495889834839423
q_0621,WithoutText,0.0,1.0,1.0,0.5,0.42495889834839423
q_0622,AliasAwareFusion,1.0,1.0,1.0,1.0,0.6735439182299784
q_0622,WithoutEntity,1.0,1.0,1.0,1.0,0.6735439182299784
q_0622,WithoutPhrase,1.0,1.0,1.0,1.0,0.6735439182299784
q_0622,WithoutText,1.0,1.0,1.0,1.0,0.6735439182299784
q_0623,AliasAwareFusion,1.0,1.0,1.0,1.0,0.7871546029909718
q_0623,WithoutEntity,0.0,1.0,1.0,0.5,0.4966392596877323
q_0623,WithoutPhrase,1.0,1.0,1.0,1.0,0.7871546029909718
q_0623,WithoutText,1.0,1.0,1.0,1.0,0.7871546029909718
q_0624,AliasAwareFusion,0.0,1.0,1.0,0.2611111111111111,0.500843884034668
q_0624,WithoutEntity,0.0,1.0,1.0,0.5,0.521179458095534
q_0624,WithoutPhrase,0.0,0.0,0.0,0.0,0.10480059432860517
q_0624,WithoutText,0.0,1.0,1.0,0.5,0.42495889834839423
q_0625,AliasAwareFusion,1.0,1.0,1.0,1.0,0.7871546029909718
q_0625,WithoutEntity,0.0,1.0,1.0,0.3333333333333333,0.3935773014954859
q_0625,WithoutPhrase,0.0,1.0,1.0,0.5,0.4966392596877323
q_0625,WithoutText,1.0,1.0,1.0,1.0,0.7871546029909718
q_0626,AliasAwareFusion,1.0,1.0,1.0,1.0,0.7569858564045292
q_0626,WithoutEntity,1.0,1.0,1.0,1.0,0.6735439182299784
q_0626,WithoutPhrase,1.0,1.0,1.0,1.0,0.6735439182299784
q_0626,WithoutText,1.0,1.0,1.0,1.0,0.7763672830184426
q_0627,AliasAwareFusion,1.0,1.0,1.0,1.0,0.8556691603792904
q_0627,WithoutEntity,1.0,1.0,1.0,1.0,0.8556691603792904
q_0627,WithoutPhrase,1.0,1.0,1.0,1.0,0.8556691603792904
q_0627,WithoutText,0.0,1.0,1.0,0.5,0.5692897379691039
q_0628,AliasAwareFusion,1.0,1.0,1.0,1.0,0.8556691603792904
q_0628,WithoutEntity,1.0,1.0,1.0,1.0,0.8556691603792904
q_0628,WithoutPhrase,1.0,1.0,1.0,1.0,0.8556691603792904
q_0628,WithoutText,1.0,1.0,1.0,1.0,0.7632176069632165
q_0629,AliasAwareFusion,1.0,1.0,1.0,1.0,0.7013578976214955
q_0629,WithoutEntity,0.0,1.0,1.0,0.5,0.508400836522945
q_0629,WithoutPhrase,1.0,1.0,1.0,1.0,0.6735439182299784
q_0629,WithoutText,0.0,0.0,0.0,0.0,0.0
q_0630,AliasAwareFusion,1.0,1.0,1.0,1.0,0.8598092211929934
q_0630,WithoutEntity,1.0,1.0,1.0,1.0,0.9013166960252388
q_0630,WithoutPhrase,1.0,1.0,1.0,1.0,0.7822647604631864
q_0630,WithoutText,0.3333333333333333,1.0,1.0,0.6666666666666666,0.5988831927169116
q_0631,AliasAwareFusion,1.0,1.0,1.0,1.0,0.6735439182299784
q_0631,WithoutEntity,1.0,1.0,1.0,1.0,0.6735439182299784
q_0631,WithoutPhrase,1.0,1.0,1.0,1.0,0.6735439182299784
q_0631,WithoutText,0.0,0.0,0.0,0.0,0.0
q_0632,AliasAwareFusion,1.0,1.0,1.0,1.0,0.7871546029909718
q_0632,WithoutEntity,1.0,1.0,1.0,1.0,0.7871546029909718
q_0632,WithoutPhrase,1.0,1.0,1.0,1.0,0.7871546029909718
q_0632,WithoutText,1.0,1.0,1.0,1.0,0.7871546029909718
q_0633,AliasAwareFusion,1.0,1.0,1.0,1.0,0.7697644779771182
q_0633,WithoutEntity,1.0,1.0,1.0,1.0,0.6735439182299784
q_0633,WithoutPhrase,1.0,1.0,1.0,1.0,0.6735439182299784
q_0633,WithoutText,1.0,1.0,1.0,1.0,0.7697644779771182
q_0634,AliasAwareFusion,1.0,1.0,1.0,1.0,1.0
q_0634,WithoutEntity,1.0,1.0,1.0,1.0,1.0
q_0634,WithoutPhrase,1.0,1.0,1.0,1.0,1.0
q_0634,WithoutText,0.0,1.0,1.0,0.5,0.6271448173568673
q_0635,AliasAwareFusion,1.0,1.0,1.0,1.0,0.6735439182299784
q_0635,WithoutEntity,1.0,1.0,1.0,1.0,0.6735439182299784
q_0635,WithoutPhrase,0.0,0.0,1.0,0.12169312169312167,0.21000949499284513
q_0635,WithoutText,0.0,1.0,1.0,0.20000000000000004,0.2605623555630197
q_0636,AliasAwareFusion,1.0,1.0,1.0,1.0,0.6735439182299784
q_0636,WithoutEntity,1.0,1.0,1.0,1.0,0.6735439182299784
q_0636,WithoutPhrase,1.0,1.0,1.0,1.0,0.6735439182299784
q_0636,WithoutText,1.0,1.0,1.0,1.0,0.6735439182299784
q_0637,AliasAwareFusion,1.0,1.0,1.0,1.0,0.6735439182299784
q_0637,WithoutEntity,1.0,1.0,1.0,1.0,0.6735439182299784
q_0637,WithoutPhrase,1.0,1.0,1.0,1.0,0.6735439182299784
q_0637,WithoutText,0.0,1.0,1.0,0.5,0.42495889834839423
q_0638,AliasAwareFusion,1.0,1.0,1.0,1.0,0.8556691603792904
q_0638,WithoutEntity,1.0,1.0,1.0,1.0,0.7646065393046344
q_0638,WithoutPhrase,1.0,1.0,1.0,1.0,0.8171322112553359
q_0638,WithoutText,1.0,1.0,1.0,1.0,0.8178747578506881
q_0639,AliasAwareFusion,1.0,1.0,1.0,1.0,0.7871546029909718
q_0639,WithoutEntity,1.0,1.0,1.0,1.0,0.7871546029909718
q_0639,WithoutPhrase,1.0,1.0,1.0,1.0,0.7871546029909718
q_0639,WithoutText,1.0,1.0,1.0,1.0,0.7871546029909718
q_0640,AliasAwareFusion,0.0,0.0,1.0,0.1428571428571428,0.2245146394099928
q_0640,WithoutEntity,0.0,0.0,0.0,0.0,0.0
q_0640,WithoutPhrase,0.0,1.0,1.0,0.20000000000000004,0.2605623555630197
q_0640,WithoutText,0.0,1.0,1.0,0.27777777777777773,0.30564370398136576
q_0641,AliasAwareFusion,0.0,0.0,1.0,0.1666666666666666,0.2399211845064163
q_0641,WithoutEntity,0.0,0.0,0.0,0.0,0.0
q_0641,WithoutPhrase,0.0,1.0,1.0,0.21666666666666667,0.27040142918019777
q_0641,WithoutText,0.0,0.0,1.0,0.1428571428571428,0.2245146394099928
q_0642,AliasAwareFusion,0.0,1.0,1.0,0.5,0.42495889834839423
q_0642,WithoutEntity,0.0,0.0,0.0,0.0,0.0
q_0642,WithoutPhrase,0.0,1.0,1.0,0.5,0.42495889834839423
q_0642,WithoutText,0.0,1.0,1.0,0.5,0.42495889834839423
q_0643,AliasAwareFusion,1.0,1.0,1.0,1.0,0.7871546029909718
q_0643,WithoutEntity,0.0,1.0,1.0,0.5,0.4966392596877323
q_0643,WithoutPhrase,1.0,1.0,1.0,1.0,0.7871546029909718
q_0643,WithoutText,0.0,0.0,1.0,0.1037037037037037,0.23067818797435913
q_0644,AliasAwareFusion,1.0,1.0,1.0,1.0,0.6735439182299784
q_0644,WithoutEntity,1.0,1.0,1.0,1.0,0.6735439182299784
q_0644,WithoutPhrase,0.3333333333333333,1.0,1.0,0.611111111111111,0.4784249252311206
q_0644,WithoutText,0.0,0.3333333333333333,0.6666666666666666,0.10833333333333334,0.15768060157907227
q_0645,AliasAwareFusion,1.0,1.0,1.0,1.0,0.6735439182299784
q_0645,WithoutEntity,1.0,1.0,1.0,1.0,0.6735439182299784
q_0645,WithoutPhrase,1.0,1.0,1.0,1.0,0.6735439182299784
q_0645,WithoutText,1.0,1.0,1.0,1.0,0.6735439182299784
q_0646,AliasAwareFusion,0.0,1.0,1.0,0.5,0.42495889834839423
q_0646,WithoutEntity,0.0,0.0,1.0,0.1111111111111111,0.2027569227842713
q_0646,WithoutPhrase,1.0,1.0,1.0,1.0,0.6735439182299784
q_0646,WithoutText,0.0,0.0,0.0,0.0,0.0
q_0647,AliasAwareFusion,1.0,1.0,1.0,1.0,0.6735439182299784
q_0647,WithoutEntity,1.0,1.0,1.0,1.0,0.6735439182299784
q_0647,WithoutPhrase,1.0,1.0,1.0,1.0,0.6735439182299784
q_0647,WithoutText,1.0,1.0,1.0,1.0,0.6735439182299784
q_0648,AliasAwareFusion,1.0,1.0,1.0,1.0,0.7871546029909718
q_0648,WithoutEntity,1.0,1.0,1.0,1.0,0.7871546029909718
q_0648,WithoutPhrase,1.0,1.0,1.0,1.0,0.7871546029909718
q_0648,WithoutText,1.0,1.0,1.0,1.0,0.7871546029909718
q_0649,AliasAwareFusion,0.0,1.0,1.0,0.5,0.42495889834839423
q_0649,WithoutEntity,0.0,0.0,0.0,0.0,0.0
q_0649,WithoutPhrase,0.0,1.0,1.0,0.5,0.42495889834839423
q_0649,WithoutText,0.0,0.0,0.0,0.0,0.0
q_0650,AliasAwareFusion,0.0,1.0,1.0,0.3333333333333333,0.3367719591149892
q_0650,WithoutEntity,0.0,0.0,0.0,0.0,0.0
q_0650,WithoutPhrase,1.0,1.0,1.0,1.0,0.6735439182299784
q_0650,WithoutText,0.0,1.0,1.0,0.3333333333333333,0.3367719591149892
q_0651,AliasAwareFusion,1.0,1.0,1.0,1.0,0.7025091929134458
q_0651,WithoutEntity,1.0,1.0,1.0,1.0,0.6735439182299784
q_0651,WithoutPhrase,1.0,1.0,1.0,1.0,0.6735439182299784
q_0651,WithoutText,1.0,1.0,1.0,1.0,0.7852134991855584
q_0652,AliasAwareFusion,1.0,1.0,1.0,1.0,0.6735439182299784
q_0652,WithoutEntity,1.0,1.0,1.0,1.0,0.6735439182299784
q_0652,WithoutPhrase,1.0,1.0,1.0,1.0,0.6735439182299784
q_0652,WithoutText,1.0,1.0,1.0,1.0,0.6735439182299784
q_0653,AliasAwareFusion,1.0,1.0,1.0,1.0,0.7871546029909718
q_0653,WithoutEntity,1.0,1.0,1.0,1.0,0.7871546029909718
q_0653,WithoutPhrase,1.0,1.0,1.0,1.0,0.7871546029909718
q_0653,WithoutText,1.0,1.0,1.0,1.0,0.7871546029909718
q_0654,AliasAwareFusion,0.0,0.6666666666666666,1.0,0.21428571428571427,0.2682245974130336
q_0654,WithoutEntity,0.0,1.0,1.0,0.3333333333333333,0.3367719591149892
q_0654,WithoutPhrase,0.0,0.0,0.0,0.0,0.0
q_0654,WithoutText,0.0,0.0,0.0,0.0,0.0
q_0655,AliasAwareFusion,0.0,1.0,1.0,0.3333333333333333,0.46109177757836955
q_0655,WithoutEntity,0.0,1.0,1.0,0.3333333333333333,0.4278345801896451
q_0655,WithoutPhrase,0.0,1.0,1.0,0.25,0.4344104160352636
q_0655,WithoutText,1.0,1.0,1.0,1.0,0.6735439182299784
q_0656,AliasAwareFusion,1.0,1.0,1.0,1.0,0.95583058934618
q_0656,WithoutEntity,0.0,0.0,1.0,0.1666666666666666,0.280390126950546
q_0656,WithoutPhrase,1.0,1.0,1.0,1.0,0.95583058934618
q_0656,WithoutText,1.0,1.0,1.0,1.0,1.0
q_0657,AliasAwareFusion,1.0,1.0,1.0,1.0,0.6735439182299784
q_0657,WithoutEntity,0.0,1.0,1.0,0.3333333333333333,0.3367719591149892
q_0657,WithoutPhrase,1.0,1.0,1.0,1.0,0.6735439182299784
q_0657,WithoutText,1.0,1.0,1.0,1.0,0.6735439182299784
q_0658,AliasAwareFusion,1.0,1.0,1.0,1.0,0.7871546029909718
q_0658,WithoutEntity,1.0,1.0,1.0,1.0,0.7871546029909718
q_0658,WithoutPhrase,1.0,1.0,1.0,1.0,0.7871546029909718
q_0658,WithoutText,1.0,1.0,1.0,1.0,0.7871546029909718
q_0659,AliasAwareFusion,1.0,1.0,1.0,1.0,0.6735439182299784
q_0659,WithoutEntity,1.0,1.0,1.0,1.0,0.7604397422803805
q_0659,WithoutPhrase,1.0,1.0,1.0,1.0,0.6735439182299784
q_0659,WithoutText,0.6666666666666666,1.0,1.0,0.7777777777777777,0.5612865985249821
q_0660,AliasAwareFusion,0.0,0.0,0.6666666666666666,0.09259259259259256,0.14755936909689585
q_0660,WithoutEntity,1.0,1.0,1.0,1.0,0.6735439182299784
q_0660,WithoutPhrase,0.0,0.0,0.0,0.0,0.0
q_0660,WithoutText,0.0,1.0,1.0,0.3,0.31536120315814453
q_0661,AliasAwareFusion,0.0,0.0,0.0,0.0,0.0
q_0661,WithoutEntity,0.0,0.0,0.0,0.0,0.0
q_0661,WithoutPhrase,0.0,0.0,0.3333333333333333,0.037037037037037035,0.078985715575085
q_0661,WithoutText,0.0,0.0,0.0,0.0,0.0
q_0662,AliasAwareFusion,0.0,1.0,1.0,0.5,0.4966392596877323
q_0662,WithoutEntity,0.0,0.0,0.0,0.0,0.0
q_0662,WithoutPhrase,1.0,1.0,1.0,1.0,0.7871546029909718
q_0662,WithoutText,0.0,0.0,0.0,0.0,0.0
q_0663,AliasAwareFusion,0.0,1.0,1.0,0.5,0.42495889834839423
q_0663,WithoutEntity,0.0,1.0,1.0,0.25,0.290079576414554
q_0663,WithoutPhrase,0.0,1.0,1.0,0.5,0.42495889834839423
q_0663,WithoutText,0.0,1.0,1.0,0.4444444444444444,0.39556325193725916
q_0664,AliasAwareFusion,1.0,1.0,1.0,1.0,0.6735439182299784
q_0664,WithoutEntity,1.0,1.0,1.0,1.0,0.6735439182299784
q_0664,WithoutPhrase,1.0,1.0,1.0,1.0,0.6735439182299784
q_0664,WithoutText,1.0,1.0,1.0,1.0,0.6735439182299784
q_0665,AliasAwareFusion,1.0,1.0,1.0,1.0,0.6735439182299784
q_0665,WithoutEntity,1.0,1.0,1.0,1.0,0.6735439182299784
q_0665,WithoutPhrase,1.0,1.0,1.0,1.0,0.6735439182299784
q_0665,WithoutText,1.0,1.0,1.0,1.0,0.6735439182299784
q_0666,AliasAwareFusion,0.0,1.0,1.0,0.38888888888888884,0.3661676055261242
q_0666,WithoutEntity,0.0,0.0,0.0,0.0,0.0
q_0666,WithoutPhrase,0.6666666666666666,1.0,1.0,0.8333333333333334,0.590682244936117
q_0666,WithoutText,0.0,1.0,1.0,0.5,0.42495889834839423
q_0667,AliasAwareFusion,1.0,1.0,1.0,1.0,0.7871546029909718
q_0667,WithoutEntity,1.0,1.0,1.0,1.0,0.7871546029909718
q_0667,WithoutPhrase,1.0,1.0,1.0,1.0,0.7871546029909718
q_0667,WithoutText,1.0,1.0,1.0,1.0,0.7871546029909718
q_0668,AliasAwareFusion,1.0,1.0,1.0,1.0,0.6735439182299784
q_0668,WithoutEntity,1.0,1.0,1.0,1.0,0.6735439182299784
q_0668,WithoutPhrase,1.0,1.0,1.0,1.0,0.6735439182299784
q_0668,WithoutText,1.0,1.0,1.0,1.0,0.6735439182299784
q_0669,AliasAwareFusion,1.0,1.0,1.0,1.0,0.6735439182299784
q_0669,WithoutEntity,0.0,0.0,1.0,0.1428571428571428,0.2245146394099928
q_0669,WithoutPhrase,0.0,1.0,1.0,0.5,0.42495889834839423
q_0669,WithoutText,1.0,1.0,1.0,1.0,0.6735439182299784
q_0670,AliasAwareFusion,1.0,1.0,1.0,1.0,0.942564984429692
q_0670,WithoutEntity,0.0,1.0,1.0,0.5,0.8252901585453934
q_0670,WithoutPhrase,1.0,1.0,1.0,1.0,0.9428026214791596
q_0670,WithoutText,0.0,1.0,1.0,0.25,0.290079576414554
q_0671,AliasAwareFusion,1.0,1.0,1.0,1.0,0.929544338806268
q_0671,WithoutEntity,1.0,1.0,1.0,1.0,0.8178747578506881
q_0671,WithoutPhrase,1.0,1.0,1.0,1.0,0.929544338806268
q_0671,WithoutText,0.0,1.0,1.0,0.3333333333333333,0.6116791352297848
q_0672,AliasAwareFusion,1.0,1.0,1.0,1.0,1.0
q_0672,WithoutEntity,0.0,1.0,1.0,0.5,0.5981923225699844
q_0672,WithoutPhrase,1.0,1.0,1.0,1.0,1.0
q_0672,WithoutText,0.0,1.0,1.0,0.4444444444444444,0.5824524708881699
q_0673,AliasAwareFusion,1.0,1.0,1.0,1.0,0.6735439182299784
q_0673,WithoutEntity,1.0,1.0,1.0,1.0,0.6735439182299784
q_0673,WithoutPhrase,1.0,1.0,1.0,1.0,0.6735439182299784
q_0673,WithoutText,0.0,1.0,1.0,0.5,0.42495889834839423
q_0674,AliasAwareFusion,1.0,1.0,1.0,1.0,0.8178747578506881
q_0674,WithoutEntity,1.0,1.0,1.0,1.0,0.7646065393046344
q_0674,WithoutPhrase,1.0,1.0,1.0,1.0,0.8178747578506881
q_0674,WithoutText,0.0,0.0,1.0,0.15277777777777773,0.23077393939567656
q_0675,AliasAwareFusion,1.0,1.0,1.0,1.0,0.7871546029909718
q_0675,WithoutEntity,1.0,1.0,1.0,1.0,0.9073218002554916
q_0675,WithoutPhrase,1.0,1.0,1.0,1.0,0.7871546029909718
q_0675,WithoutText,1.0,1.0,1.0,1.0,0.7871546029909718
q_0676,AliasAwareFusion,0.0,1.0,1.0,0.5,0.42495889834839423
q_0676,WithoutEntity,0.0,1.0,1.0,0.25,0.290079576414554
q_0676,WithoutPhrase,0.0,1.0,1.0,0.5,0.42495889834839423
q_0676,WithoutText,0.0,0.0,0.0,0.0,0.0
q_0677,AliasAwareFusion,0.0,1.0,1.0,0.20000000000000004,0.3045129678946485
q_0677,WithoutEntity,0.0,0.0,0.0,0.0,0.0
q_0677,WithoutPhrase,0.0,0.0,1.0,0.1428571428571428,0.2623848676636572
q_0677,WithoutText,0.0,1.0,1.0,0.20000000000000004,0.3045129678946485
q_0678,AliasAwareFusion,0.0,1.0,1.0,0.20000000000000004,0.3045129678946485
q_0678,WithoutEntity,0.0,0.0,0.0,0.0,0.0
q_0678,WithoutPhrase,0.0,1.0,1.0,0.5,0.4966392596877323
q_0678,WithoutText,0.0,0.0,0.0,0.0,0.0
q_0679,AliasAwareFusion,1.0,1.0,1.0,1.0,0.6735439182299784
q_0679,WithoutEntity,0.0,1.0,1.0,0.5,0.42495889834839423
q_0679,WithoutPhrase,1.0,1.0,1.0,1.0,0.6735439182299784
q_0679,WithoutText,1.0,1.0,1.0,1.0,0.7013578976214955
q_0680,AliasAwareFusion,1.0,1.0,1.0,1.0,0.7871546029909718
q_0680,WithoutEntity,0.0,1.0,1.0,0.5,0.4966392596877323
q_0680,WithoutPhrase,1.0,1.0,1.0,1.0,0.7871546029909718
q_0680,WithoutText,0.0,1.0,1.0,0.5,0.4966392596877323
q_0681,AliasAwareFusion,1.0,1.0,1.0,1.0,1.0
q_0681,WithoutEntity,1.0,1.0,1.0,1.0,0.9176601606601068
q_0681,WithoutPhrase,1.0,1.0,1.0,1.0,1.0
q_0681,WithoutText,0.0,1.0,1.0,0.5,0.8339912323981488
q_0682,AliasAwareFusion,1.0,1.0,1.0,1.0,0.7871546029909718
q_0682,WithoutEntity,1.0,1.0,1.0,1.0,0.7871546029909718
q_0682,WithoutPhrase,1.0,1.0,1.0,1.0,0.7871546029909718
q_0682,WithoutText,1.0,1.0,1.0,1.0,0.7871546029909718
q_0683,AliasAwareFusion,1.0,1.0,1.0,1.0,0.6735439182299784
q_0683,WithoutEntity,1.0,1.0,1.0,1.0,0.6735439182299784
q_0683,WithoutPhrase,0.0,1.0,1.0,0.3333333333333333,0.3367719591149892
q_0683,WithoutText,1.0,1.0,1.0,1.0,0.6735439182299784
q_0684,AliasAwareFusion,1.0,1.0,1.0,1.0,0.6735439182299784
q_0684,WithoutEntity,1.0,1.0,1.0,1.0,0.8556691603792904
q_0684,WithoutPhrase,1.0,1.0,1.0,1.0,0.6735439182299784
q_0684,WithoutText,1.0,1.0,1.0,1.0,0.6735439182299784
q_0685,AliasAwareFusion,1.0,1.0,1.0,1.0,0.6735439182299784
q_0685,WithoutEntity,1.0,1.0,1.0,1.0,0.6735439182299784
q_0685,WithoutPhrase,1.0,1.0,1.0,1.0,0.6735439182299784
q_0685,WithoutText,0.0,1.0,1.0,0.5,0.42495889834839423
q_0686,AliasAwareFusion,1.0,1.0,1.0,1.0,0.7871546029909718
q_0686,WithoutEntity,1.0,1.0,1.0,1.0,0.7871546029909718
q_0686,WithoutPhrase,1.0,1.0,1.0,1.0,0.7871546029909718
q_0686,WithoutText,0.0,0.0,1.0,0.10000000000000002,0.2275387085989112
q_0687,AliasAwareFusion,0.0,1.0,1.0,0.5,0.42495889834839423
q_0687,WithoutEntity,0.0,0.0,0.0,0.0,0.0
q_0687,WithoutPhrase,1.0,1.0,1.0,1.0,0.6735439182299784
q_0687,WithoutText,0.0,0.0,0.0,0.0,0.0
q_0688,AliasAwareFusion,1.0,1.0,1.0,1.0,0.6735439182299784
q_0688,WithoutEntity,1.0,1.0,1.0,1.0,0.6735439182299784
q_0688,WithoutPhrase,1.0,1.0,1.0,1.0,0.6735439182299784
q_0688,WithoutText,1.0,1.0,1.0,1.0,0.6735439182299784
q_0689,AliasAwareFusion,1.0,1.0,1.0,1.0,0.6735439182299784
q_0689,WithoutEntity,1.0,1.0,1.0,1.0,0.6735439182299784
q_0689,WithoutPhrase,1.0,1.0,1.0,1.0,0.6735439182299784
q_0689,WithoutText,1.0,1.0,1.0,1.0,0.6735439182299784
q_0690,AliasAwareFusion,1.0,1.0,1.0,1.0,0.7871546029909718
q_0690,WithoutEntity,1.0,1.0,1.0,1.0,0.7871546029909718
q_0690,WithoutPhrase,1.0,1.0,1.0,1.0,0.7871546029909718
q_0690,WithoutText,0.0,0.0,0.0,0.0,0.0
q_0691,AliasAwareFusion,0.0,0.0,1.0,0.13095238095238093,0.32816076020837553
q_0691,WithoutEntity,0.0,0.0,1.0,0.1666666666666666,0.323363122680967
q_0691,WithoutPhrase,0.0,0.0,1.0,0.10000000000000002,0.30763544380975977
q_0691,WithoutText,0.0,0.0,1.0,0.1074074074074074,0.29629112685019343
q_0692,AliasAwareFusion,0.0,1.0,1.0,0.5,0.5998155344440718
q_0692,WithoutEntity,0.0,0.0,1.0,0.1428571428571428,0.2623848676636572
q_0692,WithoutPhrase,0.0,1.0,1.0,0.5,0.6419288461539238
q_0692,WithoutText,1.0,1.0,1.0,1.0,0.7871546029909718
q_0693,AliasAwareFusion,1.0,1.0,1.0,1.0,0.7871546029909718
q_0693,WithoutEntity,1.0,1.0,1.0,1.0,0.7871546029909718
q_0693,WithoutPhrase,1.0,1.0,1.0,1.0,0.7871546029909718
q_0693,WithoutText,1.0,1.0,1.0,1.0,0.7871546029909718
q_0694,AliasAwareFusion,1.0,1.0,1.0,1.0,0.6735439182299784
q_0694,WithoutEntity,1.0,1.0,1.0,1.0,0.6735439182299784
q_0694,WithoutPhrase,1.0,1.0,1.0,1.0,0.6735439182299784
q_0694,WithoutText,1.0,1.0,1.0,1.0,0.6735439182299784
q_0695,AliasAwareFusion,1.0,1.0,1.0,1.0,0.7871546029909718
q_0695,WithoutEntity,1.0,1.0,1.0,1.0,0.7871546029909718
q_0695,WithoutPhrase,1.0,1.0,1.0,1.0,0.7871546029909718
q_0695,WithoutText,1.0,1.0,1.0,1.0,0.7871546029909718
q_0696,AliasAwareFusion,1.0,1.0,1.0,1.0,0.7871546029909718
q_0696,WithoutEntity,1.0,1.0,1.0,1.0,0.7871546029909718
q_0696,WithoutPhrase,1.0,1.0,1.0,1.0,0.7871546029909718
q_0696,WithoutText,1.0,1.0,1.0,1.0,0.7871546029909718
q_0697,AliasAwareFusion,1.0,1.0,1.0,1.0,0.6735439182299784
q_0697,WithoutEntity,1.0,1.0,1.0,1.0,0.6735439182299784
q_0697,WithoutPhrase,1.0,1.0,1.0,1.0,0.6735439182299784
q_0697,WithoutText,1.0,1.0,1.0,1.0,0.6735439182299784
q_0698,AliasAwareFusion,0.0,1.0,1.0,0.5,0.4966392596877323
q_0698,WithoutEntity,0.0,1.0,1.0,0.20000000000000004,0.3045129678946485
q_0698,WithoutPhrase,0.0,1.0,1.0,0.5,0.4966392596877323
q_0698,WithoutText,1.0,1.0,1.0,1.0,0.7871546029909718
q_0699,AliasAwareFusion,0.0,0.0,0.6666666666666666,0.075,0.15861944614759244
q_0699,WithoutEntity,0.0,1.0,1.0,0.5,0.4966392596877323
q_0699,WithoutPhrase,0.0,0.0,0.0,0.0,0.0
q_0699,WithoutText,0.0,0.0,0.0,0.0,0.0
q_0700,AliasAwareFusion,1.0,1.0,1.0,1.0,0.6735439182299784
q_0700,WithoutEntity,1.0,1.0,1.0,1.0,0.6735439182299784
q_0700,WithoutPhrase,1.0,1.0,1.0,1.0,0.6735439182299784
q_0700,WithoutText,0.0,0.0,0.0,0.0,0.0
q_0701,AliasAwareFusion,1.0,1.0,1.0,1.0,0.7871546029909718
q_0701,WithoutEntity,1.0,1.0,1.0,1.0,0.7871546029909718
q_0701,WithoutPhrase,1.0,1.0,1.0,1.0,0.7871546029909718
q_0701,WithoutText,0.3333333333333333,1.0,1.0,0.6666666666666666,0.5934777074554788
q_0702,AliasAwareFusion,1.0,1.0,1.0,1.0,0.6735439182299784
q_0702,WithoutEntity,1.0,1.0,1.0,1.0,0.6735439182299784
q_0702,WithoutPhrase,1.0,1.0,1.0,1.0,0.6735439182299784
q_0702,WithoutText,0.0,1.0,1.0,0.25,0.290079576414554
q_0703,AliasAwareFusion,0.0,1.0,1.0,0.4444444444444444,0.4622852736236502
q_0703,WithoutEntity,0.0,0.0,0.0,0.0,0.0
q_0703,WithoutPhrase,0.0,1.0,1.0,0.25,0.3390090350877799
q_0703,WithoutText,1.0,1.0,1.0,1.0,0.7871546029909718
q_0704,AliasAwareFusion,1.0,1.0,1.0,1.0,0.7871546029909718
q_0704,WithoutEntity,1.0,1.0,1.0,1.0,0.7871546029909718
q_0704,WithoutPhrase,1.0,1.0,1.0,1.0,0.7871546029909718
q_0704,WithoutText,0.0,0.0,0.0,0.0,0.0
q_0705,AliasAwareFusion,0.0,1.0,1.0,0.5,0.42495889834839423
q_0705,WithoutEntity,0.0,1.0,1.0,0.5,0.42495889834839423
q_0705,WithoutPhrase,0.0,1.0,1.0,0.5,0.42495889834839423
q_0705,WithoutText,0.0,1.0,1.0,0.4166666666666667,0.37999912437044747
q_0706,AliasAwareFusion,1.0,1.0,1.0,1.0,0.7871546029909718
q_0706,WithoutEntity,1.0,1.0,1.0,1.0,0.7871546029909718
q_0706,WithoutPhrase,1.0,1.0,1.0,1.0,0.7871546029909718
q_0706,WithoutText,1.0,1.0,1.0,1.0,0.7871546029909718
q_0707,AliasAwareFusion,0.0,1.0,1.0,0.20000000000000004,0.2605623555630197
q_0707,WithoutEntity,0.0,0.0,1.0,0.1428571428571428,0.2245146394099928
q_0707,WithoutPhrase,0.0,1.0,1.0,0.25,0.290079576414554
q_0707,WithoutText,0.0,0.0,0.0,0.0,0.0
q_0708,AliasAwareFusion,0.0,0.0,1.0,0.11203703703703705,0.2033114092330289
q_0708,WithoutEntity,0.0,0.0,1.0,0.1428571428571428,0.2245146394099928
q_0708,WithoutPhrase,0.0,0.0,0.0,0.0,0.0
q_0708,WithoutText,0.0,0.0,0.0,0.0,0.0
q_0709,AliasAwareFusion,1.0,1.0,1.0,1.0,0.7871546029909718
q_0709,WithoutEntity,1.0,1.0,1.0,1.0,0.7871546029909718
q_0709,WithoutPhrase,1.0,1.0,1.0,1.0,0.7871546029909718
q_0709,WithoutText,1.0,1.0,1.0,1.0,0.7871546029909718
q_0710,AliasAwareFusion,0.0,1.0,1.0,0.3333333333333333,0.3367719591149892
q_0710,WithoutEntity,0.0,0.0,1.0,0.125,0.21247944917419712
q_0710,WithoutPhrase,1.0,1.0,1.0,1.0,0.6735439182299784
q_0710,WithoutText,0.0,0.0,0.0,0.0,0.0
q_0711,AliasAwareFusion,0.0,0.0,1.0,0.13095238095238093,0.21649117925279568
q_0711,WithoutEntity,0.0,0.0,0.0,0.0,0.0
q_0711,WithoutPhrase,0.0,0.0,1.0,0.125,0.21247944917419712
q_0711,WithoutText,0.0,0.0,0.0,0.0,0.0
q_0712,AliasAwareFusion,1.0,1.0,1.0,1.0,0.6735439182299784
q_0712,WithoutEntity,1.0,1.0,1.0,1.0,0.6735439182299784
q_0712,WithoutPhrase,1.0,1.0,1.0,1.0,0.6735439182299784
q_0712,WithoutText,1.0,1.0,1.0,1.0,0.6735439182299784
q_0713,AliasAwareFusion,1.0,1.0,1.0,1.0,0.7871546029909718
q_0713,WithoutEntity,0.0,0.0,1.0,0.1666666666666666,0.280390126950546
q_0713,WithoutPhrase,1.0,1.0,1.0,1.0,0.7871546029909718
q_0713,WithoutText,0.0,1.0,1.0,0.5,0.4966392596877323
q_0714,AliasAwareFusion,1.0,1.0,1.0,1.0,0.7871546029909718
q_0714,WithoutEntity,1.0,1.0,1.0,1.0,0.7871546029909718
q_0714,WithoutPhrase,1.0,1.0,1.0,1.0,0.7871546029909718
q_0714,WithoutText,1.0,1.0,1.0,1.0,0.7871546029909718
q_0715,AliasAwareFusion,1.0,1.0,1.0,1.0,0.8178747578506881
q_0715,WithoutEntity,1.0,1.0,1.0,1.0,0.6735439182299784
q_0715,WithoutPhrase,1.0,1.0,1.0,1.0,0.7025091929134458
q_0715,WithoutText,1.0,1.0,1.0,1.0,0.8556691603792904
q_0716,AliasAwareFusion,1.0,1.0,1.0,1.0,0.6735439182299784
q_0716,WithoutEntity,1.0,1.0,1.0,1.0,0.6735439182299784
q_0716,WithoutPhrase,1.0,1.0,1.0,1.0,0.6735439182299784
q_0716,WithoutText,1.0,1.0,1.0,1.0,0.7216541981035484
q_0717,AliasAwareFusion,1.0,1.0,1.0,1.0,0.8526383985527914
q_0717,WithoutEntity,1.0,1.0,1.0,1.0,0.9421945763140686
q_0717,WithoutPhrase,1.0,1.0,1.0,1.0,0.7013578976214955
q_0717,WithoutText,1.0,1.0,1.0,1.0,0.6735439182299784
q_0718,AliasAwareFusion,1.0,1.0,1.0,1.0,0.6735439182299784
q_0718,WithoutEntity,1.0,1.0,1.0,1.0,0.6735439182299784
q_0718,WithoutPhrase,1.0,1.0,1.0,1.0,0.6735439182299784
q_0718,WithoutText,1.0,1.0,1.0,1.0,0.6735439182299784
q_0719,AliasAwareFusion,1.0,1.0,1.0,1.0,0.6735439182299784
q_0719,WithoutEntity,0.0,0.0,1.0,0.1428571428571428,0.2245146394099928
q_0719,WithoutPhrase,1.0,1.0,1.0,1.0,0.6735439182299784
q_0719,WithoutText,0.0,1.0,1.0,0.2333333333333333,0.28024050279737595
q_0720,AliasAwareFusion,1.0,1.0,1.0,1.0,0.6735439182299784
q_0720,WithoutEntity,1.0,1.0,1.0,1.0,0.6735439182299784
q_0720,WithoutPhrase,1.0,1.0,1.0,1.0,0.6735439182299784
q_0720,WithoutText,1.0,1.0,1.0,1.0,0.6735439182299784
q_0721,AliasAwareFusion,1.0,1.0,1.0,1.0,0.6735439182299784
q_0721,WithoutEntity,1.0,1.0,1.0,1.0,0.8178747578506881
q_0721,WithoutPhrase,1.0,1.0,1.0,1.0,0.6735439182299784
q_0721,WithoutText,1.0,1.0,1.0,1.0,0.6735439182299784
q_0722,AliasAwareFusion,1.0,1.0,1.0,1.0,0.7871546029909718
q_0722,WithoutEntity,1.0,1.0,1.0,1.0,0.7871546029909718
q_0722,WithoutPhrase,1.0,1.0,1.0,1.0,0.7871546029909718
q_0722,WithoutText,1.0,1.0,1.0,1.0,0.7871546029909718
q_0723,AliasAwareFusion,0.0,1.0,1.0,0.3333333333333333,0.3367719591149892
q_0723,WithoutEntity,0.0,1.0,1.0,0.20000000000000004,0.2605623555630197
q_0723,WithoutPhrase,0.0,1.0,1.0,0.27777777777777773,0.30564370398136576
q_0723,WithoutText,1.0,1.0,1.0,1.0,0.6735439182299784
q_0724,AliasAwareFusion,0.0,1.0,1.0,0.3333333333333333,0.3935773014954859
q_0724,WithoutEntity,0.0,0.0,0.0,0.0,0.0
q_0724,WithoutPhrase,0.0,1.0,1.0,0.25,0.3390090350877799
q_0724,WithoutText,0.0,0.0,0.0,0.0,0.0
q_0725,AliasAwareFusion,1.0,1.0,1.0,1.0,0.7871546029909718
q_0725,WithoutEntity,1.0,1.0,1.0,1.0,0.7871546029909718
q_0725,WithoutPhrase,0.0,1.0,1.0,0.5,0.4966392596877323
q_0725,WithoutText,0.0,1.0,1.0,0.3333333333333333,0.3935773014954859
q_0726,AliasAwareFusion,1.0,1.0,1.0,1.0,0.9176601606601068
q_0726,WithoutEntity,1.0,1.0,1.0,1.0,1.0
q_0726,WithoutPhrase,1.0,1.0,1.0,1.0,0.8996052605611106
q_0726,WithoutText,1.0,1.0,1.0,1.0,0.7871546029909718
q_0727,AliasAwareFusion,0.3333333333333333,1.0,1.0,0.6666666666666666,0.6521514112629653
q_0727,WithoutEntity,1.0,1.0,1.0,1.0,0.8556691603792904
q_0727,WithoutPhrase,0.0,1.0,1.0,0.5,0.5228905060500249
q_0727,WithoutText,0.0,1.0,1.0,0.3333333333333333,0.46109177757836955
q_0728,AliasAwareFusion,0.0,1.0,1.0,0.5,0.4966392596877323
q_0728,WithoutEntity,0.0,1.0,1.0,0.20000000000000004,0.3045129678946485
q_0728,WithoutPhrase,1.0,1.0,1.0,1.0,0.7871546029909718
q_0728,WithoutText,0.0,1.0,1.0,0.20000000000000004,0.3045129678946485
q_0729,AliasAwareFusion,0.0,1.0,1.0,0.5,0.4966392596877323
q_0729,WithoutEntity,0.0,1.0,1.0,0.3333333333333333,0.3935773014954859
q_0729,WithoutPhrase,0.3333333333333333,1.0,1.0,0.6666666666666666,0.5934777074554788
q_0729,WithoutText,0.0,1.0,1.0,0.5,0.4966392596877323
q_0730,AliasAwareFusion,1.0,1.0,1.0,1.0,0.6735439182299784
q_0730,WithoutEntity,1.0,1.0,1.0,1.0,0.7569858564045292
q_0730,WithoutPhrase,1.0,1.0,1.0,1.0,0.6735439182299784
q_0730,WithoutText,0.6666666666666666,1.0,1.0,0.8333333333333334,0.590682244936117
q_0731,AliasAwareFusion,1.0,1.0,1.0,1.0,0.7871546029909718
q_0731,WithoutEntity,1.0,1.0,1.0,1.0,0.7871546029909718
q_0731,WithoutPhrase,1.0,1.0,1.0,1.0,0.7871546029909718
q_0731,WithoutText,1.0,1.0,1.0,1.0,0.7871546029909718
q_0732,AliasAwareFusion,1.0,1.0,1.0,1.0,0.6735439182299784
q_0732,WithoutEntity,1.0,1.0,1.0,1.0,0.6735439182299784
q_0732,WithoutPhrase,1.0,1.0,1.0,1.0,0.6735439182299784
q_0732,WithoutText,1.0,1.0,1.0,1.0,0.6735439182299784
q_0733,AliasAwareFusion,1.0,1.0,1.0,1.0,0.6735439182299784
q_0733,WithoutEntity,1.0,1.0,1.0,1.0,0.6735439182299784
q_0733,WithoutPhrase,1.0,1.0,1.0,1.0,0.6735439182299784
q_0733,WithoutText,1.0,1.0,1.0,1.0,0.6735439182299784
q_0734,AliasAwareFusion,0.0,1.0,1.0,0.5,0.42495889834839423
q_0734,WithoutEntity,0.0,1.0,1.0,0.5,0.42495889834839423
q_0734,WithoutPhrase,0.0,1.0,1.0,0.3333333333333333,0.3367719591149892
q_0734,WithoutText,0.0,0.0,0.0,0.0,0.0
q_0735,AliasAwareFusion,1.0,1.0,1.0,1.0,0.6735439182299784
q_0735,WithoutEntity,1.0,1.0,1.0,1.0,0.6735439182299784
q_0735,WithoutPhrase,0.0,1.0,1.0,0.5,0.42495889834839423
q_0735,WithoutText,1.0,1.0,1.0,1.0,0.6735439182299784
q_0736,AliasAwareFusion,1.0,1.0,1.0,1.0,0.6735439182299784
q_0736,WithoutEntity,1.0,1.0,1.0,1.0,0.6735439182299784
q_0736,WithoutPhrase,1.0,1.0,1.0,1.0,0.6735439182299784
q_0736,WithoutText,1.0,1.0,1.0,1.0,0.6735439182299784
q_0737,AliasAwareFusion,1.0,1.0,1.0,1.0,0.6735439182299784
q_0737,WithoutEntity,1.0,1.0,1.0,1.0,0.6735439182299784
q_0737,WithoutPhrase,1.0,1.0,1.0,1.0,0.6735439182299784
q_0737,WithoutText,1.0,1.0,1.0,1.0,0.6735439182299784
q_0738,AliasAwareFusion,1.0,1.0,1.0,1.0,0.6735439182299784
q_0738,WithoutEntity,1.0,1.0,1.0,1.0,0.6735439182299784
q_0738,WithoutPhrase,1.0,1.0,1.0,1.0,0.6735439182299784
q_0738,WithoutText,1.0,1.0,1.0,1.0,0.6735439182299784
q_0739,AliasAwareFusion,1.0,1.0,1.0,1.0,0.6735439182299784
q_0739,WithoutEntity,1.0,1.0,1.0,1.0,0.6735439182299784
q_0739,WithoutPhrase,1.0,1.0,1.0,1.0,0.6735439182299784
q_0739,WithoutText,1.0,1.0,1.0,1.0,0.6735439182299784
q_0740,AliasAwareFusion,1.0,1.0,1.0,1.0,0.6735439182299784
q_0740,WithoutEntity,1.0,1.0,1.0,1.0,0.6735439182299784
q_0740,WithoutPhrase,1.0,1.0,1.0,1.0,0.6735439182299784
q_0740,WithoutText,0.0,1.0,1.0,0.5,0.42495889834839423
q_0741,AliasAwareFusion,1.0,1.0,1.0,1.0,0.7871546029909718
q_0741,WithoutEntity,1.0,1.0,1.0,1.0,0.7871546029909718
q_0741,WithoutPhrase,1.0,1.0,1.0,1.0,0.7871546029909718
q_0741,WithoutText,1.0,1.0,1.0,1.0,0.7871546029909718
q_0742,AliasAwareFusion,1.0,1.0,1.0,1.0,0.7871546029909718
q_0742,WithoutEntity,1.0,1.0,1.0,1.0,0.7871546029909718
q_0742,WithoutPhrase,1.0,1.0,1.0,1.0,0.7871546029909718
q_0742,WithoutText,0.0,1.0,1.0,0.3333333333333333,0.3935773014954859
q_0743,AliasAwareFusion,1.0,1.0,1.0,1.0,0.7871546029909718
q_0743,WithoutEntity,1.0,1.0,1.0,1.0,0.7871546029909718
q_0743,WithoutPhrase,1.0,1.0,1.0,1.0,0.7871546029909718
q_0743,WithoutText,1.0,1.0,1.0,1.0,0.7871546029909718
q_0744,AliasAwareFusion,1.0,1.0,1.0,1.0,0.7871546029909718
q_0744,WithoutEntity,1.0,1.0,1.0,1.0,0.7871546029909718
q_0744,WithoutPhrase,1.0,1.0,1.0,1.0,0.7871546029909718
q_0744,WithoutText,0.0,1.0,1.0,0.25,0.3390090350877799
q_0745,AliasAwareFusion,1.0,1.0,1.0,1.0,0.7871546029909718
q_0745,WithoutEntity,1.0,1.0,1.0,1.0,0.7871546029909718
q_0745,WithoutPhrase,1.0,1.0,1.0,1.0,0.7871546029909718
q_0745,WithoutText,1.0,1.0,1.0,1.0,0.7871546029909718
q_0746,AliasAwareFusion,1.0,1.0,1.0,1.0,0.7871546029909718
q_0746,WithoutEntity,1.0,1.0,1.0,1.0,0.8887076658732239
q_0746,WithoutPhrase,1.0,1.0,1.0,1.0,0.7871546029909718
q_0746,WithoutText,1.0,1.0,1.0,1.0,0.7871546029909718
q_0747,AliasAwareFusion,1.0,1.0,1.0,1.0,0.7871546029909718
q_0747,WithoutEntity,1.0,1.0,1.0,1.0,0.7871546029909718
q_0747,WithoutPhrase,1.0,1.0,1.0,1.0,0.7871546029909718
q_0747,WithoutText,1.0,1.0,1.0,1.0,0.7871546029909718
q_0748,AliasAwareFusion,1.0,1.0,1.0,1.0,0.7871546029909718
q_0748,WithoutEntity,1.0,1.0,1.0,1.0,0.7871546029909718
q_0748,WithoutPhrase,1.0,1.0,1.0,1.0,0.7871546029909718
q_0748,WithoutText,1.0,1.0,1.0,1.0,0.7871546029909718
q_0749,AliasAwareFusion,1.0,1.0,1.0,1.0,0.6735439182299784
q_0749,WithoutEntity,1.0,1.0,1.0,1.0,0.6735439182299784
q_0749,WithoutPhrase,1.0,1.0,1.0,1.0,0.6735439182299784
q_0749,WithoutText,1.0,1.0,1.0,1.0,0.6735439182299784
q_0750,AliasAwareFusion,1.0,1.0,1.0,1.0,0.6735439182299784
q_0750,WithoutEntity,1.0,1.0,1.0,1.0,0.6735439182299784
q_0750,WithoutPhrase,1.0,1.0,1.0,1.0,0.6735439182299784
q_0750,WithoutText,0.0,0.0,1.0,0.1428571428571428,0.2245146394099928
q_0751,AliasAwareFusion,0.0,1.0,1.0,0.5,0.8339912323981488
q_0751,WithoutEntity,0.0,1.0,1.0,0.5,0.8339912323981488
q_0751,WithoutPhrase,0.0,1.0,1.0,0.5,0.8339912323981488
q_0751,WithoutText,0.0,1.0,1.0,0.38888888888888884,0.6260535476839896
q_0752,AliasAwareFusion,1.0,1.0,1.0,1.0,0.7871546029909718
q_0752,WithoutEntity,1.0,1.0,1.0,1.0,0.7871546029909718
q_0752,WithoutPhrase,1.0,1.0,1.0,1.0,0.7871546029909718
q_0752,WithoutText,0.0,0.0,0.0,0.0,0.0
q_0753,AliasAwareFusion,1.0,1.0,1.0,1.0,0.7871546029909718
q_0753,WithoutEntity,1.0,1.0,1.0,1.0,0.7871546029909718
q_0753,WithoutPhrase,1.0,1.0,1.0,1.0,0.7871546029909718
q_0753,WithoutText,0.0,0.0,0.0,0.0,0.0
q_0754,AliasAwareFusion,1.0,1.0,1.0,1.0,0.6735439182299784
q_0754,WithoutEntity,1.0,1.0,1.0,1.0,0.8556691603792904
q_0754,WithoutPhrase,1.0,1.0,1.0,1.0,0.6735439182299784
q_0754,WithoutText,1.0,1.0,1.0,1.0,0.6735439182299784
q_0755,AliasAwareFusion,0.0,0.0,0.0,0.0,0.0
q_0755,WithoutEntity,0.0,0.0,0.0,0.0,0.1243198184633803
q_0755,WithoutPhrase,0.0,0.0,0.0,0.0,0.0
q_0755,WithoutText,0.0,0.0,0.0,0.0,0.0
q_0756,AliasAwareFusion,1.0,1.0,1.0,1.0,0.95583058934618
q_0756,WithoutEntity,1.0,1.0,1.0,1.0,0.9324441894571632
q_0756,WithoutPhrase,1.0,1.0,1.0,1.0,0.95583058934618
q_0756,WithoutText,1.0,1.0,1.0,1.0,0.9223560171672576
q_0757,AliasAwareFusion,1.0,1.0,1.0,1.0,0.6735439182299784
q_0757,WithoutEntity,1.0,1.0,1.0,1.0,0.6735439182299784
q_0757,WithoutPhrase,1.0,1.0,1.0,1.0,0.6735439182299784
q_0757,WithoutText,1.0,1.0,1.0,1.0,0.6735439182299784
q_0758,AliasAwareFusion,1.0,1.0,1.0,1.0,0.7871546029909718
q_0758,WithoutEntity,1.0,1.0,1.0,1.0,0.7871546029909718
q_0758,WithoutPhrase,1.0,1.0,1.0,1.0,0.7871546029909718
q_0758,WithoutText,1.0,1.0,1.0,1.0,0.7871546029909718
q_0759,AliasAwareFusion,1.0,1.0,1.0,1.0,0.7871546029909718
q_0759,WithoutEntity,1.0,1.0,1.0,1.0,0.7871546029909718
q_0759,WithoutPhrase,1.0,1.0,1.0,1.0,0.7871546029909718
q_0759,WithoutText,1.0,1.0,1.0,1.0,0.7871546029909718
q_0760,AliasAwareFusion,1.0,1.0,1.0,1.0,0.7871546029909718
q_0760,WithoutEntity,1.0,1.0,1.0,1.0,0.7871546029909718
q_0760,WithoutPhrase,1.0,1.0,1.0,1.0,0.7871546029909718
q_0760,WithoutText,1.0,1.0,1.0,1.0,0.7871546029909718
q_0761,AliasAwareFusion,1.0,1.0,1.0,1.0,0.7871546029909718
q_0761,WithoutEntity,1.0,1.0,1.0,1.0,0.9324441894571632
q_0761,WithoutPhrase,1.0,1.0,1.0,1.0,0.7871546029909718
q_0761,WithoutText,1.0,1.0,1.0,1.0,0.7871546029909718
q_0762,AliasAwareFusion,1.0,1.0,1.0,1.0,0.7871546029909718
q_0762,WithoutEntity,1.0,1.0,1.0,1.0,0.7871546029909718
q_0762,WithoutPhrase,1.0,1.0,1.0,1.0,0.7871546029909718
q_0762,WithoutText,0.0,0.3333333333333333,0.6666666666666666,0.125,0.195776221643882
q_0763,AliasAwareFusion,0.0,0.0,0.0,0.0,0.13543356726815386
q_0763,WithoutEntity,0.0,0.0,1.0,0.125,0.2483196298438661
q_0763,WithoutPhrase,0.0,0.0,0.0,0.0,0.1686759863552082
q_0763,WithoutText,0.0,0.0,0.0,0.0,0.0
q_0764,AliasAwareFusion,0.0,0.0,0.0,0.0,0.0
q_0764,WithoutEntity,1.0,1.0,1.0,1.0,0.7871546029909718
q_0764,WithoutPhrase,0.0,0.0,0.0,0.0,0.0
q_0764,WithoutText,0.0,0.0,0.0,0.0,0.0
q_0765,AliasAwareFusion,1.0,1.0,1.0,1.0,0.6735439182299784
q_0765,WithoutEntity,1.0,1.0,1.0,1.0,0.6735439182299784
q_0765,WithoutPhrase,0.0,1.0,1.0,0.3333333333333333,0.3367719591149892
q_0765,WithoutText,1.0,1.0,1.0,1.0,0.6735439182299784
q_0766,AliasAwareFusion,1.0,1.0,1.0,1.0,0.7871546029909718
q_0766,WithoutEntity,1.0,1.0,1.0,1.0,0.7871546029909718
q_0766,WithoutPhrase,1.0,1.0,1.0,1.0,0.7871546029909718
q_0766,WithoutText,1.0,1.0,1.0,1.0,0.7871546029909718
q_0767,AliasAwareFusion,0.0,0.0,0.0,0.0,0.0
q_0767,WithoutEntity,0.0,0.0,0.0,0.0,0.0
q_0767,WithoutPhrase,0.0,0.0,0.0,0.0,0.0
q_0767,WithoutText,0.0,1.0,1.0,0.5,0.4966392596877323
q_0768,AliasAwareFusion,1.0,1.0,1.0,1.0,0.7871546029909718
q_0768,WithoutEntity,1.0,1.0,1.0,1.0,0.7871546029909718
q_0768,WithoutPhrase,1.0,1.0,1.0,1.0,0.7871546029909718
q_0768,WithoutText,1.0,1.0,1.0,1.0,0.7871546029909718
q_0769,AliasAwareFusion,1.0,1.0,1.0,1.0,0.7871546029909718
q_0769,WithoutEntity,1.0,1.0,1.0,1.0,0.7871546029909718
q_0769,WithoutPhrase,1.0,1.0,1.0,1.0,0.7871546029909718
q_0769,WithoutText,1.0,1.0,1.0,1.0,0.7871546029909718
q_0770,AliasAwareFusion,1.0,1.0,1.0,1.0,0.7871546029909718
q_0770,WithoutEntity,1.0,1.0,1.0,1.0,0.7871546029909718
q_0770,WithoutPhrase,1.0,1.0,1.0,1.0,0.7871546029909718
q_0770,WithoutText,1.0,1.0,1.0,1.0,0.7871546029909718
q_0771,AliasAwareFusion,0.0,1.0,1.0,0.5,0.4966392596877323
q_0771,WithoutEntity,0.0,1.0,1.0,0.5,0.4966392596877323
q_0771,WithoutPhrase,0.0,1.0,1.0,0.5,0.4966392596877323
q_0771,WithoutText,1.0,1.0,1.0,1.0,0.7871546029909718
q_0772,AliasAwareFusion,1.0,1.0,1.0,1.0,0.7871546029909718
q_0772,WithoutEntity,1.0,1.0,1.0,1.0,0.7871546029909718
q_0772,WithoutPhrase,1.0,1.0,1.0,1.0,1.0
q_0772,WithoutText,0.0,0.0,0.0,0.0,0.0
q_0773,AliasAwareFusion,1.0,1.0,1.0,1.0,0.8129154654194025
q_0773,WithoutEntity,0.0,1.0,1.0,0.3333333333333333,0.432992518862129
q_0773,WithoutPhrase,0.3333333333333333,1.0,1.0,0.6666666666666666,0.6303772388195453
q_0773,WithoutText,1.0,1.0,1.0,1.0,0.9391110985538408
q_0774,AliasAwareFusion,1.0,1.0,1.0,1.0,0.7871546029909718
q_0774,WithoutEntity,0.0,1.0,1.0,0.3333333333333333,0.3935773014954859
q_0774,WithoutPhrase,1.0,1.0,1.0,1.0,0.7871546029909718
q_0774,WithoutText,0.0,1.0,1.0,0.25,0.44056209797003215
q_0775,AliasAwareFusion,1.0,1.0,1.0,1.0,0.7871546029909718
q_0775,WithoutEntity,1.0,1.0,1.0,1.0,0.7871546029909718
q_0775,WithoutPhrase,1.0,1.0,1.0,1.0,0.7871546029909718
q_0775,WithoutText,1.0,1.0,1.0,1.0,0.7871546029909718
q_0776,AliasAwareFusion,1.0,1.0,1.0,1.0,0.7871546029909718
q_0776,WithoutEntity,1.0,1.0,1.0,1.0,0.7871546029909718
q_0776,WithoutPhrase,1.0,1.0,1.0,1.0,0.7871546029909718
q_0776,WithoutText,0.6666666666666666,1.0,1.0,0.8333333333333334,0.6903161552232254
q_0777,AliasAwareFusion,1.0,1.0,1.0,1.0,0.7871546029909718
q_0777,WithoutEntity,1.0,1.0,1.0,1.0,0.7871546029909718
q_0777,WithoutPhrase,0.0,1.0,1.0,0.5,0.4966392596877323
q_0777,WithoutText,0.0,1.0,1.0,0.25,0.3390090350877799
q_0778,AliasAwareFusion,1.0,1.0,1.0,1.0,0.6735439182299784
q_0778,WithoutEntity,1.0,1.0,1.0,1.0,0.6735439182299784
q_0778,WithoutPhrase,1.0,1.0,1.0,1.0,0.6735439182299784
q_0778,WithoutText,0.0,0.0,0.0,0.0,0.0
q_0779,AliasAwareFusion,1.0,1.0,1.0,1.0,0.6735439182299784
q_0779,WithoutEntity,1.0,1.0,1.0,1.0,0.6735439182299784
q_0779,WithoutPhrase,0.6666666666666666,1.0,1.0,0.8333333333333334,0.590682244936117
q_0779,WithoutText,0.0,1.0,1.0,0.3333333333333333,0.3367719591149892
q_0780,AliasAwareFusion,0.0,1.0,1.0,0.3333333333333333,0.3935773014954859
q_0780,WithoutEntity,0.0,0.0,0.0,0.0,0.0
q_0780,WithoutPhrase,1.0,1.0,1.0,1.0,0.7871546029909718
q_0780,WithoutText,0.0,0.0,0.6666666666666666,0.08928571428571426,0.1702348325025078
q_0781,AliasAwareFusion,1.0,1.0,1.0,1.0,0.7871546029909718
q_0781,WithoutEntity,1.0,1.0,1.0,1.0,0.7871546029909718
q_0781,WithoutPhrase,1.0,1.0,1.0,1.0,0.7871546029909718
q_0781,WithoutText,1.0,1.0,1.0,1.0,0.7871546029909718
q_0782,AliasAwareFusion,1.0,1.0,1.0,1.0,0.7871546029909718
q_0782,WithoutEntity,1.0,1.0,1.0,1.0,0.7871546029909718
q_0782,WithoutPhrase,1.0,1.0,1.0,1.0,0.7871546029909718
q_0782,WithoutText,0.0,1.0,1.0,0.5,0.4966392596877323
q_0783,AliasAwareFusion,1.0,1.0,1.0,1.0,0.6735439182299784
q_0783,WithoutEntity,1.0,1.0,1.0,1.0,0.7697644779771182
q_0783,WithoutPhrase,1.0,1.0,1.0,1.0,0.6735439182299784
q_0783,WithoutText,1.0,1.0,1.0,1.0,0.7978637366933587
q_0784,AliasAwareFusion,0.0,0.0,1.0,0.1666666666666666,0.280390126950546
q_0784,WithoutEntity,0.0,0.0,1.0,0.1428571428571428,0.2623848676636572
q_0784,WithoutPhrase,0.0,1.0,1.0,0.25,0.3390090350877799
q_0784,WithoutText,0.0,0.0,0.0,0.0,0.0
q_0785,AliasAwareFusion,1.0,1.0,1.0,1.0,0.7871546029909718
q_0785,WithoutEntity,1.0,1.0,1.0,1.0,0.7871546029909718
q_0785,WithoutPhrase,0.0,1.0,1.0,0.3333333333333333,0.391552443287764
q_0785,WithoutText,0.0,0.6666666666666666,1.0,0.2222222222222222,0.31946939904203525
q_0786,AliasAwareFusion,1.0,1.0,1.0,1.0,0.6735439182299784
q_0786,WithoutEntity,1.0,1.0,1.0,1.0,0.6735439182299784
q_0786,WithoutPhrase,1.0,1.0,1.0,1.0,0.6735439182299784
q_0786,WithoutText,0.0,0.3333333333333333,1.0,0.15595238095238093,0.23251881471573654
q_0787,AliasAwareFusion,0.0,0.0,0.0,0.0,0.0
q_0787,WithoutEntity,0.0,0.0,0.0,0.0,0.0
q_0787,WithoutPhrase,0.0,0.0,0.6666666666666666,0.06666666666666667,0.15169247239927414
q_0787,WithoutText,0.0,0.0,0.0,0.0,0.0
q_0788,AliasAwareFusion,1.0,1.0,1.0,1.0,0.6735439182299784
q_0788,WithoutEntity,1.0,1.0,1.0,1.0,0.6735439182299784
q_0788,WithoutPhrase,1.0,1.0,1.0,1.0,0.7894302450214918
q_0788,WithoutText,0.0,0.0,0.0,0.0,0.0
q_0789,AliasAwareFusion,1.0,1.0,1.0,1.0,0.6735439182299784
q_0789,WithoutEntity,0.0,1.0,1.0,0.3333333333333333,0.3367719591149892
q_0789,WithoutPhrase,1.0,1.0,1.0,1.0,0.6735439182299784
q_0789,WithoutText,0.0,0.0,1.0,0.1428571428571428,0.3155772604846487
q_0790,AliasAwareFusion,1.0,1.0,1.0,1.0,1.0
q_0790,WithoutEntity,1.0,1.0,1.0,1.0,1.0
q_0790,WithoutPhrase,1.0,1.0,1.0,1.0,1.0
q_0790,WithoutText,1.0,1.0,1.0,1.0,0.9629025552910747
q_0791,AliasAwareFusion,0.0,1.0,1.0,0.2333333333333333,0.3275103460234028
q_0791,WithoutEntity,0.0,0.0,0.0,0.0,0.0
q_0791,WithoutPhrase,0.0,1.0,1.0,0.25,0.3390090350877799
q_0791,WithoutText,0.0,0.0,1.0,0.125,0.2483196298438661
q_0792,AliasAwareFusion,1.0,1.0,1.0,1.0,0.8887076658732239
q_0792,WithoutEntity,1.0,1.0,1.0,1.0,0.7871546029909718
q_0792,WithoutPhrase,1.0,1.0,1.0,1.0,0.8887076658732239
q_0792,WithoutText,1.0,1.0,1.0,1.0,0.9275161798581445
q_0793,AliasAwareFusion,1.0,1.0,1.0,1.0,0.7871546029909718
q_0793,WithoutEntity,1.0,1.0,1.0,1.0,0.7871546029909718
q_0793,WithoutPhrase,1.0,1.0,1.0,1.0,0.7871546029909718
q_0793,WithoutText,1.0,1.0,1.0,1.0,0.7871546029909718
q_0794,AliasAwareFusion,1.0,1.0,1.0,1.0,0.7871546029909718
q_0794,WithoutEntity,1.0,1.0,1.0,1.0,0.7871546029909718
q_0794,WithoutPhrase,1.0,1.0,1.0,1.0,0.7871546029909718
q_0794,WithoutText,1.0,1.0,1.0,1.0,0.7871546029909718
q_0795,AliasAwareFusion,0.0,1.0,1.0,0.5,0.4966392596877323
q_0795,WithoutEntity,0.0,1.0,1.0,0.3333333333333333,0.3935773014954859
q_0795,WithoutPhrase,0.0,1.0,1.0,0.5,0.4966392596877323
q_0795,WithoutText,0.0,1.0,1.0,0.5,0.4966392596877323
q_0796,AliasAwareFusion,1.0,1.0,1.0,1.0,0.9176601606601068
q_0796,WithoutEntity,1.0,1.0,1.0,1.0,0.8846711923905052
q_0796,WithoutPhrase,1.0,1.0,1.0,1.0,0.9176601606601068
q_0796,WithoutText,1.0,1.0,1.0,1.0,0.9073218002554916
q_0797,AliasAwareFusion,1.0,1.0,1.0,1.0,0.8556691603792904
q_0797,WithoutEntity,0.0,1.0,1.0,0.25,0.5787412556559733
q_0797,WithoutPhrase,1.0,1.0,1.0,1.0,0.8178747578506881
q_0797,WithoutText,1.0,1.0,1.0,1.0,0.8178747578506881
q_0798,AliasAwareFusion,1.0,1.0,1.0,1.0,0.7871546029909718
q_0798,WithoutEntity,1.0,1.0,1.0,1.0,0.7871546029909718
q_0798,WithoutPhrase,1.0,1.0,1.0,1.0,0.7871546029909718
q_0798,WithoutText,1.0,1.0,1.0,1.0,0.7871546029909718
q_0799,AliasAwareFusion,0.0,0.0,0.0,0.0,0.0
q_0799,WithoutEntity,0.0,0.0,1.0,0.1428571428571428,0.2245146394099928
q_0799,WithoutPhrase,0.0,0.0,0.0,0.0,0.0
q_0799,WithoutText,0.0,0.0,0.0,0.0,0.0
q_0800,AliasAwareFusion,0.0,1.0,1.0,0.20000000000000004,0.2605623555630197
q_0800,WithoutEntity,0.0,0.0,0.0,0.0,0.0
q_0800,WithoutPhrase,0.0,1.0,1.0,0.2611111111111111,0.29580463036418764
q_0800,WithoutText,0.6666666666666666,1.0,1.0,0.8333333333333334,0.590682244936117
q_0801,AliasAwareFusion,1.0,1.0,1.0,1.0,0.7303231723049627
q_0801,WithoutEntity,1.0,1.0,1.0,1.0,0.6735439182299784
q_0801,WithoutPhrase,1.0,1.0,1.0,1.0,0.7025091929134458
q_0801,WithoutText,1.0,1.0,1.0,1.0,0.734582712829159
q_0802,AliasAwareFusion,0.0,1.0,1.0,0.5,0.42495889834839423
q_0802,WithoutEntity,0.0,1.0,1.0,0.5,0.42495889834839423
q_0802,WithoutPhrase,0.0,1.0,1.0,0.5,0.42495889834839423
q_0802,WithoutText,0.0,0.0,0.0,0.0,0.0
q_0803,AliasAwareFusion,0.0,0.0,0.0,0.0,0.0
q_0803,WithoutEntity,0.0,1.0,1.0,0.20000000000000004,0.3045129678946485
q_0803,WithoutPhrase,0.0,0.0,0.0,0.0,0.0
q_0803,WithoutText,0.0,0.0,0.0,0.0,0.0
q_0804,AliasAwareFusion,0.0,1.0,1.0,0.4444444444444444,0.39556325193725916
q_0804,WithoutEntity,1.0,1.0,1.0,1.0,0.6735439182299784
q_0804,WithoutPhrase,0.0,0.0,1.0,0.1428571428571428,0.2245146394099928
q_0804,WithoutText,0.0,1.0,1.0,0.5,0.42495889834839423
q_0805,AliasAwareFusion,1.0,1.0,1.0,1.0,0.6735439182299784
q_0805,WithoutEntity,0.0,0.0,0.0,0.0,0.0
q_0805,WithoutPhrase,1.0,1.0,1.0,1.0,0.6735439182299784
q_0805,WithoutText,0.0,0.0,0.0,0.0,0.0
q_0806,AliasAwareFusion,1.0,1.0,1.0,1.0,0.7871546029909718
q_0806,WithoutEntity,1.0,1.0,1.0,1.0,1.0
q_0806,WithoutPhrase,1.0,1.0,1.0,1.0,0.7871546029909718
q_0806,WithoutText,0.0,1.0,1.0,0.5,0.4966392596877323
q_0807,AliasAwareFusion,1.0,1.0,1.0,1.0,0.8178747578506881
q_0807,WithoutEntity,1.0,1.0,1.0,1.0,0.7852134991855584
q_0807,WithoutPhrase,1.0,1.0,1.0,1.0,0.8178747578506881
q_0807,WithoutText,1.0,1.0,1.0,1.0,0.7852134991855584
q_0808,AliasAwareFusion,1.0,1.0,1.0,1.0,0.9799889788426704
q_0808,WithoutEntity,1.0,1.0,1.0,1.0,0.95188972012643
q_0808,WithoutPhrase,0.0,1.0,1.0,0.5,0.8285739764811137
q_0808,WithoutText,1.0,1.0,1.0,1.0,0.8556691603792904
q_0809,AliasAwareFusion,1.0,1.0,1.0,1.0,0.7871546029909718
q_0809,WithoutEntity,1.0,1.0,1.0,1.0,0.7871546029909718
q_0809,WithoutPhrase,1.0,1.0,1.0,1.0,0.7871546029909718
q_0809,WithoutText,1.0,1.0,1.0,1.0,0.7871546029909718
q_0810,AliasAwareFusion,1.0,1.0,1.0,1.0,0.9324441894571632
q_0810,WithoutEntity,1.0,1.0,1.0,1.0,0.9176601606601068
q_0810,WithoutPhrase,1.0,1.0,1.0,1.0,0.9176601606601068
q_0810,WithoutText,1.0,1.0,1.0,1.0,0.9107679203903634
q_0811,AliasAwareFusion,1.0,1.0,1.0,1.0,0.7978637366933587
q_0811,WithoutEntity,1.0,1.0,1.0,1.0,0.7763672830184426
q_0811,WithoutPhrase,1.0,1.0,1.0,1.0,0.8112044174649116
q_0811,WithoutText,1.0,1.0,1.0,1.0,0.7697644779771182
q_0812,AliasAwareFusion,1.0,1.0,1.0,1.0,1.0
q_0812,WithoutEntity,1.0,1.0,1.0,1.0,1.0
q_0812,WithoutPhrase,1.0,1.0,1.0,1.0,1.0
q_0812,WithoutText,1.0,1.0,1.0,1.0,1.0
q_0813,AliasAwareFusion,1.0,1.0,1.0,1.0,0.7871546029909718
q_0813,WithoutEntity,1.0,1.0,1.0,1.0,0.7871546029909718
q_0813,WithoutPhrase,1.0,1.0,1.0,1.0,0.7871546029909718
q_0813,WithoutText,0.6666666666666666,1.0,1.0,0.8333333333333334,0.6903161552232252
q_0814,AliasAwareFusion,1.0,1.0,1.0,1.0,0.6735439182299784
q_0814,WithoutEntity,0.0,1.0,1.0,0.5,0.42495889834839423
q_0814,WithoutPhrase,1.0,1.0,1.0,1.0,0.6735439182299784
q_0814,WithoutText,0.0,0.0,1.0,0.1666666666666666,0.2399211845064163
q_0815,AliasAwareFusion,1.0,1.0,1.0,1.0,0.8556691603792904
q_0815,WithoutEntity,1.0,1.0,1.0,1.0,0.8178747578506881
q_0815,WithoutPhrase,1.0,1.0,1.0,1.0,0.8556691603792904
q_0815,WithoutText,0.0,1.0,1.0,0.25,0.4722048185638658
q_0816,AliasAwareFusion,1.0,1.0,1.0,1.0,0.6735439182299784
q_0816,WithoutEntity,0.0,1.0,1.0,0.5,0.42495889834839423
q_0816,WithoutPhrase,1.0,1.0,1.0,1.0,0.6735439182299784
q_0816,WithoutText,0.0,0.0,0.0,0.0,0.0
q_0817,AliasAwareFusion,1.0,1.0,1.0,1.0,0.7871546029909718
q_0817,WithoutEntity,1.0,1.0,1.0,1.0,0.7871546029909718
q_0817,WithoutPhrase,1.0,1.0,1.0,1.0,0.7871546029909718
q_0817,WithoutText,1.0,1.0,1.0,1.0,0.7871546029909718
q_0818,AliasAwareFusion,1.0,1.0,1.0,1.0,0.6735439182299784
q_0818,WithoutEntity,1.0,1.0,1.0,1.0,0.6735439182299784
q_0818,WithoutPhrase,1.0,1.0,1.0,1.0,0.7569858564045292
q_0818,WithoutText,1.0,1.0,1.0,1.0,0.6735439182299784
q_0819,AliasAwareFusion,1.0,1.0,1.0,1.0,0.6735439182299784
q_0819,WithoutEntity,1.0,1.0,1.0,1.0,0.6735439182299784
q_0819,WithoutPhrase,1.0,1.0,1.0,1.0,0.6735439182299784
q_0819,WithoutText,0.0,1.0,1.0,0.5,0.42495889834839423
q_0820,AliasAwareFusion,1.0,1.0,1.0,1.0,0.6735439182299784
q_0820,WithoutEntity,1.0,1.0,1.0,1.0,0.6735439182299784
q_0820,WithoutPhrase,1.0,1.0,1.0,1.0,0.6735439182299784
q_0820,WithoutText,0.0,1.0,1.0,0.21666666666666667,0.27040142918019777
q_0821,AliasAwareFusion,0.0,1.0,1.0,0.4444444444444444,0.39556325193725916
q_0821,WithoutEntity,0.0,0.0,1.0,0.1666666666666666,0.2399211845064163
q_0821,WithoutPhrase,0.0,1.0,1.0,0.4444444444444444,0.39556325193725916
q_0821,WithoutText,0.0,0.0,0.0,0.0,0.0
q_0822,AliasAwareFusion,1.0,1.0,1.0,1.0,0.7871546029909718
q_0822,WithoutEntity,1.0,1.0,1.0,1.0,0.7871546029909718
q_0822,WithoutPhrase,1.0,1.0,1.0,1.0,0.7871546029909718
q_0822,WithoutText,0.0,1.0,1.0,0.5,0.4966392596877323
q_0823,AliasAwareFusion,0.0,1.0,1.0,0.5,0.4966392596877323
q_0823,WithoutEntity,0.0,0.0,1.0,0.125,0.2483196298438661
q_0823,WithoutPhrase,0.0,0.0,1.0,0.125,0.2483196298438661
q_0823,WithoutText,1.0,1.0,1.0,1.0,0.7871546029909718
q_0824,AliasAwareFusion,1.0,1.0,1.0,1.0,0.6735439182299784
q_0824,WithoutEntity,1.0,1.0,1.0,1.0,0.6735439182299784
q_0824,WithoutPhrase,1.0,1.0,1.0,1.0,0.6735439182299784
q_0824,WithoutText,1.0,1.0,1.0,1.0,0.6735439182299784
q_0825,AliasAwareFusion,1.0,1.0,1.0,1.0,0.7871546029909718
q_0825,WithoutEntity,1.0,1.0,1.0,1.0,0.7871546029909718
q_0825,WithoutPhrase,1.0,1.0,1.0,1.0,0.7871546029909718
q_0825,WithoutText,0.3333333333333333,1.0,1.0,0.6666666666666666,0.5934777074554788
q_0826,AliasAwareFusion,1.0,1.0,1.0,1.0,0.7871546029909718
q_0826,WithoutEntity,1.0,1.0,1.0,1.0,0.7871546029909718
q_0826,WithoutPhrase,1.0,1.0,1.0,1.0,0.7871546029909718
q_0826,WithoutText,1.0,1.0,1.0,1.0,0.7871546029909718
q_0827,AliasAwareFusion,1.0,1.0,1.0,1.0,0.6735439182299784
q_0827,WithoutEntity,1.0,1.0,1.0,1.0,0.6735439182299784
q_0827,WithoutPhrase,1.0,1.0,1.0,1.0,0.6735439182299784
q_0827,WithoutText,1.0,1.0,1.0,1.0,0.6735439182299784
q_0828,AliasAwareFusion,1.0,1.0,1.0,1.0,0.6735439182299784
q_0828,WithoutEntity,1.0,1.0,1.0,1.0,0.6735439182299784
q_0828,WithoutPhrase,1.0,1.0,1.0,1.0,0.6735439182299784
q_0828,WithoutText,1.0,1.0,1.0,1.0,0.6735439182299784
q_0829,AliasAwareFusion,1.0,1.0,1.0,1.0,0.7871546029909718
q_0829,WithoutEntity,1.0,1.0,1.0,1.0,0.7871546029909718
q_0829,WithoutPhrase,1.0,1.0,1.0,1.0,0.7871546029909718
q_0829,WithoutText,1.0,1.0,1.0,1.0,0.7871546029909718
q_0830,AliasAwareFusion,1.0,1.0,1.0,1.0,0.6735439182299784
q_0830,WithoutEntity,0.0,1.0,1.0,0.5,0.5366284793039741
q_0830,WithoutPhrase,1.0,1.0,1.0,1.0,0.6735439182299784
q_0830,WithoutText,0.0,1.0,1.0,0.2333333333333333,0.28024050279737595
q_0831,AliasAwareFusion,1.0,1.0,1.0,1.0,0.6735439182299784
q_0831,WithoutEntity,1.0,1.0,1.0,1.0,0.6735439182299784
q_0831,WithoutPhrase,1.0,1.0,1.0,1.0,0.6735439182299784
q_0831,WithoutText,0.3333333333333333,1.0,1.0,0.6666666666666666,0.5078205716422556
q_0832,AliasAwareFusion,1.0,1.0,1.0,1.0,0.6735439182299784
q_0832,WithoutEntity,1.0,1.0,1.0,1.0,0.6735439182299784
q_0832,WithoutPhrase,1.0,1.0,1.0,1.0,0.6735439182299784
q_0832,WithoutText,1.0,1.0,1.0,1.0,0.6735439182299784
q_0833,AliasAwareFusion,1.0,1.0,1.0,1.0,0.7871546029909718
q_0833,WithoutEntity,1.0,1.0,1.0,1.0,0.7871546029909718
q_0833,WithoutPhrase,1.0,1.0,1.0,1.0,0.7871546029909718
q_0833,WithoutText,1.0,1.0,1.0,1.0,0.7871546029909718
q_0834,AliasAwareFusion,1.0,1.0,1.0,1.0,0.7025091929134458
q_0834,WithoutEntity,1.0,1.0,1.0,1.0,0.7763672830184426
q_0834,WithoutPhrase,0.0,1.0,1.0,0.5,0.42495889834839423
q_0834,WithoutText,0.0,1.0,1.0,0.3055555555555555,0.32120783154817745
q_0835,AliasAwareFusion,1.0,1.0,1.0,1.0,0.7697644779771182
q_0835,WithoutEntity,1.0,1.0,1.0,1.0,0.7978637366933587
q_0835,WithoutPhrase,1.0,1.0,1.0,1.0,0.7646065393046344
q_0835,WithoutText,0.0,0.0,1.0,0.1666666666666666,0.3309838055810722
q_0836,AliasAwareFusion,1.0,1.0,1.0,1.0,0.7871546029909718
q_0836,WithoutEntity,1.0,1.0,1.0,1.0,0.7871546029909718
q_0836,WithoutPhrase,1.0,1.0,1.0,1.0,0.7871546029909718
q_0836,WithoutText,1.0,1.0,1.0,1.0,0.7871546029909718
q_0837,AliasAwareFusion,1.0,1.0,1.0,1.0,0.8556691603792904
q_0837,WithoutEntity,0.0,1.0,1.0,0.5,0.7136205775898136
q_0837,WithoutPhrase,1.0,1.0,1.0,1.0,0.7992895053231259
q_0837,WithoutText,0.0,0.3333333333333333,1.0,0.1698412698412698,0.24166605982647626
q_0838,AliasAwareFusion,0.3333333333333333,0.6666666666666666,0.6666666666666666,0.5,0.36616760552612426
q_0838,WithoutEntity,1.0,1.0,1.0,1.0,0.6735439182299784
q_0838,WithoutPhrase,0.0,0.0,0.3333333333333333,0.047619047619047596,0.07483821313666426
q_0838,WithoutText,0.0,0.0,0.0,0.0,0.0
q_0839,AliasAwareFusion,1.0,1.0,1.0,1.0,0.6735439182299784
q_0839,WithoutEntity,1.0,1.0,1.0,1.0,0.6735439182299784
q_0839,WithoutPhrase,1.0,1.0,1.0,1.0,0.6735439182299784
q_0839,WithoutText,1.0,1.0,1.0,1.0,0.6735439182299784
q_0840,AliasAwareFusion,1.0,1.0,1.0,1.0,0.6735439182299784
q_0840,WithoutEntity,1.0,1.0,1.0,1.0,0.6735439182299784
q_0840,WithoutPhrase,0.0,1.0,1.0,0.5,0.42495889834839423
q_0840,WithoutText,0.0,1.0,1.0,0.20000000000000004,0.2605623555630197
q_0841,AliasAwareFusion,1.0,1.0,1.0,1.0,0.7871546029909718
q_0841,WithoutEntity,1.0,1.0,1.0,1.0,0.9073218002554916
q_0841,WithoutPhrase,1.0,1.0,1.0,1.0,0.7871546029909718
q_0841,WithoutText,1.0,1.0,1.0,1.0,0.7871546029909718
q_0842,AliasAwareFusion,0.0,1.0,1.0,0.3333333333333333,0.46109177757836955
q_0842,WithoutEntity,0.0,1.0,1.0,0.3333333333333333,0.5188972012643011
q_0842,WithoutPhrase,0.0,1.0,1.0,0.3333333333333333,0.456875031742436
q_0842,WithoutText,0.0,0.0,1.0,0.1666666666666666,0.2399211845064163
q_0843,AliasAwareFusion,1.0,1.0,1.0,1.0,0.7871546029909718
q_0843,WithoutEntity,1.0,1.0,1.0,1.0,0.7871546029909718
q_0843,WithoutPhrase,1.0,1.0,1.0,1.0,0.7871546029909718
q_0843,WithoutText,1.0,1.0,1.0,1.0,0.7871546029909718
q_0844,AliasAwareFusion,0.0,1.0,1.0,0.25,0.290079576414554
q_0844,WithoutEntity,0.0,1.0,1.0,0.20000000000000004,0.2605623555630197
q_0844,WithoutPhrase,0.0,0.0,1.0,0.1666666666666666,0.2399211845064163
q_0844,WithoutText,1.0,1.0,1.0,1.0,0.6735439182299784
q_0845,AliasAwareFusion,1.0,1.0,1.0,1.0,0.9240700597232726
q_0845,WithoutEntity,1.0,1.0,1.0,1.0,0.7871546029909718
q_0845,WithoutPhrase,1.0,1.0,1.0,1.0,0.8860166835514115
q_0845,WithoutText,1.0,1.0,1.0,1.0,0.7871546029909718
q_0846,AliasAwareFusion,1.0,1.0,1.0,1.0,0.7978637366933587
q_0846,WithoutEntity,1.0,1.0,1.0,1.0,0.6735439182299784
q_0846,WithoutPhrase,1.0,1.0,1.0,1.0,0.7978637366933587
q_0846,WithoutText,1.0,1.0,1.0,1.0,0.7978637366933587
q_0847,AliasAwareFusion,1.0,1.0,1.0,1.0,0.6735439182299784
q_0847,WithoutEntity,1.0,1.0,1.0,1.0,0.6735439182299784
q_0847,WithoutPhrase,1.0,1.0,1.0,1.0,0.6735439182299784
q_0847,WithoutText,1.0,1.0,1.0,1.0,0.6735439182299784
q_0848,AliasAwareFusion,1.0,1.0,1.0,1.0,0.6735439182299784
q_0848,WithoutEntity,1.0,1.0,1.0,1.0,0.7604397422803805
q_0848,WithoutPhrase,1.0,1.0,1.0,1.0,0.6735439182299784
q_0848,WithoutText,1.0,1.0,1.0,1.0,0.6735439182299784
q_0849,AliasAwareFusion,1.0,1.0,1.0,1.0,1.0
q_0849,WithoutEntity,1.0,1.0,1.0,1.0,1.0
q_0849,WithoutPhrase,0.0,1.0,1.0,0.5,0.8339912323981488
q_0849,WithoutText,0.0,1.0,1.0,0.20000000000000004,0.3045129678946485
q_0850,AliasAwareFusion,1.0,1.0,1.0,1.0,0.7871546029909718
q_0850,WithoutEntity,0.0,1.0,1.0,0.5,0.4966392596877323
q_0850,WithoutPhrase,1.0,1.0,1.0,1.0,0.7871546029909718
q_0850,WithoutText,0.0,0.0,0.0,0.0,0.0
q_0851,AliasAwareFusion,1.0,1.0,1.0,1.0,0.6735439182299784
q_0851,WithoutEntity,1.0,1.0,1.0,1.0,0.6735439182299784
q_0851,WithoutPhrase,1.0,1.0,1.0,1.0,0.6735439182299784
q_0851,WithoutText,0.0,0.0,1.0,0.10000000000000002,0.1946978557406183
q_0852,AliasAwareFusion,1.0,1.0,1.0,1.0,1.0
q_0852,WithoutEntity,1.0,1.0,1.0,1.0,1.0
q_0852,WithoutPhrase,1.0,1.0,1.0,1.0,0.9852768631153933
q_0852,WithoutText,0.6666666666666666,1.0,1.0,0.8333333333333334,0.6903161552232254
q_0853,AliasAwareFusion,1.0,1.0,1.0,1.0,0.6735439182299784
q_0853,WithoutEntity,1.0,1.0,1.0,1.0,0.9013166960252388
q_0853,WithoutPhrase,1.0,1.0,1.0,1.0,0.6735439182299784
q_0853,WithoutText,1.0,1.0,1.0,1.0,0.6735439182299784
q_0854,AliasAwareFusion,1.0,1.0,1.0,1.0,0.947062162003356
q_0854,WithoutEntity,1.0,1.0,1.0,1.0,0.8556691603792904
q_0854,WithoutPhrase,1.0,1.0,1.0,1.0,0.8556691603792904
q_0854,WithoutText,0.0,1.0,1.0,0.5,0.7136205775898136
q_0855,AliasAwareFusion,1.0,1.0,1.0,1.0,0.95583058934618
q_0855,WithoutEntity,1.0,1.0,1.0,1.0,0.9324441894571632
q_0855,WithoutPhrase,1.0,1.0,1.0,1.0,0.95583058934618
q_0855,WithoutText,0.0,1.0,1.0,0.5,0.4966392596877323
q_0856,AliasAwareFusion,1.0,1.0,1.0,1.0,0.6735439182299784
q_0856,WithoutEntity,1.0,1.0,1.0,1.0,0.6735439182299784
q_0856,WithoutPhrase,1.0,1.0,1.0,1.0,0.6735439182299784
q_0856,WithoutText,1.0,1.0,1.0,1.0,0.6735439182299784
q_0857,AliasAwareFusion,1.0,1.0,1.0,1.0,1.0
q_0857,WithoutEntity,1.0,1.0,1.0,1.0,1.0
q_0857,WithoutPhrase,1.0,1.0,1.0,1.0,1.0
q_0857,WithoutText,1.0,1.0,1.0,1.0,1.0
q_0858,AliasAwareFusion,0.0,0.0,0.0,0.0,0.0
q_0858,WithoutEntity,0.0,0.0,0.0,0.0,0.0
q_0858,WithoutPhrase,0.0,0.0,0.0,0.0,0.0
q_0858,WithoutText,0.0,0.0,1.0,0.12169312169312167,0.24543305370472238
q_0859,AliasAwareFusion,0.0,0.0,1.0,0.11574074074074074,0.494659444155666
q_0859,WithoutEntity,0.0,0.0,0.0,0.0,0.1028233647884641
q_0859,WithoutPhrase,0.0,0.3333333333333333,1.0,0.1698412698412698,0.5303277390678957
q_0859,WithoutText,0.0,0.0,0.0,0.0,0.2886616792414193
q_0860,AliasAwareFusion,0.3333333333333333,1.0,1.0,0.6666666666666666,0.5078205716422556
q_0860,WithoutEntity,0.0,0.0,0.0,0.0,0.11166958095557981
q_0860,WithoutPhrase,1.0,1.0,1.0,1.0,0.770246100100065
q_0860,WithoutText,1.0,1.0,1.0,1.0,0.6735439182299784
q_0861,AliasAwareFusion,1.0,1.0,1.0,1.0,0.7871546029909718
q_0861,WithoutEntity,1.0,1.0,1.0,1.0,0.7871546029909718
q_0861,WithoutPhrase,1.0,1.0,1.0,1.0,0.7871546029909718
q_0861,WithoutText,1.0,1.0,1.0,1.0,0.7871546029909718
q_0862,AliasAwareFusion,1.0,1.0,1.0,1.0,0.7871546029909718
q_0862,WithoutEntity,1.0,1.0,1.0,1.0,1.0
q_0862,WithoutPhrase,1.0,1.0,1.0,1.0,0.7871546029909718
q_0862,WithoutText,1.0,1.0,1.0,1.0,0.7871546029909718
q_0863,AliasAwareFusion,1.0,1.0,1.0,1.0,0.947062162003356
q_0863,WithoutEntity,1.0,1.0,1.0,1.0,0.8556691603792904
q_0863,WithoutPhrase,1.0,1.0,1.0,1.0,1.0
q_0863,WithoutText,1.0,1.0,1.0,1.0,0.8556691603792904
q_0864,AliasAwareFusion,1.0,1.0,1.0,1.0,0.7871546029909718
q_0864,WithoutEntity,1.0,1.0,1.0,1.0,0.7871546029909718
q_0864,WithoutPhrase,1.0,1.0,1.0,1.0,0.7871546029909718
q_0864,WithoutText,1.0,1.0,1.0,1.0,0.7871546029909718
q_0865,AliasAwareFusion,1.0,1.0,1.0,1.0,0.6735439182299784
q_0865,WithoutEntity,1.0,1.0,1.0,1.0,0.6735439182299784
q_0865,WithoutPhrase,1.0,1.0,1.0,1.0,0.6735439182299784
q_0865,WithoutText,0.0,0.6666666666666666,1.0,0.18333333333333335,0.248446595906064
q_0866,AliasAwareFusion,1.0,1.0,1.0,1.0,0.7871546029909718
q_0866,WithoutEntity,1.0,1.0,1.0,1.0,0.7871546029909718
q_0866,WithoutPhrase,1.0,1.0,1.0,1.0,0.7871546029909718
q_0866,WithoutText,1.0,1.0,1.0,1.0,0.7871546029909718
q_0867,AliasAwareFusion,0.0,1.0,1.0,0.3333333333333333,0.3367719591149892
q_0867,WithoutEntity,0.0,0.0,1.0,0.1666666666666666,0.2399211845064163
q_0867,WithoutPhrase,0.0,1.0,1.0,0.25,0.290079576414554
q_0867,WithoutText,0.0,0.0,1.0,0.13095238095238093,0.3033870033031977
q_0868,AliasAwareFusion,0.0,1.0,1.0,0.5,0.5194601452047061
q_0868,WithoutEntity,0.0,1.0,1.0,0.3333333333333333,0.3367719591149892
q_0868,WithoutPhrase,0.0,1.0,1.0,0.5,0.5132436547402143
q_0868,WithoutText,1.0,1.0,1.0,1.0,0.7646065393046344
q_0869,AliasAwareFusion,1.0,1.0,1.0,1.0,0.6735439182299784
q_0869,WithoutEntity,1.0,1.0,1.0,1.0,0.8556691603792904
q_0869,WithoutPhrase,1.0,1.0,1.0,1.0,0.6735439182299784
q_0869,WithoutText,1.0,1.0,1.0,1.0,0.6735439182299784
q_0870,AliasAwareFusion,1.0,1.0,1.0,1.0,0.7894302450214918
q_0870,WithoutEntity,1.0,1.0,1.0,1.0,0.6735439182299784
q_0870,WithoutPhrase,1.0,1.0,1.0,1.0,0.8178747578506881
q_0870,WithoutText,1.0,1.0,1.0,1.0,0.6735439182299784
q_0871,AliasAwareFusion,1.0,1.0,1.0,1.0,0.6735439182299784
q_0871,WithoutEntity,1.0,1.0,1.0,1.0,0.8556691603792904
q_0871,WithoutPhrase,1.0,1.0,1.0,1.0,0.6735439182299784
q_0871,WithoutText,1.0,1.0,1.0,1.0,0.6735439182299784
q_0872,AliasAwareFusion,0.6666666666666666,1.0,1.0,0.8333333333333334,0.7350130845568267
q_0872,WithoutEntity,1.0,1.0,1.0,1.0,0.7978637366933587
q_0872,WithoutPhrase,0.6666666666666666,1.0,1.0,0.8333333333333334,0.7350130845568267
q_0872,WithoutText,0.0,0.6666666666666666,1.0,0.18888888888888888,0.33827519867731964
q_0873,AliasAwareFusion,1.0,1.0,1.0,1.0,0.7871546029909718
q_0873,WithoutEntity,1.0,1.0,1.0,1.0,0.7871546029909718
q_0873,WithoutPhrase,1.0,1.0,1.0,1.0,0.7871546029909718
q_0873,WithoutText,1.0,1.0,1.0,1.0,0.7871546029909718
q_0874,AliasAwareFusion,1.0,1.0,1.0,1.0,0.6735439182299784
q_0874,WithoutEntity,1.0,1.0,1.0,1.0,0.6735439182299784
q_0874,WithoutPhrase,1.0,1.0,1.0,1.0,0.6735439182299784
q_0874,WithoutText,1.0,1.0,1.0,1.0,0.6735439182299784
q_0875,AliasAwareFusion,1.0,1.0,1.0,1.0,0.770246100100065
q_0875,WithoutEntity,1.0,1.0,1.0,1.0,0.6735439182299784
q_0875,WithoutPhrase,1.0,1.0,1.0,1.0,0.7763672830184426
q_0875,WithoutText,0.0,1.0,1.0,0.3333333333333333,0.3367719591149892
q_0876,AliasAwareFusion,0.0,1.0,1.0,0.5,0.4966392596877323
q_0876,WithoutEntity,0.0,0.0,0.0,0.0,0.0
q_0876,WithoutPhrase,1.0,1.0,1.0,1.0,0.7871546029909718
q_0876,WithoutText,0.0,1.0,1.0,0.25,0.3390090350877799
q_0877,AliasAwareFusion,1.0,1.0,1.0,1.0,0.8178747578506881
q_0877,WithoutEntity,1.0,1.0,1.0,1.0,0.8556691603792904
q_0877,WithoutPhrase,1.0,1.0,1.0,1.0,0.8178747578506881
q_0877,WithoutText,1.0,1.0,1.0,1.0,0.7646065393046344
q_0878,AliasAwareFusion,0.0,1.0,1.0,0.5,0.42495889834839423
q_0878,WithoutEntity,0.0,0.0,0.0,0.0,0.0
q_0878,WithoutPhrase,1.0,1.0,1.0,1.0,0.6735439182299784
q_0878,WithoutText,0.0,0.0,0.3333333333333333,0.03333333333333333,0.06489928524687276
q_0879,AliasAwareFusion,0.0,0.0,0.0,0.0,0.0
q_0879,WithoutEntity,0.0,0.0,0.0,0.0,0.0
q_0879,WithoutPhrase,0.0,0.0,1.0,0.15079365079365073,0.22965015444213396
q_0879,WithoutText,0.0,0.0,0.0,0.0,0.0
q_0880,AliasAwareFusion,1.0,1.0,1.0,1.0,0.6735439182299784
q_0880,WithoutEntity,1.0,1.0,1.0,1.0,0.6735439182299784
q_0880,WithoutPhrase,1.0,1.0,1.0,1.0,0.6735439182299784
q_0880,WithoutText,1.0,1.0,1.0,1.0,0.6735439182299784
q_0881,AliasAwareFusion,0.0,1.0,1.0,0.20000000000000004,0.2605623555630197
q_0881,WithoutEntity,0.0,0.0,0.0,0.0,0.0
q_0881,WithoutPhrase,0.0,1.0,1.0,0.4166666666666667,0.37999912437044747
q_0881,WithoutText,0.0,0.0,0.0,0.0,0.0
q_0882,AliasAwareFusion,1.0,1.0,1.0,1.0,1.0
q_0882,WithoutEntity,1.0,1.0,1.0,1.0,1.0
q_0882,WithoutPhrase,1.0,1.0,1.0,1.0,0.9421945763140686
q_0882,WithoutText,1.0,1.0,1.0,1.0,0.9467317814539461
q_0883,AliasAwareFusion,1.0,1.0,1.0,1.0,0.8178747578506881
q_0883,WithoutEntity,1.0,1.0,1.0,1.0,0.8556691603792904
q_0883,WithoutPhrase,1.0,1.0,1.0,1.0,0.6735439182299784
q_0883,WithoutText,0.0,1.0,1.0,0.5,0.7136205775898136
q_0884,AliasAwareFusion,1.0,1.0,1.0,1.0,0.7871546029909718
q_0884,WithoutEntity,1.0,1.0,1.0,1.0,0.7871546029909718
q_0884,WithoutPhrase,1.0,1.0,1.0,1.0,0.7871546029909718
q_0884,WithoutText,1.0,1.0,1.0,1.0,0.7871546029909718
q_0885,AliasAwareFusion,0.0,0.0,1.0,0.11574074074074074,0.24074464109812535
q_0885,WithoutEntity,0.0,0.0,0.0,0.0,0.1201671972645197
q_0885,WithoutPhrase,0.0,0.0,1.0,0.1666666666666666,0.280390126950546
q_0885,WithoutText,0.0,0.0,0.6666666666666666,0.06666666666666667,0.18917602492265373
q_0886,AliasAwareFusion,1.0,1.0,1.0,1.0,0.8556691603792904
q_0886,WithoutEntity,0.0,1.0,1.0,0.5,0.42495889834839423
q_0886,WithoutPhrase,0.0,1.0,1.0,0.5,0.7136205775898136
q_0886,WithoutText,0.3333333333333333,1.0,1.0,0.6666666666666666,0.5078205716422556
q_0887,AliasAwareFusion,1.0,1.0,1.0,1.0,0.6735439182299784
q_0887,WithoutEntity,1.0,1.0,1.0,1.0,0.6735439182299784
q_0887,WithoutPhrase,1.0,1.0,1.0,1.0,0.6735439182299784
q_0887,WithoutText,1.0,1.0,1.0,1.0,0.6735439182299784
q_0888,AliasAwareFusion,1.0,1.0,1.0,1.0,0.6735439182299784
q_0888,WithoutEntity,1.0,1.0,1.0,1.0,0.6735439182299784
q_0888,WithoutPhrase,1.0,1.0,1.0,1.0,0.6735439182299784
q_0888,WithoutText,1.0,1.0,1.0,1.0,0.6735439182299784
q_0889,AliasAwareFusion,1.0,1.0,1.0,1.0,0.7978637366933587
q_0889,WithoutEntity,1.0,1.0,1.0,1.0,0.7978637366933587
q_0889,WithoutPhrase,1.0,1.0,1.0,1.0,0.8045340770791353
q_0889,WithoutText,0.0,1.0,1.0,0.5,0.42495889834839423
q_0890,AliasAwareFusion,1.0,1.0,1.0,1.0,0.9324441894571632
q_0890,WithoutEntity,1.0,1.0,1.0,1.0,0.7871546029909718
q_0890,WithoutPhrase,1.0,1.0,1.0,1.0,1.0
q_0890,WithoutText,1.0,1.0,1.0,1.0,0.9021774404592375
q_0891,AliasAwareFusion,1.0,1.0,1.0,1.0,0.6735439182299784
q_0891,WithoutEntity,1.0,1.0,1.0,1.0,0.7697644779771182
q_0891,WithoutPhrase,1.0,1.0,1.0,1.0,0.6735439182299784
q_0891,WithoutText,1.0,1.0,1.0,1.0,0.6735439182299784
q_0892,AliasAwareFusion,1.0,1.0,1.0,1.0,0.7871546029909718
q_0892,WithoutEntity,0.0,1.0,1.0,0.5,0.4966392596877323
q_0892,WithoutPhrase,1.0,1.0,1.0,1.0,0.7871546029909718
q_0892,WithoutText,0.0,0.0,0.0,0.0,0.0
q_0893,AliasAwareFusion,1.0,1.0,1.0,1.0,0.7604397422803805
q_0893,WithoutEntity,1.0,1.0,1.0,1.0,0.7569858564045292
q_0893,WithoutPhrase,1.0,1.0,1.0,1.0,0.7569858564045292
q_0893,WithoutText,1.0,1.0,1.0,1.0,0.6735439182299784
q_0894,AliasAwareFusion,1.0,1.0,1.0,1.0,0.8430710262030896
q_0894,WithoutEntity,1.0,1.0,1.0,1.0,0.7978637366933587
q_0894,WithoutPhrase,1.0,1.0,1.0,1.0,0.7453380647426572
q_0894,WithoutText,1.0,1.0,1.0,1.0,0.6735439182299784
q_0895,AliasAwareFusion,1.0,1.0,1.0,1.0,0.7871546029909718
q_0895,WithoutEntity,1.0,1.0,1.0,1.0,0.7871546029909718
q_0895,WithoutPhrase,1.0,1.0,1.0,1.0,0.7871546029909718
q_0895,WithoutText,0.0,1.0,1.0,0.3333333333333333,0.3935773014954859
q_0896,AliasAwareFusion,1.0,1.0,1.0,1.0,0.6735439182299784
q_0896,WithoutEntity,1.0,1.0,1.0,1.0,0.6735439182299784
q_0896,WithoutPhrase,1.0,1.0,1.0,1.0,0.6735439182299784
q_0896,WithoutText,1.0,1.0,1.0,1.0,0.6735439182299784
q_0897,AliasAwareFusion,1.0,1.0,1.0,1.0,0.7978637366933587
q_0897,WithoutEntity,1.0,1.0,1.0,1.0,0.7978637366933587
q_0897,WithoutPhrase,0.0,1.0,1.0,0.3333333333333333,0.46109177757836955
q_0897,WithoutText,1.0,1.0,1.0,1.0,0.8178747578506881
q_0898,AliasAwareFusion,1.0,1.0,1.0,1.0,0.6735439182299784
q_0898,WithoutEntity,1.0,1.0,1.0,1.0,0.7646065393046344
q_0898,WithoutPhrase,1.0,1.0,1.0,1.0,0.6735439182299784
q_0898,WithoutText,1.0,1.0,1.0,1.0,0.6735439182299784
q_0899,AliasAwareFusion,0.0,1.0,1.0,0.5,0.42495889834839423
q_0899,WithoutEntity,0.0,1.0,1.0,0.25,0.290079576414554
q_0899,WithoutPhrase,0.0,1.0,1.0,0.5,0.42495889834839423
q_0899,WithoutText,0.0,0.0,1.0,0.10000000000000002,0.1946978557406183
q_0900,AliasAwareFusion,1.0,1.0,1.0,1.0,0.8178747578506881
q_0900,WithoutEntity,1.0,1.0,1.0,1.0,0.8178747578506881
q_0900,WithoutPhrase,1.0,1.0,1.0,1.0,0.8178747578506881
q_0900,WithoutText,1.0,1.0,1.0,1.0,0.7978637366933587
q_0901,AliasAwareFusion,1.0,1.0,1.0,1.0,0.7606773793298481
q_0901,WithoutEntity,1.0,1.0,1.0,1.0,0.8725878427655823
q_0901,WithoutPhrase,1.0,1.0,1.0,1.0,0.7569858564045292
q_0901,WithoutText,0.0,1.0,1.0,0.5,0.42495889834839423
q_0902,AliasAwareFusion,1.0,1.0,1.0,1.0,0.7871546029909718
q_0902,WithoutEntity,0.0,1.0,1.0,0.5,0.4966392596877323
q_0902,WithoutPhrase,1.0,1.0,1.0,1.0,0.7871546029909718
q_0902,WithoutText,1.0,1.0,1.0,1.0,0.7871546029909718
q_0903,AliasAwareFusion,1.0,1.0,1.0,1.0,0.6735439182299784
q_0903,WithoutEntity,1.0,1.0,1.0,1.0,0.6735439182299784
q_0903,WithoutPhrase,1.0,1.0,1.0,1.0,0.6735439182299784
q_0903,WithoutText,1.0,1.0,1.0,1.0,0.6735439182299784
q_0904,AliasAwareFusion,1.0,1.0,1.0,1.0,0.7871546029909718
q_0904,WithoutEntity,1.0,1.0,1.0,1.0,0.7871546029909718
q_0904,WithoutPhrase,1.0,1.0,1.0,1.0,0.7871546029909718
q_0904,WithoutText,0.0,1.0,1.0,0.5,0.4966392596877323
q_0905,AliasAwareFusion,0.0,1.0,1.0,0.5,0.42495889834839423
q_0905,WithoutEntity,0.0,1.0,1.0,0.5,0.42495889834839423
q_0905,WithoutPhrase,0.0,1.0,1.0,0.5,0.42495889834839423
q_0905,WithoutText,0.0,1.0,1.0,0.25,0.290079576414554
q_0906,AliasAwareFusion,1.0,1.0,1.0,1.0,0.6735439182299784
q_0906,WithoutEntity,1.0,1.0,1.0,1.0,0.6735439182299784
q_0906,WithoutPhrase,0.0,1.0,1.0,0.5,0.42495889834839423
q_0906,WithoutText,1.0,1.0,1.0,1.0,0.6735439182299784
q_0907,AliasAwareFusion,1.0,1.0,1.0,1.0,0.7871546029909718
q_0907,WithoutEntity,1.0,1.0,1.0,1.0,0.9324441894571632
q_0907,WithoutPhrase,1.0,1.0,1.0,1.0,0.7871546029909718
q_0907,WithoutText,0.0,1.0,1.0,0.25,0.3390090350877799
q_0908,AliasAwareFusion,1.0,1.0,1.0,1.0,0.7871546029909718
q_0908,WithoutEntity,1.0,1.0,1.0,1.0,0.7871546029909718
q_0908,WithoutPhrase,1.0,1.0,1.0,1.0,0.7871546029909718
q_0908,WithoutText,1.0,1.0,1.0,1.0,0.7871546029909718
q_0909,AliasAwareFusion,1.0,1.0,1.0,1.0,0.6735439182299784
q_0909,WithoutEntity,1.0,1.0,1.0,1.0,0.6735439182299784
q_0909,WithoutPhrase,1.0,1.0,1.0,1.0,0.6735439182299784
q_0909,WithoutText,1.0,1.0,1.0,1.0,0.6735439182299784
q_0910,AliasAwareFusion,0.6666666666666666,1.0,1.0,0.8333333333333334,0.8083196327827981
q_0910,WithoutEntity,0.0,1.0,1.0,0.5,0.5492787168117745
q_0910,WithoutPhrase,0.0,1.0,1.0,0.3333333333333333,0.6254336383564085
q_0910,WithoutText,0.0,1.0,1.0,0.38888888888888884,0.6067190048939737
q_0911,AliasAwareFusion,1.0,1.0,1.0,1.0,0.6735439182299784
q_0911,WithoutEntity,1.0,1.0,1.0,1.0,0.6735439182299784
q_0911,WithoutPhrase,1.0,1.0,1.0,1.0,0.6735439182299784
q_0911,WithoutText,1.0,1.0,1.0,1.0,0.6735439182299784
q_0912,AliasAwareFusion,1.0,1.0,1.0,1.0,0.6735439182299784
q_0912,WithoutEntity,1.0,1.0,1.0,1.0,0.6735439182299784
q_0912,WithoutPhrase,1.0,1.0,1.0,1.0,0.6735439182299784
q_0912,WithoutText,1.0,1.0,1.0,1.0,0.6735439182299784
q_0913,AliasAwareFusion,1.0,1.0,1.0,1.0,0.7763672830184426
q_0913,WithoutEntity,1.0,1.0,1.0,1.0,0.6735439182299784
q_0913,WithoutPhrase,1.0,1.0,1.0,1.0,0.7793160217408145
q_0913,WithoutText,1.0,1.0,1.0,1.0,0.7763672830184426
q_0914,AliasAwareFusion,1.0,1.0,1.0,1.0,1.0
q_0914,WithoutEntity,1.0,1.0,1.0,1.0,1.0
q_0914,WithoutPhrase,0.6666666666666666,1.0,1.0,0.8333333333333334,0.8769765845238192
q_0914,WithoutText,0.0,1.0,1.0,0.5,0.6309297535714575
q_0915,AliasAwareFusion,0.0,1.0,1.0,0.25,0.3390090350877799
q_0915,WithoutEntity,1.0,1.0,1.0,1.0,0.7871546029909718
q_0915,WithoutPhrase,0.0,0.0,1.0,0.13425925925925922,0.25522230117322237
q_0915,WithoutText,0.0,1.0,1.0,0.27777777777777773,0.35719845722368193
q_0916,AliasAwareFusion,0.0,1.0,1.0,0.5,0.42495889834839423
q_0916,WithoutEntity,1.0,1.0,1.0,1.0,0.6735439182299784
q_0916,WithoutPhrase,0.0,0.0,1.0,0.125,0.21247944917419712
q_0916,WithoutText,0.0,1.0,1.0,0.5,0.42495889834839423
q_0917,AliasAwareFusion,0.0,1.0,1.0,0.5,0.42495889834839423
q_0917,WithoutEntity,0.0,1.0,1.0,0.5,0.42495889834839423
q_0917,WithoutPhrase,0.0,1.0,1.0,0.25,0.290079576414554
q_0917,WithoutText,0.0,1.0,1.0,0.5,0.42495889834839423
q_0918,AliasAwareFusion,1.0,1.0,1.0,1.0,0.7685267872092371
q_0918,WithoutEntity,1.0,1.0,1.0,1.0,0.6735439182299784
q_0918,WithoutPhrase,1.0,1.0,1.0,1.0,0.7606773793298481
q_0918,WithoutText,1.0,1.0,1.0,1.0,0.7646065393046344
q_0919,AliasAwareFusion,1.0,1.0,1.0,1.0,0.7871546029909718
q_0919,WithoutEntity,1.0,1.0,1.0,1.0,0.9073218002554916
q_0919,WithoutPhrase,1.0,1.0,1.0,1.0,0.7871546029909718
q_0919,WithoutText,1.0,1.0,1.0,1.0,0.7871546029909718
q_0920,AliasAwareFusion,1.0,1.0,1.0,1.0,0.6735439182299784
q_0920,WithoutEntity,1.0,1.0,1.0,1.0,0.6735439182299784
q_0920,WithoutPhrase,1.0,1.0,1.0,1.0,0.6735439182299784
q_0920,WithoutText,1.0,1.0,1.0,1.0,0.6735439182299784
q_0921,AliasAwareFusion,1.0,1.0,1.0,1.0,0.6735439182299784
q_0921,WithoutEntity,0.0,0.0,0.0,0.0,0.0
q_0921,WithoutPhrase,1.0,1.0,1.0,1.0,0.6735439182299784
q_0921,WithoutText,0.6666666666666666,1.0,1.0,0.8333333333333334,0.590682244936117
q_0922,AliasAwareFusion,1.0,1.0,1.0,1.0,0.6735439182299784
q_0922,WithoutEntity,1.0,1.0,1.0,1.0,0.7604397422803805
q_0922,WithoutPhrase,1.0,1.0,1.0,1.0,0.6735439182299784
q_0922,WithoutText,1.0,1.0,1.0,1.0,0.6735439182299784
q_0923,AliasAwareFusion,0.0,1.0,1.0,0.3333333333333333,0.3367719591149892
q_0923,WithoutEntity,0.0,0.0,0.0,0.0,0.0
q_0923,WithoutPhrase,0.0,1.0,1.0,0.3333333333333333,0.3367719591149892
q_0923,WithoutText,1.0,1.0,1.0,1.0,0.6735439182299784
q_0924,AliasAwareFusion,1.0,1.0,1.0,1.0,0.7871546029909718
q_0924,WithoutEntity,1.0,1.0,1.0,1.0,0.7871546029909718
q_0924,WithoutPhrase,1.0,1.0,1.0,1.0,0.7871546029909718
q_0924,WithoutText,0.3333333333333333,1.0,1.0,0.6666666666666666,0.5934777074554788
q_0925,AliasAwareFusion,1.0,1.0,1.0,1.0,0.8178747578506881
q_0925,WithoutEntity,1.0,1.0,1.0,1.0,0.6735439182299784
q_0925,WithoutPhrase,1.0,1.0,1.0,1.0,0.8556691603792904
q_0925,WithoutText,1.0,1.0,1.0,1.0,0.7646065393046344
q_0926,AliasAwareFusion,1.0,1.0,1.0,1.0,0.7871546029909718
q_0926,WithoutEntity,1.0,1.0,1.0,1.0,0.7871546029909718
q_0926,WithoutPhrase,1.0,1.0,1.0,1.0,0.7871546029909718
q_0926,WithoutText,1.0,1.0,1.0,1.0,0.7871546029909718
q_0927,AliasAwareFusion,0.0,0.0,1.0,0.1428571428571428,0.3155772604846487
q_0927,WithoutEntity,0.0,1.0,1.0,0.20000000000000004,0.3633857203514838
q_0927,WithoutPhrase,0.0,0.0,0.0,0.0,0.0
q_0927,WithoutText,0.0,1.0,1.0,0.21666666666666667,0.3761735326910338
q_0928,AliasAwareFusion,1.0,1.0,1.0,1.0,0.9176601606601068
q_0928,WithoutEntity,1.0,1.0,1.0,1.0,0.9324441894571632
q_0928,WithoutPhrase,1.0,1.0,1.0,1.0,0.9176601606601068
q_0928,WithoutText,0.0,0.0,0.0,0.0,0.0
q_0929,AliasAwareFusion,1.0,1.0,1.0,1.0,0.6735439182299784
q_0929,WithoutEntity,1.0,1.0,1.0,1.0,0.6735439182299784
q_0929,WithoutPhrase,0.0,1.0,1.0,0.3444444444444444,0.34076440434213434
q_0929,WithoutText,0.0,0.0,0.3333333333333333,0.041666666666666664,0.0708264830580657
q_0930,AliasAwareFusion,1.0,1.0,1.0,1.0,0.7871546029909718
q_0930,WithoutEntity,1.0,1.0,1.0,1.0,0.8846711923905052
q_0930,WithoutPhrase,1.0,1.0,1.0,1.0,0.7871546029909718
q_0930,WithoutText,1.0,1.0,1.0,1.0,0.7871546029909718
q_0931,AliasAwareFusion,1.0,1.0,1.0,1.0,0.8556691603792904
q_0931,WithoutEntity,1.0,1.0,1.0,1.0,0.8556691603792904
q_0931,WithoutPhrase,1.0,1.0,1.0,1.0,0.8556691603792904
q_0931,WithoutText,0.0,1.0,1.0,0.5,0.48058685713142807
q_0932,AliasAwareFusion,0.0,1.0,1.0,0.5,0.42495889834839423
q_0932,WithoutEntity,0.0,1.0,1.0,0.3333333333333333,0.3367719591149892
q_0932,WithoutPhrase,1.0,1.0,1.0,1.0,0.6735439182299784
q_0932,WithoutText,0.0,0.0,0.6666666666666666,0.06666666666666667,0.12979857049374552
q_0933,AliasAwareFusion,1.0,1.0,1.0,1.0,0.6735439182299784
q_0933,WithoutEntity,1.0,1.0,1.0,1.0,0.6735439182299784
q_0933,WithoutPhrase,1.0,1.0,1.0,1.0,0.6735439182299784
q_0933,WithoutText,1.0,1.0,1.0,1.0,0.6735439182299784
q_0934,AliasAwareFusion,0.6666666666666666,1.0,1.0,0.7777777777777777,0.6254336383564085
q_0934,WithoutEntity,1.0,1.0,1.0,1.0,0.6735439182299784
q_0934,WithoutPhrase,0.0,0.6666666666666666,0.6666666666666666,0.19444444444444442,0.3125216803402423
q_0934,WithoutText,0.0,0.0,0.3333333333333333,0.03333333333333333,0.06489928524687276
q_0935,AliasAwareFusion,0.0,1.0,1.0,0.5,0.4966392596877323
q_0935,WithoutEntity,0.0,1.0,1.0,0.5,0.4966392596877323
q_0935,WithoutPhrase,0.0,1.0,1.0,0.5,0.4966392596877323
q_0935,WithoutText,0.0,1.0,1.0,0.3333333333333333,0.3935773014954859
q_0936,AliasAwareFusion,1.0,1.0,1.0,1.0,0.7871546029909718
q_0936,WithoutEntity,1.0,1.0,1.0,1.0,0.7871546029909718
q_0936,WithoutPhrase,1.0,1.0,1.0,1.0,0.7871546029909718
q_0936,WithoutText,1.0,1.0,1.0,1.0,0.7871546029909718
q_0937,AliasAwareFusion,0.0,0.0,0.0,0.0,0.0
q_0937,WithoutEntity,0.0,0.0,1.0,0.10000000000000002,0.2275387085989112
q_0937,WithoutPhrase,0.0,0.0,0.0,0.0,0.0
q_0937,WithoutText,0.0,1.0,1.0,0.25,0.3390090350877799
q_0938,AliasAwareFusion,1.0,1.0,1.0,1.0,1.0
q_0938,WithoutEntity,1.0,1.0,1.0,1.0,0.95583058934618
q_0938,WithoutPhrase,1.0,1.0,1.0,1.0,1.0
q_0938,WithoutText,1.0,1.0,1.0,1.0,0.9705537262307867
q_0939,AliasAwareFusion,1.0,1.0,1.0,1.0,0.6735439182299784
q_0939,WithoutEntity,1.0,1.0,1.0,1.0,0.6735439182299784
q_0939,WithoutPhrase,1.0,1.0,1.0,1.0,0.6735439182299784
q_0939,WithoutText,1.0,1.0,1.0,1.0,0.6735439182299784
q_0940,AliasAwareFusion,1.0,1.0,1.0,1.0,0.6735439182299784
q_0940,WithoutEntity,1.0,1.0,1.0,1.0,0.6735439182299784
q_0940,WithoutPhrase,0.0,1.0,1.0,0.3333333333333333,0.3367719591149892
q_0940,WithoutText,1.0,1.0,1.0,1.0,0.6735439182299784
q_0941,AliasAwareFusion,0.0,1.0,1.0,0.5,0.4966392596877323
q_0941,WithoutEntity,0.0,1.0,1.0,0.5,0.4966392596877323
q_0941,WithoutPhrase,0.0,1.0,1.0,0.5,0.4966392596877323
q_0941,WithoutText,0.0,1.0,1.0,0.5,0.4966392596877323
q_0942,AliasAwareFusion,0.0,1.0,1.0,0.5,0.4966392596877323
q_0942,WithoutEntity,0.0,0.0,0.0,0.0,0.0
q_0942,WithoutPhrase,0.0,1.0,1.0,0.5,0.4966392596877323
q_0942,WithoutText,0.0,0.0,1.0,0.11428571428571427,0.23915409495382653
q_0943,AliasAwareFusion,1.0,1.0,1.0,1.0,1.0
q_0943,WithoutEntity,1.0,1.0,1.0,1.0,0.9176601606601068
q_0943,WithoutPhrase,1.0,1.0,1.0,1.0,1.0
q_0943,WithoutText,1.0,1.0,1.0,1.0,0.7871546029909718
q_0944,AliasAwareFusion,1.0,1.0,1.0,1.0,0.8430710262030896
q_0944,WithoutEntity,1.0,1.0,1.0,1.0,0.6735439182299784
q_0944,WithoutPhrase,1.0,1.0,1.0,1.0,0.8556691603792904
q_0944,WithoutText,0.0,0.0,0.0,0.0,0.2886616792414193
q_0945,AliasAwareFusion,1.0,1.0,1.0,1.0,0.6735439182299784
q_0945,WithoutEntity,1.0,1.0,1.0,1.0,0.6735439182299784
q_0945,WithoutPhrase,1.0,1.0,1.0,1.0,0.6735439182299784
q_0945,WithoutText,1.0,1.0,1.0,1.0,0.6735439182299784
q_0946,AliasAwareFusion,1.0,1.0,1.0,1.0,0.6735439182299784
q_0946,WithoutEntity,1.0,1.0,1.0,1.0,0.6735439182299784
q_0946,WithoutPhrase,1.0,1.0,1.0,1.0,0.6735439182299784
q_0946,WithoutText,1.0,1.0,1.0,1.0,0.6735439182299784
q_0947,AliasAwareFusion,1.0,1.0,1.0,1.0,0.6735439182299784
q_0947,WithoutEntity,1.0,1.0,1.0,1.0,0.6735439182299784
q_0947,WithoutPhrase,1.0,1.0,1.0,1.0,0.6735439182299784
q_0947,WithoutText,1.0,1.0,1.0,1.0,0.6735439182299784
q_0948,AliasAwareFusion,1.0,1.0,1.0,1.0,0.6735439182299784
q_0948,WithoutEntity,1.0,1.0,1.0,1.0,0.6735439182299784
q_0948,WithoutPhrase,1.0,1.0,1.0,1.0,0.6735439182299784
q_0948,WithoutText,1.0,1.0,1.0,1.0,0.6735439182299784
q_0949,AliasAwareFusion,1.0,1.0,1.0,1.0,0.7871546029909718
q_0949,WithoutEntity,1.0,1.0,1.0,1.0,0.7871546029909718
q_0949,WithoutPhrase,1.0,1.0,1.0,1.0,0.7871546029909718
q_0949,WithoutText,1.0,1.0,1.0,1.0,0.7871546029909718
q_0950,AliasAwareFusion,1.0,1.0,1.0,1.0,0.7871546029909718
q_0950,WithoutEntity,1.0,1.0,1.0,1.0,0.7871546029909718
q_0950,WithoutPhrase,1.0,1.0,1.0,1.0,0.7871546029909718
q_0950,WithoutText,0.0,0.0,0.0,0.0,0.0
q_0951,AliasAwareFusion,1.0,1.0,1.0,1.0,0.7871546029909718
q_0951,WithoutEntity,0.0,0.0,0.0,0.0,0.0
q_0951,WithoutPhrase,1.0,1.0,1.0,1.0,0.7871546029909718
q_0951,WithoutText,1.0,1.0,1.0,1.0,0.7871546029909718
q_0952,AliasAwareFusion,0.0,0.0,0.0,0.0,0.1028233647884641
q_0952,WithoutEntity,0.0,0.0,0.0,0.0,0.0
q_0952,WithoutPhrase,0.0,0.0,1.0,0.1111111111111111,0.2989774825314111
q_0952,WithoutText,0.0,0.0,0.0,0.0,0.0
q_0953,AliasAwareFusion,1.0,1.0,1.0,1.0,0.7871546029909718
q_0953,WithoutEntity,1.0,1.0,1.0,1.0,0.7871546029909718
q_0953,WithoutPhrase,1.0,1.0,1.0,1.0,0.7871546029909718
q_0953,WithoutText,1.0,1.0,1.0,1.0,0.7871546029909718
q_0954,AliasAwareFusion,1.0,1.0,1.0,1.0,0.7871546029909718
q_0954,WithoutEntity,1.0,1.0,1.0,1.0,0.7871546029909718
q_0954,WithoutPhrase,1.0,1.0,1.0,1.0,0.7871546029909718
q_0954,WithoutText,0.0,0.0,1.0,0.1666666666666666,0.280390126950546
q_0955,AliasAwareFusion,1.0,1.0,1.0,1.0,0.7871546029909718
q_0955,WithoutEntity,1.0,1.0,1.0,1.0,0.7871546029909718
q_0955,WithoutPhrase,1.0,1.0,1.0,1.0,0.7871546029909718
q_0955,WithoutText,1.0,1.0,1.0,1.0,0.7871546029909718
q_0956,AliasAwareFusion,1.0,1.0,1.0,1.0,0.7646065393046344
q_0956,WithoutEntity,1.0,1.0,1.0,1.0,0.6735439182299784
q_0956,WithoutPhrase,1.0,1.0,1.0,1.0,0.7581371516964795
q_0956,WithoutText,1.0,1.0,1.0,1.0,0.6735439182299784
q_0957,AliasAwareFusion,1.0,1.0,1.0,1.0,0.7871546029909718
q_0957,WithoutEntity,0.0,1.0,1.0,0.20000000000000004,0.3045129678946485
q_0957,WithoutPhrase,1.0,1.0,1.0,1.0,0.7871546029909718
q_0957,WithoutText,1.0,1.0,1.0,1.0,0.7871546029909718
q_0958,AliasAwareFusion,1.0,1.0,1.0,1.0,0.8196601327908163
q_0958,WithoutEntity,1.0,1.0,1.0,1.0,1.0
q_0958,WithoutPhrase,1.0,1.0,1.0,1.0,0.7871546029909718
q_0958,WithoutText,1.0,1.0,1.0,1.0,0.7871546029909718
q_0959,AliasAwareFusion,1.0,1.0,1.0,1.0,0.8556691603792904
q_0959,WithoutEntity,1.0,1.0,1.0,1.0,0.8556691603792904
q_0959,WithoutPhrase,1.0,1.0,1.0,1.0,0.8556691603792904
q_0959,WithoutText,1.0,1.0,1.0,1.0,0.8556691603792904
q_0960,AliasAwareFusion,1.0,1.0,1.0,1.0,0.7871546029909718
q_0960,WithoutEntity,1.0,1.0,1.0,1.0,0.7871546029909718
q_0960,WithoutPhrase,0.0,0.6666666666666666,1.0,0.21428571428571427,0.3134676459464057
q_0960,WithoutText,0.0,1.0,1.0,0.5,0.4966392596877323
q_0961,AliasAwareFusion,0.0,0.3333333333333333,0.6666666666666666,0.13888888888888887,0.17666692030699008
q_0961,WithoutEntity,1.0,1.0,1.0,1.0,0.6735439182299784
q_0961,WithoutPhrase,0.0,0.0,0.0,0.0,0.0
q_0961,WithoutText,0.0,0.0,0.0,0.0,0.0
q_0962,AliasAwareFusion,1.0,1.0,1.0,1.0,0.6735439182299784
q_0962,WithoutEntity,1.0,1.0,1.0,1.0,0.6735439182299784
q_0962,WithoutPhrase,1.0,1.0,1.0,1.0,0.6735439182299784
q_0962,WithoutText,1.0,1.0,1.0,1.0,0.6735439182299784
q_0963,AliasAwareFusion,1.0,1.0,1.0,1.0,0.6735439182299784
q_0963,WithoutEntity,0.0,1.0,1.0,0.5,0.5692897379691039
q_0963,WithoutPhrase,1.0,1.0,1.0,1.0,0.6735439182299784
q_0963,WithoutText,1.0,1.0,1.0,1.0,0.6735439182299784
q_0964,AliasAwareFusion,1.0,1.0,1.0,1.0,0.6735439182299784
q_0964,WithoutEntity,0.0,1.0,1.0,0.5,0.42495889834839423
q_0964,WithoutPhrase,1.0,1.0,1.0,1.0,0.6735439182299784
q_0964,WithoutText,0.0,0.0,0.0,0.0,0.0
q_0965,AliasAwareFusion,0.0,0.0,0.0,0.0,0.0
q_0965,WithoutEntity,0.0,0.0,0.0,0.0,0.0
q_0965,WithoutPhrase,0.0,0.0,0.0,0.0,0.0
q_0965,WithoutText,0.0,0.0,0.0,0.0,0.0
q_0966,AliasAwareFusion,1.0,1.0,1.0,1.0,0.7646065393046344
q_0966,WithoutEntity,1.0,1.0,1.0,1.0,0.7646065393046344
q_0966,WithoutPhrase,1.0,1.0,1.0,1.0,0.7569858564045292
q_0966,WithoutText,0.0,0.0,0.0,0.0,0.0
q_0967,AliasAwareFusion,1.0,1.0,1.0,1.0,0.7871546029909718
q_0967,WithoutEntity,1.0,1.0,1.0,1.0,0.7871546029909718
q_0967,WithoutPhrase,1.0,1.0,1.0,1.0,0.7871546029909718
q_0967,WithoutText,1.0,1.0,1.0,1.0,0.7871546029909718
q_0968,AliasAwareFusion,0.0,1.0,1.0,0.5,0.42495889834839423
q_0968,WithoutEntity,0.0,0.0,0.0,0.0,0.0
q_0968,WithoutPhrase,0.0,1.0,1.0,0.4444444444444444,0.39556325193725916
q_0968,WithoutText,0.0,1.0,1.0,0.3333333333333333,0.3367719591149892
q_0969,AliasAwareFusion,1.0,1.0,1.0,1.0,0.6735439182299784
q_0969,WithoutEntity,1.0,1.0,1.0,1.0,0.6735439182299784
q_0969,WithoutPhrase,1.0,1.0,1.0,1.0,0.6735439182299784
q_0969,WithoutText,1.0,1.0,1.0,1.0,0.6735439182299784
q_0970,AliasAwareFusion,1.0,1.0,1.0,1.0,0.6735439182299784
q_0970,WithoutEntity,1.0,1.0,1.0,1.0,0.6735439182299784
q_0970,WithoutPhrase,1.0,1.0,1.0,1.0,0.6735439182299784
q_0970,WithoutText,1.0,1.0,1.0,1.0,0.6735439182299784
q_0971,AliasAwareFusion,1.0,1.0,1.0,1.0,0.6735439182299784
q_0971,WithoutEntity,0.0,0.0,0.0,0.0,0.0
q_0971,WithoutPhrase,1.0,1.0,1.0,1.0,0.6735439182299784
q_0971,WithoutText,1.0,1.0,1.0,1.0,0.6735439182299784
q_0972,AliasAwareFusion,0.0,1.0,1.0,0.27777777777777773,0.30564370398136576
q_0972,WithoutEntity,0.0,0.0,0.0,0.0,0.0
q_0972,WithoutPhrase,0.0,1.0,1.0,0.38888888888888884,0.3661676055261242
q_0972,WithoutText,0.0,1.0,1.0,0.27777777777777773,0.30564370398136576
q_0973,AliasAwareFusion,1.0,1.0,1.0,1.0,0.6735439182299784
q_0973,WithoutEntity,0.0,0.0,0.0,0.0,0.0
q_0973,WithoutPhrase,1.0,1.0,1.0,1.0,0.6735439182299784
q_0973,WithoutText,1.0,1.0,1.0,1.0,0.6735439182299784
q_0974,AliasAwareFusion,1.0,1.0,1.0,1.0,0.7871546029909718
q_0974,WithoutEntity,1.0,1.0,1.0,1.0,0.7871546029909718
q_0974,WithoutPhrase,1.0,1.0,1.0,1.0,0.7871546029909718
q_0974,WithoutText,0.0,1.0,1.0,0.5,0.8339912323981488
q_0975,AliasAwareFusion,0.0,1.0,1.0,0.5,0.42495889834839423
q_0975,WithoutEntity,0.0,1.0,1.0,0.3333333333333333,0.4395953239034533
q_0975,WithoutPhrase,0.0,1.0,1.0,0.3333333333333333,0.3367719591149892
q_0975,WithoutText,1.0,1.0,1.0,1.0,0.6735439182299784
q_0976,AliasAwareFusion,1.0,1.0,1.0,1.0,0.6735439182299784
q_0976,WithoutEntity,1.0,1.0,1.0,1.0,0.6735439182299784
q_0976,WithoutPhrase,1.0,1.0,1.0,1.0,0.6735439182299784
q_0976,WithoutText,1.0,1.0,1.0,1.0,0.6735439182299784
q_0977,AliasAwareFusion,0.0,1.0,1.0,0.3333333333333333,0.4278345801896451
q_0977,WithoutEntity,0.0,0.0,0.0,0.0,0.0
q_0977,WithoutPhrase,0.0,1.0,1.0,0.3333333333333333,0.4395953239034533
q_0977,WithoutText,0.0,0.0,1.0,0.11203703703703705,0.29298509796626687
q_0978,AliasAwareFusion,0.0,1.0,1.0,0.5,0.42495889834839423
q_0978,WithoutEntity,0.0,0.0,1.0,0.1666666666666666,0.2399211845064163
q_0978,WithoutPhrase,1.0,1.0,1.0,1.0,0.6735439182299784
q_0978,WithoutText,0.0,1.0,1.0,0.3333333333333333,0.3367719591149892
q_0979,AliasAwareFusion,1.0,1.0,1.0,1.0,0.7871546029909718
q_0979,WithoutEntity,1.0,1.0,1.0,1.0,0.7871546029909718
q_0979,WithoutPhrase,1.0,1.0,1.0,1.0,0.7871546029909718
q_0979,WithoutText,1.0,1.0,1.0,1.0,0.7871546029909718
q_0980,AliasAwareFusion,1.0,1.0,1.0,1.0,0.6735439182299784
q_0980,WithoutEntity,1.0,1.0,1.0,1.0,0.6735439182299784
q_0980,WithoutPhrase,0.0,1.0,1.0,0.25,0.290079576414554
q_0980,WithoutText,0.0,1.0,1.0,0.4444444444444444,0.39556325193725916
q_0981,AliasAwareFusion,1.0,1.0,1.0,1.0,0.9081957404922364
q_0981,WithoutEntity,1.0,1.0,1.0,1.0,0.7871546029909718
q_0981,WithoutPhrase,1.0,1.0,1.0,1.0,0.9191420501242539
q_0981,WithoutText,1.0,1.0,1.0,1.0,0.9073218002554916
q_0982,AliasAwareFusion,1.0,1.0,1.0,1.0,0.9162962526116027
q_0982,WithoutEntity,1.0,1.0,1.0,1.0,0.8880368639740225
q_0982,WithoutPhrase,1.0,1.0,1.0,1.0,0.8178747578506881
q_0982,WithoutText,1.0,1.0,1.0,1.0,0.9162962526116027
q_0983,AliasAwareFusion,1.0,1.0,1.0,1.0,0.914095317597828
q_0983,WithoutEntity,1.0,1.0,1.0,1.0,0.7763672830184426
q_0983,WithoutPhrase,1.0,1.0,1.0,1.0,0.8456887372422051
q_0983,WithoutText,1.0,1.0,1.0,1.0,0.9206981226391524
q_0984,AliasAwareFusion,1.0,1.0,1.0,1.0,0.8556691603792904
q_0984,WithoutEntity,1.0,1.0,1.0,1.0,0.7697644779771182
q_0984,WithoutPhrase,1.0,1.0,1.0,1.0,0.8556691603792904
q_0984,WithoutText,1.0,1.0,1.0,1.0,0.8304728920268888
q_0985,AliasAwareFusion,0.0,1.0,1.0,0.38888888888888884,0.3661676055261242
q_0985,WithoutEntity,0.0,0.0,1.0,0.1666666666666666,0.5285828637478357
q_0985,WithoutPhrase,0.0,1.0,1.0,0.5,0.42495889834839423
q_0985,WithoutText,0.0,1.0,1.0,0.5,0.42495889834839423
q_0986,AliasAwareFusion,1.0,1.0,1.0,1.0,0.6735439182299784
q_0986,WithoutEntity,0.0,1.0,1.0,0.5,0.42495889834839423
q_0986,WithoutPhrase,0.0,1.0,1.0,0.5,0.42495889834839423
q_0986,WithoutText,1.0,1.0,1.0,1.0,0.6735439182299784
q_0987,AliasAwareFusion,1.0,1.0,1.0,1.0,0.8376639942669364
q_0987,WithoutEntity,1.0,1.0,1.0,1.0,0.6735439182299784
q_0987,WithoutPhrase,1.0,1.0,1.0,1.0,0.7291718770130123
q_0987,WithoutText,0.0,1.0,1.0,0.5,0.8164439423782777
q_0988,AliasAwareFusion,0.0,1.0,1.0,0.5,0.6211265173238686
q_0988,WithoutEntity,0.0,1.0,1.0,0.5,0.6653152460429406
q_0988,WithoutPhrase,0.0,1.0,1.0,0.5,0.5692005219090833
q_0988,WithoutText,1.0,1.0,1.0,1.0,0.7871546029909718
q_0989,AliasAwareFusion,1.0,1.0,1.0,1.0,0.6735439182299784
q_0989,WithoutEntity,1.0,1.0,1.0,1.0,0.6735439182299784
q_0989,WithoutPhrase,1.0,1.0,1.0,1.0,0.6735439182299784
q_0989,WithoutText,0.0,1.0,1.0,0.5,0.42495889834839423
q_0990,AliasAwareFusion,1.0,1.0,1.0,1.0,0.7871546029909718
q_0990,WithoutEntity,1.0,1.0,1.0,1.0,0.7871546029909718
q_0990,WithoutPhrase,1.0,1.0,1.0,1.0,0.7871546029909718
q_0990,WithoutText,0.0,0.0,0.0,0.0,0.0
q_0991,AliasAwareFusion,0.0,1.0,1.0,0.5,0.4966392596877323
q_0991,WithoutEntity,0.0,1.0,1.0,0.5,0.6271448173568673
q_0991,WithoutPhrase,0.0,1.0,1.0,0.5,0.4966392596877323
q_0991,WithoutText,1.0,1.0,1.0,1.0,0.7871546029909718
q_0992,AliasAwareFusion,1.0,1.0,1.0,1.0,1.0
q_0992,WithoutEntity,1.0,1.0,1.0,1.0,1.0
q_0992,WithoutPhrase,1.0,1.0,1.0,1.0,1.0
q_0992,WithoutText,1.0,1.0,1.0,1.0,1.0
q_0993,AliasAwareFusion,1.0,1.0,1.0,1.0,0.95188972012643
q_0993,WithoutEntity,1.0,1.0,1.0,1.0,0.7978637366933587
q_0993,WithoutPhrase,1.0,1.0,1.0,1.0,0.8556691603792904
q_0993,WithoutText,1.0,1.0,1.0,1.0,0.7852134991855584
q_0994,AliasAwareFusion,1.0,1.0,1.0,1.0,0.6735439182299784
q_0994,WithoutEntity,0.0,0.0,0.0,0.0,0.2886616792414193
q_0994,WithoutPhrase,0.6666666666666666,1.0,1.0,0.8333333333333334,0.590682244936117
q_0994,WithoutText,1.0,1.0,1.0,1.0,0.6735439182299784
q_0995,AliasAwareFusion,1.0,1.0,1.0,1.0,0.7871546029909718
q_0995,WithoutEntity,1.0,1.0,1.0,1.0,0.7871546029909718
q_0995,WithoutPhrase,1.0,1.0,1.0,1.0,0.7871546029909718
q_0995,WithoutText,1.0,1.0,1.0,1.0,0.7871546029909718
q_0996,AliasAwareFusion,1.0,1.0,1.0,1.0,0.7871546029909718
q_0996,WithoutEntity,1.0,1.0,1.0,1.0,0.7871546029909718
q_0996,WithoutPhrase,1.0,1.0,1.0,1.0,0.7871546029909718
q_0996,WithoutText,0.0,1.0,1.0,0.3611111111111111,0.40974186542366603
q_0997,AliasAwareFusion,1.0,1.0,1.0,1.0,0.6735439182299784
q_0997,WithoutEntity,1.0,1.0,1.0,1.0,0.6735439182299784
q_0997,WithoutPhrase,1.0,1.0,1.0,1.0,0.6735439182299784
q_0997,WithoutText,1.0,1.0,1.0,1.0,0.6735439182299784
q_0998,AliasAwareFusion,1.0,1.0,1.0,1.0,0.7871546029909718
q_0998,WithoutEntity,1.0,1.0,1.0,1.0,0.7871546029909718
q_0998,WithoutPhrase,1.0,1.0,1.0,1.0,0.7871546029909718
q_0998,WithoutText,1.0,1.0,1.0,1.0,0.7871546029909718
q_0999,AliasAwareFusion,1.0,1.0,1.0,1.0,0.7871546029909718
q_0999,WithoutEntity,0.0,1.0,1.0,0.5,0.4966392596877323
q_0999,WithoutPhrase,1.0,1.0,1.0,1.0,0.7871546029909718
q_0999,WithoutText,0.0,1.0,1.0,0.25,0.3390090350877799
q_1000,AliasAwareFusion,1.0,1.0,1.0,1.0,0.6735439182299784
q_1000,WithoutEntity,1.0,1.0,1.0,1.0,0.6735439182299784
q_1000,WithoutPhrase,1.0,1.0,1.0,1.0,0.6735439182299784
q_1000,WithoutText,1.0,1.0,1.0,1.0,0.6735439182299784
q_1001,AliasAwareFusion,1.0,1.0,1.0,1.0,0.6735439182299784
q_1001,WithoutEntity,1.0,1.0,1.0,1.0,0.6735439182299784
q_1001,WithoutPhrase,1.0,1.0,1.0,1.0,0.6735439182299784
q_1001,WithoutText,0.0,1.0,1.0,0.5,0.42495889834839423
q_1002,AliasAwareFusion,1.0,1.0,1.0,1.0,0.95583058934618
q_1002,WithoutEntity,1.0,1.0,1.0,1.0,0.95583058934618
q_1002,WithoutPhrase,1.0,1.0,1.0,1.0,0.95583058934618
q_1002,WithoutText,0.0,1.0,1.0,0.5,0.4966392596877323
q_1003,AliasAwareFusion,1.0,1.0,1.0,1.0,0.7871546029909718
q_1003,WithoutEntity,1.0,1.0,1.0,1.0,0.7871546029909718
q_1003,WithoutPhrase,1.0,1.0,1.0,1.0,0.7871546029909718
q_1003,WithoutText,1.0,1.0,1.0,1.0,0.7871546029909718
q_1004,AliasAwareFusion,1.0,1.0,1.0,1.0,0.6735439182299784
q_1004,WithoutEntity,1.0,1.0,1.0,1.0,0.6735439182299784
q_1004,WithoutPhrase,1.0,1.0,1.0,1.0,0.6735439182299784
q_1004,WithoutText,0.0,0.0,0.0,0.0,0.0
q_1005,AliasAwareFusion,1.0,1.0,1.0,1.0,0.7871546029909718
q_1005,WithoutEntity,1.0,1.0,1.0,1.0,0.7871546029909718
q_1005,WithoutPhrase,1.0,1.0,1.0,1.0,0.7871546029909718
q_1005,WithoutText,1.0,1.0,1.0,1.0,0.7871546029909718
q_1006,AliasAwareFusion,1.0,1.0,1.0,1.0,0.8556691603792904
q_1006,WithoutEntity,1.0,1.0,1.0,1.0,0.8556691603792904
q_1006,WithoutPhrase,1.0,1.0,1.0,1.0,0.8556691603792904
q_1006,WithoutText,1.0,1.0,1.0,1.0,0.7852134991855584
q_1007,AliasAwareFusion,1.0,1.0,1.0,1.0,0.7871546029909718
q_1007,WithoutEntity,1.0,1.0,1.0,1.0,0.7871546029909718
q_1007,WithoutPhrase,1.0,1.0,1.0,1.0,0.7871546029909718
q_1007,WithoutText,1.0,1.0,1.0,1.0,0.7871546029909718
q_1008,AliasAwareFusion,1.0,1.0,1.0,1.0,0.6735439182299784
q_1008,WithoutEntity,1.0,1.0,1.0,1.0,0.6735439182299784
q_1008,WithoutPhrase,1.0,1.0,1.0,1.0,0.6735439182299784
q_1008,WithoutText,0.0,0.0,1.0,0.1428571428571428,0.2245146394099928
q_1009,AliasAwareFusion,0.0,1.0,1.0,0.5,0.42495889834839423
q_1009,WithoutEntity,0.0,0.0,0.0,0.0,0.0
q_1009,WithoutPhrase,0.0,1.0,1.0,0.5,0.42495889834839423
q_1009,WithoutText,1.0,1.0,1.0,1.0,0.6735439182299784
q_1010,AliasAwareFusion,1.0,1.0,1.0,1.0,0.7871546029909718
q_1010,WithoutEntity,1.0,1.0,1.0,1.0,0.7871546029909718
q_1010,WithoutPhrase,1.0,1.0,1.0,1.0,0.7871546029909718
q_1010,WithoutText,1.0,1.0,1.0,1.0,0.7871546029909718
q_1011,AliasAwareFusion,1.0,1.0,1.0,1.0,0.8178747578506881
q_1011,WithoutEntity,1.0,1.0,1.0,1.0,0.6735439182299784
q_1011,WithoutPhrase,1.0,1.0,1.0,1.0,0.8178747578506881
q_1011,WithoutText,1.0,1.0,1.0,1.0,0.8178747578506881
q_1012,AliasAwareFusion,1.0,1.0,1.0,1.0,0.6735439182299784
q_1012,WithoutEntity,1.0,1.0,1.0,1.0,0.6735439182299784
q_1012,WithoutPhrase,0.6666666666666666,1.0,1.0,0.7777777777777778,0.5612865985249821
q_1012,WithoutText,0.0,1.0,1.0,0.3611111111111111,0.3506034779593124
q_1013,AliasAwareFusion,1.0,1.0,1.0,1.0,0.6735439182299784
q_1013,WithoutEntity,1.0,1.0,1.0,1.0,0.6735439182299784
q_1013,WithoutPhrase,1.0,1.0,1.0,1.0,0.6735439182299784
q_1013,WithoutText,1.0,1.0,1.0,1.0,0.6735439182299784
q_1014,AliasAwareFusion,1.0,1.0,1.0,1.0,0.7871546029909718
q_1014,WithoutEntity,1.0,1.0,1.0,1.0,0.7871546029909718
q_1014,WithoutPhrase,1.0,1.0,1.0,1.0,0.7871546029909718
q_1014,WithoutText,1.0,1.0,1.0,1.0,0.7871546029909718
q_1015,AliasAwareFusion,0.0,1.0,1.0,0.4444444444444444,0.39556325193725916
q_1015,WithoutEntity,0.0,1.0,1.0,0.3333333333333333,0.3367719591149892
q_1015,WithoutPhrase,0.0,1.0,1.0,0.5,0.42495889834839423
q_1015,WithoutText,0.0,0.0,1.0,0.15873015873015867,0.23478566947427515
q_1016,AliasAwareFusion,1.0,1.0,1.0,1.0,0.6735439182299784
q_1016,WithoutEntity,1.0,1.0,1.0,1.0,0.6735439182299784
q_1016,WithoutPhrase,1.0,1.0,1.0,1.0,0.6735439182299784
q_1016,WithoutText,0.0,0.0,1.0,0.1428571428571428,0.2245146394099928
q_1017,AliasAwareFusion,1.0,1.0,1.0,1.0,0.6735439182299784
q_1017,WithoutEntity,1.0,1.0,1.0,1.0,0.6735439182299784
q_1017,WithoutPhrase,1.0,1.0,1.0,1.0,0.6735439182299784
q_1017,WithoutText,1.0,1.0,1.0,1.0,0.6735439182299784
q_1018,AliasAwareFusion,1.0,1.0,1.0,1.0,0.6735439182299784
q_1018,WithoutEntity,1.0,1.0,1.0,1.0,0.6735439182299784
q_1018,WithoutPhrase,1.0,1.0,1.0,1.0,0.6735439182299784
q_1018,WithoutText,0.0,0.0,0.0,0.0,0.0
q_1019,AliasAwareFusion,0.0,1.0,1.0,0.3444444444444444,0.3982431763592889
q_1019,WithoutEntity,0.0,0.0,0.0,0.0,0.0
q_1019,WithoutPhrase,0.0,1.0,1.0,0.5,0.4966392596877323
q_1019,WithoutText,0.0,0.0,0.0,0.0,0.0
q_1020,AliasAwareFusion,1.0,1.0,1.0,1.0,0.9543841298672239
q_1020,WithoutEntity,0.0,0.0,0.0,0.0,0.33735197271041645
q_1020,WithoutPhrase,1.0,1.0,1.0,1.0,0.8906085984604922
q_1020,WithoutText,0.0,1.0,1.0,0.5,0.5321134925225703
q_1021,AliasAwareFusion,1.0,1.0,1.0,1.0,0.6735439182299784
q_1021,WithoutEntity,1.0,1.0,1.0,1.0,0.6735439182299784
q_1021,WithoutPhrase,1.0,1.0,1.0,1.0,0.6735439182299784
q_1021,WithoutText,1.0,1.0,1.0,1.0,0.6735439182299784
q_1022,AliasAwareFusion,0.0,1.0,1.0,0.3333333333333333,0.3367719591149892
q_1022,WithoutEntity,0.0,1.0,1.0,0.3333333333333333,0.3367719591149892
q_1022,WithoutPhrase,0.0,1.0,1.0,0.24444444444444446,0.2859655567470096
q_1022,WithoutText,1.0,1.0,1.0,1.0,0.6735439182299784
q_1023,AliasAwareFusion,1.0,1.0,1.0,1.0,1.0
q_1023,WithoutEntity,1.0,1.0,1.0,1.0,1.0
q_1023,WithoutPhrase,1.0,1.0,1.0,1.0,1.0
q_1023,WithoutText,1.0,1.0,1.0,1.0,1.0
q_1024,AliasAwareFusion,1.0,1.0,1.0,1.0,1.0
q_1024,WithoutEntity,1.0,1.0,1.0,1.0,1.0
q_1024,WithoutPhrase,1.0,1.0,1.0,1.0,1.0
q_1024,WithoutText,1.0,1.0,1.0,1.0,0.7871546029909718
q_1025,AliasAwareFusion,0.0,1.0,1.0,0.5,0.521179458095534
q_1025,WithoutEntity,0.0,1.0,1.0,0.3333333333333333,0.6254336383564085
q_1025,WithoutPhrase,0.0,0.0,1.0,0.13690476190476186,0.22050290933139424
q_1025,WithoutText,0.0,1.0,1.0,0.25,0.5787412556559733
q_1026,AliasAwareFusion,1.0,1.0,1.0,1.0,0.7871546029909718
q_1026,WithoutEntity,1.0,1.0,1.0,1.0,0.7871546029909718
q_1026,WithoutPhrase,1.0,1.0,1.0,1.0,0.7871546029909718
q_1026,WithoutText,1.0,1.0,1.0,1.0,0.7871546029909718
q_1027,AliasAwareFusion,1.0,1.0,1.0,1.0,0.7871546029909718
q_1027,WithoutEntity,1.0,1.0,1.0,1.0,0.7871546029909718
q_1027,WithoutPhrase,1.0,1.0,1.0,1.0,0.7871546029909718
q_1027,WithoutText,1.0,1.0,1.0,1.0,0.7871546029909718
q_1028,AliasAwareFusion,1.0,1.0,1.0,1.0,0.7871546029909718
q_1028,WithoutEntity,1.0,1.0,1.0,1.0,0.7871546029909718
q_1028,WithoutPhrase,1.0,1.0,1.0,1.0,0.7871546029909718
q_1028,WithoutText,0.0,1.0,1.0,0.20000000000000004,0.3045129678946485
q_1029,AliasAwareFusion,1.0,1.0,1.0,1.0,0.6735439182299784
q_1029,WithoutEntity,1.0,1.0,1.0,1.0,0.6735439182299784
q_1029,WithoutPhrase,0.0,1.0,1.0,0.5,0.42495889834839423
q_1029,WithoutText,0.0,0.0,0.0,0.0,0.0
q_1030,AliasAwareFusion,0.0,1.0,1.0,0.3333333333333333,0.3935773014954859
q_1030,WithoutEntity,1.0,1.0,1.0,1.0,0.7871546029909718
q_1030,WithoutPhrase,0.0,1.0,1.0,0.3055555555555555,0.3753878793595839
q_1030,WithoutText,0.0,0.0,0.0,0.0,0.0
q_1031,AliasAwareFusion,1.0,1.0,1.0,1.0,0.6735439182299784
q_1031,WithoutEntity,0.0,0.0,0.0,0.0,0.0
q_1031,WithoutPhrase,0.0,1.0,1.0,0.5,0.42495889834839423
q_1031,WithoutText,1.0,1.0,1.0,1.0,0.6735439182299784
q_1032,AliasAwareFusion,1.0,1.0,1.0,1.0,0.6735439182299784
q_1032,WithoutEntity,1.0,1.0,1.0,1.0,0.6735439182299784
q_1032,WithoutPhrase,1.0,1.0,1.0,1.0,0.6735439182299784
q_1032,WithoutText,0.0,0.0,0.6666666666666666,0.06666666666666667,0.12979857049374552
q_1033,AliasAwareFusion,1.0,1.0,1.0,1.0,0.7871546029909718
q_1033,WithoutEntity,1.0,1.0,1.0,1.0,0.7871546029909718
q_1033,WithoutPhrase,1.0,1.0,1.0,1.0,0.7871546029909718
q_1033,WithoutText,1.0,1.0,1.0,1.0,0.7871546029909718
q_1034,AliasAwareFusion,1.0,1.0,1.0,1.0,0.7398918930751798
q_1034,WithoutEntity,1.0,1.0,1.0,1.0,0.7646065393046344
q_1034,WithoutPhrase,1.0,1.0,1.0,1.0,0.6735439182299784
q_1034,WithoutText,1.0,1.0,1.0,1.0,0.6735439182299784
q_1035,AliasAwareFusion,1.0,1.0,1.0,1.0,0.7871546029909718
q_1035,WithoutEntity,1.0,1.0,1.0,1.0,0.7871546029909718
q_1035,WithoutPhrase,1.0,1.0,1.0,1.0,0.7871546029909718
q_1035,WithoutText,1.0,1.0,1.0,1.0,0.7871546029909718
q_1036,AliasAwareFusion,1.0,1.0,1.0,1.0,0.8112044174649116
q_1036,WithoutEntity,1.0,1.0,1.0,1.0,0.8556691603792904
q_1036,WithoutPhrase,1.0,1.0,1.0,1.0,0.7906982521350533
q_1036,WithoutText,1.0,1.0,1.0,1.0,0.6735439182299784
q_1037,AliasAwareFusion,1.0,1.0,1.0,1.0,0.7978637366933587
q_1037,WithoutEntity,1.0,1.0,1.0,1.0,0.7852134991855584
q_1037,WithoutPhrase,1.0,1.0,1.0,1.0,0.8112044174649116
q_1037,WithoutText,1.0,1.0,1.0,1.0,0.7013578976214955
q_1038,AliasAwareFusion,0.0,1.0,1.0,0.3055555555555555,0.3753878793595839
q_1038,WithoutEntity,0.0,0.0,0.0,0.0,0.0
q_1038,WithoutPhrase,0.0,1.0,1.0,0.5,0.4966392596877323
q_1038,WithoutText,0.0,0.0,0.0,0.0,0.0
q_1039,AliasAwareFusion,1.0,1.0,1.0,1.0,0.6735439182299784
q_1039,WithoutEntity,1.0,1.0,1.0,1.0,0.6735439182299784
q_1039,WithoutPhrase,1.0,1.0,1.0,1.0,0.6735439182299784
q_1039,WithoutText,0.0,1.0,1.0,0.3333333333333333,0.3367719591149892
q_1040,AliasAwareFusion,1.0,1.0,1.0,1.0,0.6735439182299784
q_1040,WithoutEntity,0.0,0.0,1.0,0.1666666666666666,0.2399211845064163
q_1040,WithoutPhrase,1.0,1.0,1.0,1.0,0.6735439182299784
q_1040,WithoutText,0.0,1.0,1.0,0.5,0.5408452251399075
q_1041,AliasAwareFusion,1.0,1.0,1.0,1.0,0.7013578976214955
q_1041,WithoutEntity,0.0,1.0,1.0,0.5,0.42495889834839423
q_1041,WithoutPhrase,1.0,1.0,1.0,1.0,0.6735439182299784
q_1041,WithoutText,0.0,1.0,1.0,0.5,0.5626193975833275
q_1042,AliasAwareFusion,1.0,1.0,1.0,1.0,0.6735439182299784
q_1042,WithoutEntity,1.0,1.0,1.0,1.0,0.6735439182299784
q_1042,WithoutPhrase,1.0,1.0,1.0,1.0,0.6735439182299784
q_1042,WithoutText,1.0,1.0,1.0,1.0,0.6735439182299784
q_1043,AliasAwareFusion,1.0,1.0,1.0,1.0,0.7871546029909718
q_1043,WithoutEntity,1.0,1.0,1.0,1.0,0.7871546029909718
q_1043,WithoutPhrase,0.6666666666666666,1.0,1.0,0.7777777777777778,0.6559621691591432
q_1043,WithoutText,0.0,0.3333333333333333,0.3333333333333333,0.08333333333333333,0.11300301169592664
q_1044,AliasAwareFusion,1.0,1.0,1.0,1.0,0.7871546029909718
q_1044,WithoutEntity,1.0,1.0,1.0,1.0,0.7871546029909718
q_1044,WithoutPhrase,1.0,1.0,1.0,1.0,0.7871546029909718
q_1044,WithoutText,1.0,1.0,1.0,1.0,0.7871546029909718
q_1045,AliasAwareFusion,1.0,1.0,1.0,1.0,0.9584925251677544
q_1045,WithoutEntity,1.0,1.0,1.0,1.0,0.8556691603792904
q_1045,WithoutPhrase,1.0,1.0,1.0,1.0,0.9673387413348701
q_1045,WithoutText,1.0,1.0,1.0,1.0,0.8178747578506881
q_1046,AliasAwareFusion,1.0,1.0,1.0,1.0,0.9673387413348701
q_1046,WithoutEntity,1.0,1.0,1.0,1.0,0.8556691603792904
q_1046,WithoutPhrase,1.0,1.0,1.0,1.0,0.9933296596142235
q_1046,WithoutText,1.0,1.0,1.0,1.0,0.9562915901539796
q_1047,AliasAwareFusion,1.0,1.0,1.0,1.0,0.7871546029909718
q_1047,WithoutEntity,0.0,0.0,0.0,0.0,0.0
q_1047,WithoutPhrase,1.0,1.0,1.0,1.0,0.7871546029909718
q_1047,WithoutText,1.0,1.0,1.0,1.0,0.7871546029909718
q_1048,AliasAwareFusion,1.0,1.0,1.0,1.0,0.7871546029909718
q_1048,WithoutEntity,1.0,1.0,1.0,1.0,0.7871546029909718
q_1048,WithoutPhrase,1.0,1.0,1.0,1.0,0.7871546029909718
q_1048,WithoutText,0.3333333333333333,1.0,1.0,0.6666666666666666,0.5934777074554788
q_1049,AliasAwareFusion,1.0,1.0,1.0,1.0,0.6735439182299784
q_1049,WithoutEntity,1.0,1.0,1.0,1.0,0.6735439182299784
q_1049,WithoutPhrase,1.0,1.0,1.0,1.0,0.7569858564045292
q_1049,WithoutText,1.0,1.0,1.0,1.0,0.6735439182299784
q_1050,AliasAwareFusion,1.0,1.0,1.0,1.0,0.6735439182299784
q_1050,WithoutEntity,1.0,1.0,1.0,1.0,0.6735439182299784
q_1050,WithoutPhrase,1.0,1.0,1.0,1.0,0.6735439182299784
q_1050,WithoutText,1.0,1.0,1.0,1.0,0.6735439182299784
q_1051,AliasAwareFusion,1.0,1.0,1.0,1.0,0.6735439182299784
q_1051,WithoutEntity,1.0,1.0,1.0,1.0,0.6735439182299784
q_1051,WithoutPhrase,1.0,1.0,1.0,1.0,0.6735439182299784
q_1051,WithoutText,1.0,1.0,1.0,1.0,0.6735439182299784
q_1052,AliasAwareFusion,1.0,1.0,1.0,1.0,0.6735439182299784
q_1052,WithoutEntity,1.0,1.0,1.0,1.0,0.6735439182299784
q_1052,WithoutPhrase,1.0,1.0,1.0,1.0,0.6735439182299784
q_1052,WithoutText,1.0,1.0,1.0,1.0,0.6735439182299784
q_1053,AliasAwareFusion,1.0,1.0,1.0,1.0,0.6735439182299784
q_1053,WithoutEntity,1.0,1.0,1.0,1.0,0.6735439182299784
q_1053,WithoutPhrase,1.0,1.0,1.0,1.0,0.6735439182299784
q_1053,WithoutText,1.0,1.0,1.0,1.0,0.6735439182299784
q_1054,AliasAwareFusion,1.0,1.0,1.0,1.0,0.7871546029909718
q_1054,WithoutEntity,1.0,1.0,1.0,1.0,0.8996052605611106
q_1054,WithoutPhrase,1.0,1.0,1.0,1.0,0.7871546029909718
q_1054,WithoutText,1.0,1.0,1.0,1.0,0.7871546029909718
q_1055,AliasAwareFusion,1.0,1.0,1.0,1.0,0.6735439182299784
q_1055,WithoutEntity,1.0,1.0,1.0,1.0,0.6735439182299784
q_1055,WithoutPhrase,1.0,1.0,1.0,1.0,0.6735439182299784
q_1055,WithoutText,1.0,1.0,1.0,1.0,0.6735439182299784
q_1056,AliasAwareFusion,1.0,1.0,1.0,1.0,0.6735439182299784
q_1056,WithoutEntity,1.0,1.0,1.0,1.0,0.6735439182299784
q_1056,WithoutPhrase,1.0,1.0,1.0,1.0,0.6735439182299784
q_1056,WithoutText,1.0,1.0,1.0,1.0,0.6735439182299784
q_1057,AliasAwareFusion,1.0,1.0,1.0,1.0,0.6735439182299784
q_1057,WithoutEntity,1.0,1.0,1.0,1.0,0.7604397422803805
q_1057,WithoutPhrase,1.0,1.0,1.0,1.0,0.6735439182299784
q_1057,WithoutText,1.0,1.0,1.0,1.0,0.6735439182299784
q_1058,AliasAwareFusion,1.0,1.0,1.0,1.0,0.6735439182299784
q_1058,WithoutEntity,1.0,1.0,1.0,1.0,0.6735439182299784
q_1058,WithoutPhrase,1.0,1.0,1.0,1.0,0.6735439182299784
q_1058,WithoutText,1.0,1.0,1.0,1.0,0.6735439182299784
q_1059,AliasAwareFusion,1.0,1.0,1.0,1.0,0.8304728920268888
q_1059,WithoutEntity,1.0,1.0,1.0,1.0,0.7978637366933587
q_1059,WithoutPhrase,1.0,1.0,1.0,1.0,0.8178747578506881
q_1059,WithoutText,1.0,1.0,1.0,1.0,0.7793160217408145
q_1060,AliasAwareFusion,0.0,0.0,0.0,0.0,0.0
q_1060,WithoutEntity,0.0,0.0,1.0,0.10000000000000002,0.2275387085989112
q_1060,WithoutPhrase,0.0,0.0,0.0,0.0,0.0
q_1060,WithoutText,0.0,0.0,0.0,0.0,0.0
q_1061,AliasAwareFusion,1.0,1.0,1.0,1.0,0.7871546029909718
q_1061,WithoutEntity,1.0,1.0,1.0,1.0,0.7871546029909718
q_1061,WithoutPhrase,1.0,1.0,1.0,1.0,0.7871546029909718
q_1061,WithoutText,1.0,1.0,1.0,1.0,0.7871546029909718
q_1062,AliasAwareFusion,1.0,1.0,1.0,1.0,0.6735439182299784
q_1062,WithoutEntity,0.0,1.0,1.0,0.5,0.42495889834839423
q_1062,WithoutPhrase,1.0,1.0,1.0,1.0,0.7697644779771182
q_1062,WithoutText,0.0,1.0,1.0,0.25,0.3811421974892099
q_1063,AliasAwareFusion,1.0,1.0,1.0,1.0,0.6735439182299784
q_1063,WithoutEntity,0.0,0.0,0.0,0.0,0.0
q_1063,WithoutPhrase,1.0,1.0,1.0,1.0,0.6735439182299784
q_1063,WithoutText,0.0,0.0,0.0,0.0,0.0
q_1064,AliasAwareFusion,1.0,1.0,1.0,1.0,0.7871546029909718
q_1064,WithoutEntity,1.0,1.0,1.0,1.0,0.7871546029909718
q_1064,WithoutPhrase,1.0,1.0,1.0,1.0,0.7871546029909718
q_1064,WithoutText,1.0,1.0,1.0,1.0,0.7871546029909718
q_1065,AliasAwareFusion,1.0,1.0,1.0,1.0,0.7871546029909718
q_1065,WithoutEntity,1.0,1.0,1.0,1.0,0.8887076658732239
q_1065,WithoutPhrase,1.0,1.0,1.0,1.0,0.7871546029909718
q_1065,WithoutText,1.0,1.0,1.0,1.0,0.7871546029909718
q_1066,AliasAwareFusion,1.0,1.0,1.0,1.0,0.6735439182299784
q_1066,WithoutEntity,1.0,1.0,1.0,1.0,0.6735439182299784
q_1066,WithoutPhrase,1.0,1.0,1.0,1.0,0.6735439182299784
q_1066,WithoutText,0.0,1.0,1.0,0.5,0.42495889834839423
q_1067,AliasAwareFusion,1.0,1.0,1.0,1.0,0.9324441894571632
q_1067,WithoutEntity,1.0,1.0,1.0,1.0,0.8887076658732239
q_1067,WithoutPhrase,1.0,1.0,1.0,1.0,0.9073218002554916
q_1067,WithoutText,0.0,1.0,1.0,0.5,0.4966392596877323
q_1068,AliasAwareFusion,1.0,1.0,1.0,1.0,0.8556691603792904
q_1068,WithoutEntity,1.0,1.0,1.0,1.0,0.8556691603792904
q_1068,WithoutPhrase,1.0,1.0,1.0,1.0,0.8556691603792904
q_1068,WithoutText,1.0,1.0,1.0,1.0,0.8112044174649116
q_1069,AliasAwareFusion,1.0,1.0,1.0,1.0,0.7871546029909718
q_1069,WithoutEntity,1.0,1.0,1.0,1.0,0.7871546029909718
q_1069,WithoutPhrase,1.0,1.0,1.0,1.0,0.7871546029909718
q_1069,WithoutText,1.0,1.0,1.0,1.0,0.7871546029909718
q_1070,AliasAwareFusion,1.0,1.0,1.0,1.0,0.6735439182299784
q_1070,WithoutEntity,1.0,1.0,1.0,1.0,0.6735439182299784
q_1070,WithoutPhrase,1.0,1.0,1.0,1.0,0.6735439182299784
q_1070,WithoutText,1.0,1.0,1.0,1.0,0.6735439182299784
q_1071,AliasAwareFusion,1.0,1.0,1.0,1.0,0.7871546029909718
q_1071,WithoutEntity,1.0,1.0,1.0,1.0,0.7871546029909718
q_1071,WithoutPhrase,1.0,1.0,1.0,1.0,0.7871546029909718
q_1071,WithoutText,1.0,1.0,1.0,1.0,0.7871546029909718
q_1072,AliasAwareFusion,1.0,1.0,1.0,1.0,0.7852134991855584
q_1072,WithoutEntity,1.0,1.0,1.0,1.0,0.6735439182299784
q_1072,WithoutPhrase,1.0,1.0,1.0,1.0,0.7646065393046344
q_1072,WithoutText,1.0,1.0,1.0,1.0,0.8556691603792904
q_1073,AliasAwareFusion,1.0,1.0,1.0,1.0,0.7871546029909718
q_1073,WithoutEntity,1.0,1.0,1.0,1.0,0.7871546029909718
q_1073,WithoutPhrase,1.0,1.0,1.0,1.0,0.7871546029909718
q_1073,WithoutText,1.0,1.0,1.0,1.0,0.7871546029909718
q_1074,AliasAwareFusion,1.0,1.0,1.0,1.0,0.6735439182299784
q_1074,WithoutEntity,1.0,1.0,1.0,1.0,0.6735439182299784
q_1074,WithoutPhrase,0.0,1.0,1.0,0.5,0.42495889834839423
q_1074,WithoutText,0.0,1.0,1.0,0.5,0.42495889834839423
q_1075,AliasAwareFusion,1.0,1.0,1.0,1.0,0.8721093232359604
q_1075,WithoutEntity,1.0,1.0,1.0,1.0,0.9584925251677544
q_1075,WithoutPhrase,0.0,1.0,1.0,0.2333333333333333,0.3636824409719266
q_1075,WithoutText,0.0,0.0,0.0,0.0,0.0
q_1076,AliasAwareFusion,1.0,1.0,1.0,1.0,0.9095333176489385
q_1076,WithoutEntity,1.0,1.0,1.0,1.0,0.7978637366933587
q_1076,WithoutPhrase,1.0,1.0,1.0,1.0,0.8556691603792904
q_1076,WithoutText,1.0,1.0,1.0,1.0,0.7852134991855584
q_1077,AliasAwareFusion,1.0,1.0,1.0,1.0,0.8556691603792904
q_1077,WithoutEntity,1.0,1.0,1.0,1.0,0.8556691603792904
q_1077,WithoutPhrase,1.0,1.0,1.0,1.0,0.8556691603792904
q_1077,WithoutText,0.0,1.0,1.0,0.5,0.7136205775898136
q_1078,AliasAwareFusion,1.0,1.0,1.0,1.0,0.8556691603792904
q_1078,WithoutEntity,1.0,1.0,1.0,1.0,0.8556691603792904
q_1078,WithoutPhrase,1.0,1.0,1.0,1.0,0.8556691603792904
q_1078,WithoutText,1.0,1.0,1.0,1.0,0.8556691603792904
q_1079,AliasAwareFusion,0.0,0.0,1.0,0.15079365079365073,0.22965015444213396
q_1079,WithoutEntity,0.0,0.0,1.0,0.125,0.21247944917419712
q_1079,WithoutPhrase,0.0,0.0,1.0,0.13690476190476186,0.22050290933139424
q_1079,WithoutText,0.0,0.3333333333333333,1.0,0.17777777777777773,0.24680157485861742
q_1080,AliasAwareFusion,1.0,1.0,1.0,1.0,0.7842805712853451
q_1080,WithoutEntity,0.0,1.0,1.0,0.5,0.5492787168117745
q_1080,WithoutPhrase,1.0,1.0,1.0,1.0,0.7632176069632165
q_1080,WithoutText,1.0,1.0,1.0,1.0,0.6735439182299784
q_1081,AliasAwareFusion,1.0,1.0,1.0,1.0,0.6735439182299784
q_1081,WithoutEntity,1.0,1.0,1.0,1.0,0.7763672830184426
q_1081,WithoutPhrase,1.0,1.0,1.0,1.0,0.6735439182299784
q_1081,WithoutText,1.0,1.0,1.0,1.0,0.6735439182299784
q_1082,AliasAwareFusion,1.0,1.0,1.0,1.0,0.6735439182299784
q_1082,WithoutEntity,1.0,1.0,1.0,1.0,0.6735439182299784
q_1082,WithoutPhrase,1.0,1.0,1.0,1.0,0.6735439182299784
q_1082,WithoutText,0.0,1.0,1.0,0.5,0.42495889834839423
q_1083,AliasAwareFusion,1.0,1.0,1.0,1.0,0.6735439182299784
q_1083,WithoutEntity,1.0,1.0,1.0,1.0,0.6735439182299784
q_1083,WithoutPhrase,1.0,1.0,1.0,1.0,0.6735439182299784
q_1083,WithoutText,1.0,1.0,1.0,1.0,0.6735439182299784
q_1084,AliasAwareFusion,1.0,1.0,1.0,1.0,1.0
q_1084,WithoutEntity,1.0,1.0,1.0,1.0,1.0
q_1084,WithoutPhrase,1.0,1.0,1.0,1.0,1.0
q_1084,WithoutText,0.0,1.0,1.0,0.3333333333333333,0.5
q_1085,AliasAwareFusion,1.0,1.0,1.0,1.0,0.7871546029909718
q_1085,WithoutEntity,1.0,1.0,1.0,1.0,0.7871546029909718
q_1085,WithoutPhrase,1.0,1.0,1.0,1.0,0.7871546029909718
q_1085,WithoutText,1.0,1.0,1.0,1.0,0.7871546029909718
q_1086,AliasAwareFusion,1.0,1.0,1.0,1.0,0.7871546029909718
q_1086,WithoutEntity,1.0,1.0,1.0,1.0,0.7871546029909718
q_1086,WithoutPhrase,1.0,1.0,1.0,1.0,0.931865526352945
q_1086,WithoutText,1.0,1.0,1.0,1.0,0.7871546029909718
q_1087,AliasAwareFusion,1.0,1.0,1.0,1.0,0.6735439182299784
q_1087,WithoutEntity,0.0,1.0,1.0,0.25,0.290079576414554
q_1087,WithoutPhrase,1.0,1.0,1.0,1.0,0.6735439182299784
q_1087,WithoutText,1.0,1.0,1.0,1.0,0.6735439182299784
q_1088,AliasAwareFusion,1.0,1.0,1.0,1.0,0.7871546029909718
q_1088,WithoutEntity,1.0,1.0,1.0,1.0,0.7871546029909718
q_1088,WithoutPhrase,1.0,1.0,1.0,1.0,0.7871546029909718
q_1088,WithoutText,0.0,1.0,1.0,0.5,0.4966392596877323
q_1089,AliasAwareFusion,0.6666666666666666,1.0,1.0,0.8333333333333334,0.590682244936117
q_1089,WithoutEntity,1.0,1.0,1.0,1.0,0.6735439182299784
q_1089,WithoutPhrase,1.0,1.0,1.0,1.0,0.6735439182299784
q_1089,WithoutText,0.0,0.0,0.0,0.0,0.0
q_1090,AliasAwareFusion,1.0,1.0,1.0,1.0,0.6735439182299784
q_1090,WithoutEntity,1.0,1.0,1.0,1.0,0.6735439182299784
q_1090,WithoutPhrase,1.0,1.0,1.0,1.0,0.6735439182299784
q_1090,WithoutText,1.0,1.0,1.0,1.0,0.6735439182299784
q_1091,AliasAwareFusion,1.0,1.0,1.0,1.0,0.7871546029909718
q_1091,WithoutEntity,1.0,1.0,1.0,1.0,0.7871546029909718
q_1091,WithoutPhrase,1.0,1.0,1.0,1.0,0.7871546029909718
q_1091,WithoutText,1.0,1.0,1.0,1.0,0.7871546029909718
q_1092,AliasAwareFusion,1.0,1.0,1.0,1.0,0.6735439182299784
q_1092,WithoutEntity,1.0,1.0,1.0,1.0,0.6735439182299784
q_1092,WithoutPhrase,1.0,1.0,1.0,1.0,0.6735439182299784
q_1092,WithoutText,1.0,1.0,1.0,1.0,0.6735439182299784
q_1093,AliasAwareFusion,1.0,1.0,1.0,1.0,0.7871546029909718
q_1093,WithoutEntity,1.0,1.0,1.0,1.0,0.7871546029909718
q_1093,WithoutPhrase,1.0,1.0,1.0,1.0,0.7871546029909718
q_1093,WithoutText,0.0,0.0,0.0,0.0,0.0
q_1094,AliasAwareFusion,1.0,1.0,1.0,1.0,0.6735439182299784
q_1094,WithoutEntity,1.0,1.0,1.0,1.0,0.6735439182299784
q_1094,WithoutPhrase,1.0,1.0,1.0,1.0,0.7303231723049627
q_1094,WithoutText,1.0,1.0,1.0,1.0,0.6735439182299784
q_1095,AliasAwareFusion,1.0,1.0,1.0,1.0,0.6735439182299784
q_1095,WithoutEntity,1.0,1.0,1.0,1.0,0.6735439182299784
q_1095,WithoutPhrase,1.0,1.0,1.0,1.0,0.6735439182299784
q_1095,WithoutText,1.0,1.0,1.0,1.0,0.6735439182299784
q_1096,AliasAwareFusion,1.0,1.0,1.0,1.0,0.6735439182299784
q_1096,WithoutEntity,1.0,1.0,1.0,1.0,0.6735439182299784
q_1096,WithoutPhrase,1.0,1.0,1.0,1.0,0.6735439182299784
q_1096,WithoutText,0.0,1.0,1.0,0.20000000000000004,0.2605623555630197
q_1097,AliasAwareFusion,1.0,1.0,1.0,1.0,1.0
q_1097,WithoutEntity,1.0,1.0,1.0,1.0,1.0
q_1097,WithoutPhrase,1.0,1.0,1.0,1.0,1.0
q_1097,WithoutText,1.0,1.0,1.0,1.0,0.7871546029909718
q_1098,AliasAwareFusion,1.0,1.0,1.0,1.0,0.7871546029909718
q_1098,WithoutEntity,1.0,1.0,1.0,1.0,0.7871546029909718
q_1098,WithoutPhrase,1.0,1.0,1.0,1.0,0.7871546029909718
q_1098,WithoutText,1.0,1.0,1.0,1.0,0.7871546029909718
q_1099,AliasAwareFusion,1.0,1.0,1.0,1.0,0.6735439182299784
q_1099,WithoutEntity,0.0,1.0,1.0,0.25,0.290079576414554
q_1099,WithoutPhrase,1.0,1.0,1.0,1.0,0.6735439182299784
q_1099,WithoutText,0.0,0.0,0.0,0.0,0.0
q_1100,AliasAwareFusion,1.0,1.0,1.0,1.0,0.7871546029909718
q_1100,WithoutEntity,1.0,1.0,1.0,1.0,0.7871546029909718
q_1100,WithoutPhrase,1.0,1.0,1.0,1.0,0.7871546029909718
q_1100,WithoutText,0.0,1.0,1.0,0.3333333333333333,0.3935773014954859
q_1101,AliasAwareFusion,1.0,1.0,1.0,1.0,0.7871546029909718
q_1101,WithoutEntity,1.0,1.0,1.0,1.0,0.7871546029909718
q_1101,WithoutPhrase,1.0,1.0,1.0,1.0,0.7871546029909718
q_1101,WithoutText,0.0,1.0,1.0,0.5,0.4966392596877323
q_1102,AliasAwareFusion,1.0,1.0,1.0,1.0,0.7871546029909718
q_1102,WithoutEntity,1.0,1.0,1.0,1.0,0.7871546029909718
q_1102,WithoutPhrase,1.0,1.0,1.0,1.0,0.7871546029909718
q_1102,WithoutText,1.0,1.0,1.0,1.0,0.7871546029909718
q_1103,AliasAwareFusion,1.0,1.0,1.0,1.0,0.6735439182299784
q_1103,WithoutEntity,1.0,1.0,1.0,1.0,0.6735439182299784
q_1103,WithoutPhrase,1.0,1.0,1.0,1.0,0.6735439182299784
q_1103,WithoutText,1.0,1.0,1.0,1.0,0.6735439182299784
q_1104,AliasAwareFusion,1.0,1.0,1.0,1.0,0.7871546029909718
q_1104,WithoutEntity,1.0,1.0,1.0,1.0,0.7871546029909718
q_1104,WithoutPhrase,1.0,1.0,1.0,1.0,0.7871546029909718
q_1104,WithoutText,1.0,1.0,1.0,1.0,0.7871546029909718
q_1105,AliasAwareFusion,1.0,1.0,1.0,1.0,0.7871546029909718
q_1105,WithoutEntity,1.0,1.0,1.0,1.0,0.7871546029909718
q_1105,WithoutPhrase,1.0,1.0,1.0,1.0,0.7871546029909718
q_1105,WithoutText,1.0,1.0,1.0,1.0,0.7871546029909718
q_1106,AliasAwareFusion,1.0,1.0,1.0,1.0,0.6735439182299784
q_1106,WithoutEntity,1.0,1.0,1.0,1.0,0.6735439182299784
q_1106,WithoutPhrase,1.0,1.0,1.0,1.0,0.6735439182299784
q_1106,WithoutText,1.0,1.0,1.0,1.0,0.6735439182299784
q_1107,AliasAwareFusion,1.0,1.0,1.0,1.0,0.6735439182299784
q_1107,WithoutEntity,1.0,1.0,1.0,1.0,0.6735439182299784
q_1107,WithoutPhrase,1.0,1.0,1.0,1.0,0.6735439182299784
q_1107,WithoutText,1.0,1.0,1.0,1.0,0.6735439182299784
q_1108,AliasAwareFusion,1.0,1.0,1.0,1.0,0.7871546029909718
q_1108,WithoutEntity,1.0,1.0,1.0,1.0,0.7871546029909718
q_1108,WithoutPhrase,1.0,1.0,1.0,1.0,0.7871546029909718
q_1108,WithoutText,1.0,1.0,1.0,1.0,0.7871546029909718
q_1109,AliasAwareFusion,0.0,0.0,0.0,0.0,0.0
q_1109,WithoutEntity,0.0,0.0,0.0,0.0,0.0
q_1109,WithoutPhrase,0.0,0.0,0.0,0.0,0.0
q_1109,WithoutText,0.0,0.0,0.0,0.0,0.1243198184633803
q_1110,AliasAwareFusion,1.0,1.0,1.0,1.0,0.7871546029909718
q_1110,WithoutEntity,1.0,1.0,1.0,1.0,0.7871546029909718
q_1110,WithoutPhrase,1.0,1.0,1.0,1.0,0.7871546029909718
q_1110,WithoutText,1.0,1.0,1.0,1.0,0.7871546029909718
q_1111,AliasAwareFusion,1.0,1.0,1.0,1.0,0.6735439182299784
q_1111,WithoutEntity,1.0,1.0,1.0,1.0,0.6735439182299784
q_1111,WithoutPhrase,1.0,1.0,1.0,1.0,0.6735439182299784
q_1111,WithoutText,1.0,1.0,1.0,1.0,0.6735439182299784
q_1112,AliasAwareFusion,1.0,1.0,1.0,1.0,0.7871546029909718
q_1112,WithoutEntity,0.0,1.0,1.0,0.5,0.4966392596877323
q_1112,WithoutPhrase,1.0,1.0,1.0,1.0,0.7871546029909718
q_1112,WithoutText,1.0,1.0,1.0,1.0,0.7871546029909718
q_1113,AliasAwareFusion,1.0,1.0,1.0,1.0,0.95583058934618
q_1113,WithoutEntity,0.0,1.0,1.0,0.25,0.3390090350877799
q_1113,WithoutPhrase,1.0,1.0,1.0,1.0,0.9176601606601068
q_1113,WithoutText,0.0,0.3333333333333333,1.0,0.17777777777777773,0.6257830466423301
q_1114,AliasAwareFusion,1.0,1.0,1.0,1.0,0.6735439182299784
q_1114,WithoutEntity,1.0,1.0,1.0,1.0,0.6735439182299784
q_1114,WithoutPhrase,1.0,1.0,1.0,1.0,0.6735439182299784
q_1114,WithoutText,0.0,1.0,1.0,0.5,0.42495889834839423
q_1115,AliasAwareFusion,1.0,1.0,1.0,1.0,0.6735439182299784
q_1115,WithoutEntity,1.0,1.0,1.0,1.0,0.6735439182299784
q_1115,WithoutPhrase,1.0,1.0,1.0,1.0,0.6735439182299784
q_1115,WithoutText,1.0,1.0,1.0,1.0,0.6735439182299784
q_1116,AliasAwareFusion,0.0,1.0,1.0,0.3333333333333333,0.3367719591149892
q_1116,WithoutEntity,0.0,0.0,0.0,0.0,0.0
q_1116,WithoutPhrase,0.0,1.0,1.0,0.3333333333333333,0.3367719591149892
q_1116,WithoutText,0.0,0.0,1.0,0.1428571428571428,0.2245146394099928
q_1117,AliasAwareFusion,1.0,1.0,1.0,1.0,0.914095317597828
q_1117,WithoutEntity,1.0,1.0,1.0,1.0,0.9673387413348701
q_1117,WithoutPhrase,1.0,1.0,1.0,1.0,0.914095317597828
q_1117,WithoutText,0.0,1.0,1.0,0.5,0.5692897379691039
q_1118,AliasAwareFusion,0.0,1.0,1.0,0.4444444444444444,0.6149199526747683
q_1118,WithoutEntity,1.0,1.0,1.0,1.0,0.881434058932698
q_1118,WithoutPhrase,0.0,1.0,1.0,0.4444444444444444,0.6438852273582355
q_1118,WithoutText,0.0,0.0,0.0,0.0,0.21763738784668096
q_1119,AliasAwareFusion,1.0,1.0,1.0,1.0,0.7871546029909718
q_1119,WithoutEntity,1.0,1.0,1.0,1.0,0.7871546029909718
q_1119,WithoutPhrase,1.0,1.0,1.0,1.0,0.7871546029909718
q_1119,WithoutText,1.0,1.0,1.0,1.0,0.7871546029909718
q_1120,AliasAwareFusion,0.0,0.0,0.0,0.0,0.2886616792414193
q_1120,WithoutEntity,0.0,0.0,0.0,0.0,0.2886616792414193
q_1120,WithoutPhrase,0.0,0.0,0.0,0.0,0.2886616792414193
q_1120,WithoutText,0.0,0.0,0.0,0.0,0.2886616792414193
q_1121,AliasAwareFusion,1.0,1.0,1.0,1.0,0.7871546029909718
q_1121,WithoutEntity,1.0,1.0,1.0,1.0,0.7871546029909718
q_1121,WithoutPhrase,1.0,1.0,1.0,1.0,0.7871546029909718
q_1121,WithoutText,1.0,1.0,1.0,1.0,0.7871546029909718
q_1122,AliasAwareFusion,1.0,1.0,1.0,1.0,0.6735439182299784
q_1122,WithoutEntity,1.0,1.0,1.0,1.0,0.6735439182299784
q_1122,WithoutPhrase,1.0,1.0,1.0,1.0,0.6735439182299784
q_1122,WithoutText,0.0,0.0,1.0,0.13095238095238093,0.21649117925279568
q_1123,AliasAwareFusion,1.0,1.0,1.0,1.0,0.7871546029909718
q_1123,WithoutEntity,1.0,1.0,1.0,1.0,0.7871546029909718
q_1123,WithoutPhrase,1.0,1.0,1.0,1.0,0.7871546029909718
q_1123,WithoutText,1.0,1.0,1.0,1.0,0.7871546029909718
q_1124,AliasAwareFusion,1.0,1.0,1.0,1.0,0.7871546029909718
q_1124,WithoutEntity,1.0,1.0,1.0,1.0,0.7871546029909718
q_1124,WithoutPhrase,0.0,1.0,1.0,0.5,0.4966392596877323
q_1124,WithoutText,1.0,1.0,1.0,1.0,0.7871546029909718
q_1125,AliasAwareFusion,1.0,1.0,1.0,1.0,0.6735439182299784
q_1125,WithoutEntity,1.0,1.0,1.0,1.0,0.6735439182299784
q_1125,WithoutPhrase,1.0,1.0,1.0,1.0,0.6735439182299784
q_1125,WithoutText,0.0,1.0,1.0,0.5,0.42495889834839423
q_1126,AliasAwareFusion,0.0,1.0,1.0,0.3333333333333333,0.3935773014954859
q_1126,WithoutEntity,0.0,0.0,0.0,0.0,0.0
q_1126,WithoutPhrase,1.0,1.0,1.0,1.0,0.7871546029909718
q_1126,WithoutText,0.0,0.0,0.0,0.0,0.0
q_1127,AliasAwareFusion,1.0,1.0,1.0,1.0,0.7871546029909718
q_1127,WithoutEntity,1.0,1.0,1.0,1.0,0.7871546029909718
q_1127,WithoutPhrase,1.0,1.0,1.0,1.0,0.7871546029909718
q_1127,WithoutText,1.0,1.0,1.0,1.0,0.7871546029909718
q_1128,AliasAwareFusion,1.0,1.0,1.0,1.0,0.6735439182299784
q_1128,WithoutEntity,1.0,1.0,1.0,1.0,0.6735439182299784
q_1128,WithoutPhrase,1.0,1.0,1.0,1.0,0.6735439182299784
q_1128,WithoutText,1.0,1.0,1.0,1.0,0.6735439182299784
q_1129,AliasAwareFusion,1.0,1.0,1.0,1.0,0.6735439182299784
q_1129,WithoutEntity,1.0,1.0,1.0,1.0,0.6735439182299784
q_1129,WithoutPhrase,1.0,1.0,1.0,1.0,0.6735439182299784
q_1129,WithoutText,1.0,1.0,1.0,1.0,0.6735439182299784
q_1130,AliasAwareFusion,1.0,1.0,1.0,1.0,0.7871546029909718
q_1130,WithoutEntity,1.0,1.0,1.0,1.0,0.7871546029909718
q_1130,WithoutPhrase,0.0,1.0,1.0,0.3333333333333333,0.3935773014954859
q_1130,WithoutText,0.0,1.0,1.0,0.5,0.4966392596877323
q_1131,AliasAwareFusion,1.0,1.0,1.0,1.0,0.6735439182299784
q_1131,WithoutEntity,1.0,1.0,1.0,1.0,0.6735439182299784
q_1131,WithoutPhrase,1.0,1.0,1.0,1.0,0.6735439182299784
q_1131,WithoutText,1.0,1.0,1.0,1.0,0.6735439182299784
q_1132,AliasAwareFusion,1.0,1.0,1.0,1.0,0.6735439182299784
q_1132,WithoutEntity,1.0,1.0,1.0,1.0,0.6735439182299784
q_1132,WithoutPhrase,1.0,1.0,1.0,1.0,0.6735439182299784
q_1132,WithoutText,0.0,0.0,0.0,0.0,0.0
q_1133,AliasAwareFusion,0.0,1.0,1.0,0.5,0.42495889834839423
q_1133,WithoutEntity,0.0,1.0,1.0,0.3333333333333333,0.3367719591149892
q_1133,WithoutPhrase,0.0,1.0,1.0,0.5,0.42495889834839423
q_1133,WithoutText,0.0,1.0,1.0,0.3333333333333333,0.3367719591149892
q_1134,AliasAwareFusion,0.0,1.0,1.0,0.3333333333333333,0.3935773014954859
q_1134,WithoutEntity,0.0,0.0,0.0,0.0,0.0
q_1134,WithoutPhrase,0.0,1.0,1.0,0.3333333333333333,0.3935773014954859
q_1134,WithoutText,0.6666666666666666,1.0,1.0,0.8333333333333334,0.6903161552232254
q_1135,AliasAwareFusion,1.0,1.0,1.0,1.0,0.7871546029909718
q_1135,WithoutEntity,1.0,1.0,1.0,1.0,0.7871546029909718
q_1135,WithoutPhrase,1.0,1.0,1.0,1.0,0.7871546029909718
q_1135,WithoutText,1.0,1.0,1.0,1.0,0.7871546029909718
q_1136,AliasAwareFusion,1.0,1.0,1.0,1.0,0.7871546029909718
q_1136,WithoutEntity,1.0,1.0,1.0,1.0,0.7871546029909718
q_1136,WithoutPhrase,1.0,1.0,1.0,1.0,0.7871546029909718
q_1136,WithoutText,1.0,1.0,1.0,1.0,0.7871546029909718
q_1137,AliasAwareFusion,1.0,1.0,1.0,1.0,0.6735439182299784
q_1137,WithoutEntity,1.0,1.0,1.0,1.0,0.6735439182299784
q_1137,WithoutPhrase,1.0,1.0,1.0,1.0,0.6735439182299784
q_1137,WithoutText,1.0,1.0,1.0,1.0,0.6735439182299784
q_1138,AliasAwareFusion,0.0,1.0,1.0,0.5,0.4966392596877323
q_1138,WithoutEntity,0.0,1.0,1.0,0.5,0.4966392596877323
q_1138,WithoutPhrase,0.0,1.0,1.0,0.5,0.4966392596877323
q_1138,WithoutText,0.0,1.0,1.0,0.5,0.4966392596877323
q_1139,AliasAwareFusion,1.0,1.0,1.0,1.0,0.7871546029909718
q_1139,WithoutEntity,1.0,1.0,1.0,1.0,0.7871546029909718
q_1139,WithoutPhrase,1.0,1.0,1.0,1.0,0.7871546029909718
q_1139,WithoutText,1.0,1.0,1.0,1.0,0.7871546029909718
q_1140,AliasAwareFusion,1.0,1.0,1.0,1.0,0.7871546029909718
q_1140,WithoutEntity,1.0,1.0,1.0,1.0,0.7871546029909718
q_1140,WithoutPhrase,0.0,1.0,1.0,0.5,0.4966392596877323
q_1140,WithoutText,0.0,1.0,1.0,0.5,0.4966392596877323
q_1141,AliasAwareFusion,1.0,1.0,1.0,1.0,0.7871546029909718
q_1141,WithoutEntity,0.0,1.0,1.0,0.5,0.4966392596877323
q_1141,WithoutPhrase,1.0,1.0,1.0,1.0,0.7871546029909718
q_1141,WithoutText,0.0,0.3333333333333333,1.0,0.19444444444444442,0.29992976299629065
q_1142,AliasAwareFusion,1.0,1.0,1.0,1.0,0.7710581027724218
q_1142,WithoutEntity,1.0,1.0,1.0,1.0,0.7978637366933587
q_1142,WithoutPhrase,1.0,1.0,1.0,1.0,0.6735439182299784
q_1142,WithoutText,1.0,1.0,1.0,1.0,0.6735439182299784
q_1143,AliasAwareFusion,1.0,1.0,1.0,1.0,0.7871546029909718
q_1143,WithoutEntity,1.0,1.0,1.0,1.0,0.7871546029909718
q_1143,WithoutPhrase,1.0,1.0,1.0,1.0,0.7871546029909718
q_1143,WithoutText,1.0,1.0,1.0,1.0,0.7871546029909718
q_1144,AliasAwareFusion,1.0,1.0,1.0,1.0,0.6735439182299784
q_1144,WithoutEntity,1.0,1.0,1.0,1.0,0.7646065393046344
q_1144,WithoutPhrase,1.0,1.0,1.0,1.0,0.6735439182299784
q_1144,WithoutText,1.0,1.0,1.0,1.0,0.6735439182299784
q_1145,AliasAwareFusion,1.0,1.0,1.0,1.0,0.7871546029909718
q_1145,WithoutEntity,1.0,1.0,1.0,1.0,0.9324441894571632
q_1145,WithoutPhrase,1.0,1.0,1.0,1.0,0.7871546029909718
q_1145,WithoutText,1.0,1.0,1.0,1.0,0.7871546029909718
q_1146,AliasAwareFusion,1.0,1.0,1.0,1.0,0.6735439182299784
q_1146,WithoutEntity,1.0,1.0,1.0,1.0,0.6735439182299784
q_1146,WithoutPhrase,1.0,1.0,1.0,1.0,0.6735439182299784
q_1146,WithoutText,0.0,1.0,1.0,0.3333333333333333,0.3367719591149892
q_1147,AliasAwareFusion,0.6666666666666666,1.0,1.0,0.8333333333333334,0.590682244936117
q_1147,WithoutEntity,0.0,0.0,1.0,0.125,0.21247944917419712
q_1147,WithoutPhrase,0.0,1.0,1.0,0.5,0.42495889834839423
q_1147,WithoutText,1.0,1.0,1.0,1.0,0.6735439182299784
q_1148,AliasAwareFusion,1.0,1.0,1.0,1.0,0.6735439182299784
q_1148,WithoutEntity,1.0,1.0,1.0,1.0,0.6735439182299784
q_1148,WithoutPhrase,0.0,1.0,1.0,0.25,0.290079576414554
q_1148,WithoutText,1.0,1.0,1.0,1.0,0.6735439182299784
q_1149,AliasAwareFusion,0.0,0.0,0.0,0.0,0.0
q_1149,WithoutEntity,0.0,0.0,1.0,0.1111111111111111,0.2027569227842713
q_1149,WithoutPhrase,0.0,0.0,0.0,0.0,0.0
q_1149,WithoutText,0.0,0.0,0.0,0.0,0.0
q_1150,AliasAwareFusion,1.0,1.0,1.0,1.0,0.95583058934618
q_1150,WithoutEntity,1.0,1.0,1.0,1.0,0.7871546029909718
q_1150,WithoutPhrase,1.0,1.0,1.0,1.0,0.95583058934618
q_1150,WithoutText,1.0,1.0,1.0,1.0,0.7871546029909718
q_1151,AliasAwareFusion,1.0,1.0,1.0,1.0,0.7871546029909718
q_1151,WithoutEntity,0.0,1.0,1.0,0.5,0.4966392596877323
q_1151,WithoutPhrase,1.0,1.0,1.0,1.0,0.7871546029909718
q_1151,WithoutText,1.0,1.0,1.0,1.0,0.7871546029909718
q_1152,AliasAwareFusion,1.0,1.0,1.0,1.0,0.7871546029909718
q_1152,WithoutEntity,1.0,1.0,1.0,1.0,0.7871546029909718
q_1152,WithoutPhrase,1.0,1.0,1.0,1.0,0.7871546029909718
q_1152,WithoutText,1.0,1.0,1.0,1.0,0.7871546029909718
q_1153,AliasAwareFusion,1.0,1.0,1.0,1.0,0.7871546029909718
q_1153,WithoutEntity,1.0,1.0,1.0,1.0,0.7871546029909718
q_1153,WithoutPhrase,0.6666666666666666,1.0,1.0,0.8333333333333334,0.6903161552232252
q_1153,WithoutText,1.0,1.0,1.0,1.0,0.95583058934618
q_1154,AliasAwareFusion,1.0,1.0,1.0,1.0,0.7871546029909718
q_1154,WithoutEntity,1.0,1.0,1.0,1.0,0.7871546029909718
q_1154,WithoutPhrase,0.0,1.0,1.0,0.5,0.4966392596877323
q_1154,WithoutText,1.0,1.0,1.0,1.0,0.7871546029909718
q_1155,AliasAwareFusion,0.0,1.0,1.0,0.27777777777777773,0.30564370398136576
q_1155,WithoutEntity,0.0,1.0,1.0,0.20000000000000004,0.2605623555630197
q_1155,WithoutPhrase,0.0,0.0,1.0,0.1666666666666666,0.2399211845064163
q_1155,WithoutText,1.0,1.0,1.0,1.0,0.6735439182299784
q_1156,AliasAwareFusion,1.0,1.0,1.0,1.0,1.0
q_1156,WithoutEntity,1.0,1.0,1.0,1.0,0.9673387413348701
q_1156,WithoutPhrase,1.0,1.0,1.0,1.0,1.0
q_1156,WithoutText,0.6666666666666666,1.0,1.0,0.8333333333333334,0.9326394512461782
q_1157,AliasAwareFusion,1.0,1.0,1.0,1.0,1.0
q_1157,WithoutEntity,1.0,1.0,1.0,1.0,1.0
q_1157,WithoutPhrase,1.0,1.0,1.0,1.0,1.0
q_1157,WithoutText,1.0,1.0,1.0,1.0,1.0
q_1158,AliasAwareFusion,1.0,1.0,1.0,1.0,0.7871546029909718
q_1158,WithoutEntity,1.0,1.0,1.0,1.0,0.7871546029909718
q_1158,WithoutPhrase,1.0,1.0,1.0,1.0,0.7871546029909718
q_1158,WithoutText,1.0,1.0,1.0,1.0,0.7871546029909718
q_1159,AliasAwareFusion,0.0,0.0,0.0,0.0,0.0
q_1159,WithoutEntity,0.0,0.0,0.0,0.0,0.0
q_1159,WithoutPhrase,0.0,0.0,0.0,0.0,0.0
q_1159,WithoutText,0.0,0.0,0.0,0.0,0.0
q_1160,AliasAwareFusion,1.0,1.0,1.0,1.0,0.8556691603792904
q_1160,WithoutEntity,1.0,1.0,1.0,1.0,0.8556691603792904
q_1160,WithoutPhrase,1.0,1.0,1.0,1.0,0.7978637366933587
q_1160,WithoutText,1.0,1.0,1.0,1.0,0.8556691603792904
q_1161,AliasAwareFusion,0.0,1.0,1.0,0.3333333333333333,0.3367719591149892
q_1161,WithoutEntity,1.0,1.0,1.0,1.0,0.6735439182299784
q_1161,WithoutPhrase,0.0,0.0,0.0,0.0,0.0
q_1161,WithoutText,0.0,0.0,0.0,0.0,0.0
q_1162,AliasAwareFusion,1.0,1.0,1.0,1.0,0.6735439182299784
q_1162,WithoutEntity,0.0,1.0,1.0,0.5,0.42495889834839423
q_1162,WithoutPhrase,1.0,1.0,1.0,1.0,0.6735439182299784
q_1162,WithoutText,1.0,1.0,1.0,1.0,0.6735439182299784
q_1163,AliasAwareFusion,1.0,1.0,1.0,1.0,0.7871546029909718
q_1163,WithoutEntity,1.0,1.0,1.0,1.0,0.7871546029909718
q_1163,WithoutPhrase,1.0,1.0,1.0,1.0,0.7871546029909718
q_1163,WithoutText,1.0,1.0,1.0,1.0,0.7871546029909718
q_1164,AliasAwareFusion,1.0,1.0,1.0,1.0,0.7871546029909718
q_1164,WithoutEntity,1.0,1.0,1.0,1.0,0.7871546029909718
q_1164,WithoutPhrase,1.0,1.0,1.0,1.0,0.7871546029909718
q_1164,WithoutText,1.0,1.0,1.0,1.0,0.7871546029909718
q_1165,AliasAwareFusion,1.0,1.0,1.0,1.0,0.6735439182299784
q_1165,WithoutEntity,1.0,1.0,1.0,1.0,0.6735439182299784
q_1165,WithoutPhrase,1.0,1.0,1.0,1.0,0.6735439182299784
q_1165,WithoutText,1.0,1.0,1.0,1.0,0.6735439182299784
q_1166,AliasAwareFusion,1.0,1.0,1.0,1.0,1.0
q_1166,WithoutEntity,1.0,1.0,1.0,1.0,0.929544338806268
q_1166,WithoutPhrase,1.0,1.0,1.0,1.0,1.0
q_1166,WithoutText,1.0,1.0,1.0,1.0,0.8556691603792904
q_1167,AliasAwareFusion,1.0,1.0,1.0,1.0,0.7852134991855584
q_1167,WithoutEntity,0.0,1.0,1.0,0.5,0.5366284793039741
q_1167,WithoutPhrase,1.0,1.0,1.0,1.0,0.8112044174649116
q_1167,WithoutText,0.0,1.0,1.0,0.25,0.290079576414554
q_1168,AliasAwareFusion,1.0,1.0,1.0,1.0,1.0
q_1168,WithoutEntity,1.0,1.0,1.0,1.0,1.0
q_1168,WithoutPhrase,1.0,1.0,1.0,1.0,1.0
q_1168,WithoutText,1.0,1.0,1.0,1.0,1.0
q_1169,AliasAwareFusion,1.0,1.0,1.0,1.0,0.7871546029909718
q_1169,WithoutEntity,1.0,1.0,1.0,1.0,0.7871546029909718
q_1169,WithoutPhrase,1.0,1.0,1.0,1.0,0.7871546029909718
q_1169,WithoutText,0.0,1.0,1.0,0.5,0.4966392596877323
q_1170,AliasAwareFusion,1.0,1.0,1.0,1.0,0.7978637366933587
q_1170,WithoutEntity,1.0,1.0,1.0,1.0,0.7763672830184426
q_1170,WithoutPhrase,1.0,1.0,1.0,1.0,0.7978637366933587
q_1170,WithoutText,0.0,1.0,1.0,0.38888888888888884,0.3661676055261242
q_1171,AliasAwareFusion,1.0,1.0,1.0,1.0,0.7871546029909718
q_1171,WithoutEntity,1.0,1.0,1.0,1.0,0.7871546029909718
q_1171,WithoutPhrase,1.0,1.0,1.0,1.0,0.7871546029909718
q_1171,WithoutText,1.0,1.0,1.0,1.0,0.7871546029909718
q_1172,AliasAwareFusion,1.0,1.0,1.0,1.0,0.7878426664388757
q_1172,WithoutEntity,0.0,0.0,0.0,0.0,0.0
q_1172,WithoutPhrase,1.0,1.0,1.0,1.0,0.7675463659568228
q_1172,WithoutText,1.0,1.0,1.0,1.0,0.8556691603792904
q_1173,AliasAwareFusion,0.0,1.0,1.0,0.5,0.6309297535714575
q_1173,WithoutEntity,0.0,1.0,1.0,0.25,0.43067655807339306
q_1173,WithoutPhrase,0.3333333333333333,1.0,1.0,0.6666666666666666,0.7539531690476383
q_1173,WithoutText,1.0,1.0,1.0,1.0,1.0
q_1174,AliasAwareFusion,1.0,1.0,1.0,1.0,0.7871546029909718
q_1174,WithoutEntity,1.0,1.0,1.0,1.0,0.7871546029909718
q_1174,WithoutPhrase,1.0,1.0,1.0,1.0,0.7871546029909718
q_1174,WithoutText,1.0,1.0,1.0,1.0,0.7871546029909718
q_1175,AliasAwareFusion,1.0,1.0,1.0,1.0,0.7871546029909718
q_1175,WithoutEntity,1.0,1.0,1.0,1.0,0.7871546029909718
q_1175,WithoutPhrase,1.0,1.0,1.0,1.0,0.7871546029909718
q_1175,WithoutText,1.0,1.0,1.0,1.0,0.7871546029909718
q_1176,AliasAwareFusion,1.0,1.0,1.0,1.0,0.9324441894571632
q_1176,WithoutEntity,1.0,1.0,1.0,1.0,1.0
q_1176,WithoutPhrase,0.0,1.0,1.0,0.5,0.6030619581922464
q_1176,WithoutText,1.0,1.0,1.0,1.0,0.9047496203573645
q_1177,AliasAwareFusion,1.0,1.0,1.0,1.0,1.0
q_1177,WithoutEntity,1.0,1.0,1.0,1.0,1.0
q_1177,WithoutPhrase,1.0,1.0,1.0,1.0,1.0
q_1177,WithoutText,1.0,1.0,1.0,1.0,1.0
q_1178,AliasAwareFusion,1.0,1.0,1.0,1.0,0.7871546029909718
q_1178,WithoutEntity,1.0,1.0,1.0,1.0,0.7871546029909718
q_1178,WithoutPhrase,1.0,1.0,1.0,1.0,0.7871546029909718
q_1178,WithoutText,0.0,0.0,0.0,0.0,0.0
q_1179,AliasAwareFusion,1.0,1.0,1.0,1.0,0.7871546029909718
q_1179,WithoutEntity,1.0,1.0,1.0,1.0,0.7871546029909718
q_1179,WithoutPhrase,1.0,1.0,1.0,1.0,0.7871546029909718
q_1179,WithoutText,0.0,1.0,1.0,0.3333333333333333,0.3935773014954859
q_1180,AliasAwareFusion,1.0,1.0,1.0,1.0,1.0
q_1180,WithoutEntity,1.0,1.0,1.0,1.0,0.8996052605611106
q_1180,WithoutPhrase,0.0,1.0,1.0,0.5,0.8339912323981488
q_1180,WithoutText,0.0,1.0,1.0,0.25,0.3390090350877799
q_1181,AliasAwareFusion,0.0,1.0,1.0,0.3333333333333333,0.42021389728954
q_1181,WithoutEntity,0.0,0.0,1.0,0.125,0.21247944917419712
q_1181,WithoutPhrase,1.0,1.0,1.0,1.0,0.8556691603792904
q_1181,WithoutText,0.0,0.0,0.0,0.0,0.0
q_1182,AliasAwareFusion,1.0,1.0,1.0,1.0,0.7871546029909718
q_1182,WithoutEntity,1.0,1.0,1.0,1.0,0.7871546029909718
q_1182,WithoutPhrase,1.0,1.0,1.0,1.0,0.7871546029909718
q_1182,WithoutText,0.0,1.0,1.0,0.5,0.4966392596877323
q_1183,AliasAwareFusion,1.0,1.0,1.0,1.0,0.7871546029909718
q_1183,WithoutEntity,0.0,1.0,1.0,0.5,0.4966392596877323
q_1183,WithoutPhrase,1.0,1.0,1.0,1.0,0.7871546029909718
q_1183,WithoutText,0.0,0.0,1.0,0.1666666666666666,0.280390126950546
q_1184,AliasAwareFusion,1.0,1.0,1.0,1.0,0.7871546029909718
q_1184,WithoutEntity,1.0,1.0,1.0,1.0,0.7871546029909718
q_1184,WithoutPhrase,1.0,1.0,1.0,1.0,0.7871546029909718
q_1184,WithoutText,1.0,1.0,1.0,1.0,0.7871546029909718
q_1185,AliasAwareFusion,1.0,1.0,1.0,1.0,0.6735439182299784
q_1185,WithoutEntity,1.0,1.0,1.0,1.0,0.6735439182299784
q_1185,WithoutPhrase,1.0,1.0,1.0,1.0,0.6735439182299784
q_1185,WithoutText,0.0,1.0,1.0,0.5,0.42495889834839423
q_1186,AliasAwareFusion,1.0,1.0,1.0,1.0,0.7871546029909718
q_1186,WithoutEntity,1.0,1.0,1.0,1.0,0.7871546029909718
q_1186,WithoutPhrase,1.0,1.0,1.0,1.0,0.7871546029909718
q_1186,WithoutText,1.0,1.0,1.0,1.0,0.7871546029909718
q_1187,AliasAwareFusion,1.0,1.0,1.0,1.0,0.6735439182299784
q_1187,WithoutEntity,0.0,1.0,1.0,0.5,0.42495889834839423
q_1187,WithoutPhrase,1.0,1.0,1.0,1.0,0.6735439182299784
q_1187,WithoutText,1.0,1.0,1.0,1.0,0.6735439182299784
q_1188,AliasAwareFusion,1.0,1.0,1.0,1.0,0.7871546029909718
q_1188,WithoutEntity,1.0,1.0,1.0,1.0,0.7871546029909718
q_1188,WithoutPhrase,1.0,1.0,1.0,1.0,0.7871546029909718
q_1188,WithoutText,0.0,1.0,1.0,0.27777777777777773,0.35719845722368193
q_1189,AliasAwareFusion,0.0,0.0,0.0,0.0,0.0
q_1189,WithoutEntity,0.0,0.0,0.0,0.0,0.0
q_1189,WithoutPhrase,0.0,0.0,0.0,0.0,0.0
q_1189,WithoutText,0.0,0.0,1.0,0.1111111111111111,0.3010299956639812
q_1190,AliasAwareFusion,1.0,1.0,1.0,1.0,0.7871546029909718
q_1190,WithoutEntity,1.0,1.0,1.0,1.0,0.7871546029909718
q_1190,WithoutPhrase,1.0,1.0,1.0,1.0,0.7871546029909718
q_1190,WithoutText,1.0,1.0,1.0,1.0,0.7871546029909718
q_1191,AliasAwareFusion,1.0,1.0,1.0,1.0,1.0
q_1191,WithoutEntity,1.0,1.0,1.0,1.0,1.0
q_1191,WithoutPhrase,1.0,1.0,1.0,1.0,1.0
q_1191,WithoutText,0.0,1.0,1.0,0.5,0.5692897379691039
q_1192,AliasAwareFusion,1.0,1.0,1.0,1.0,0.7871546029909718
q_1192,WithoutEntity,1.0,1.0,1.0,1.0,0.7871546029909718
q_1192,WithoutPhrase,1.0,1.0,1.0,1.0,0.7871546029909718
q_1192,WithoutText,1.0,1.0,1.0,1.0,0.7871546029909718
q_1193,AliasAwareFusion,1.0,1.0,1.0,1.0,0.7871546029909718
q_1193,WithoutEntity,1.0,1.0,1.0,1.0,0.9073218002554916
q_1193,WithoutPhrase,1.0,1.0,1.0,1.0,0.7871546029909718
q_1193,WithoutText,1.0,1.0,1.0,1.0,0.7871546029909718
q_1194,AliasAwareFusion,1.0,1.0,1.0,1.0,0.9324441894571632
q_1194,WithoutEntity,1.0,1.0,1.0,1.0,0.7871546029909718
q_1194,WithoutPhrase,1.0,1.0,1.0,1.0,1.0
q_1194,WithoutText,1.0,1.0,1.0,1.0,0.7871546029909718
q_1195,AliasAwareFusion,1.0,1.0,1.0,1.0,0.7871546029909718
q_1195,WithoutEntity,1.0,1.0,1.0,1.0,0.7871546029909718
q_1195,WithoutPhrase,1.0,1.0,1.0,1.0,0.7871546029909718
q_1195,WithoutText,1.0,1.0,1.0,1.0,0.7871546029909718
q_1196,AliasAwareFusion,1.0,1.0,1.0,1.0,0.7871546029909718
q_1196,WithoutEntity,1.0,1.0,1.0,1.0,0.7871546029909718
q_1196,WithoutPhrase,1.0,1.0,1.0,1.0,0.7871546029909718
q_1196,WithoutText,1.0,1.0,1.0,1.0,0.7871546029909718
q_1197,AliasAwareFusion,1.0,1.0,1.0,1.0,0.6735439182299784
q_1197,WithoutEntity,1.0,1.0,1.0,1.0,0.6735439182299784
q_1197,WithoutPhrase,1.0,1.0,1.0,1.0,0.6735439182299784
q_1197,WithoutText,1.0,1.0,1.0,1.0,0.6735439182299784
q_1198,AliasAwareFusion,1.0,1.0,1.0,1.0,1.0
q_1198,WithoutEntity,1.0,1.0,1.0,1.0,1.0
q_1198,WithoutPhrase,1.0,1.0,1.0,1.0,1.0
q_1198,WithoutText,1.0,1.0,1.0,1.0,1.0
q_1199,AliasAwareFusion,0.0,1.0,1.0,0.3333333333333333,0.3367719591149892
q_1199,WithoutEntity,1.0,1.0,1.0,1.0,0.6735439182299784
q_1199,WithoutPhrase,0.0,1.0,1.0,0.3333333333333333,0.3367719591149892
q_1199,WithoutText,1.0,1.0,1.0,1.0,0.6735439182299784
q_1200,AliasAwareFusion,1.0,1.0,1.0,1.0,0.6735439182299784
q_1200,WithoutEntity,1.0,1.0,1.0,1.0,0.6735439182299784
q_1200,WithoutPhrase,1.0,1.0,1.0,1.0,0.6735439182299784
q_1200,WithoutText,1.0,1.0,1.0,1.0,0.6735439182299784
q_1201,AliasAwareFusion,1.0,1.0,1.0,1.0,0.7975784573686351
q_1201,WithoutEntity,0.0,0.0,0.0,0.0,0.0
q_1201,WithoutPhrase,1.0,1.0,1.0,1.0,0.8556691603792904
q_1201,WithoutText,0.0,0.0,0.0,0.0,0.09622055974713968
q_1202,AliasAwareFusion,0.0,1.0,1.0,0.25,0.290079576414554
q_1202,WithoutEntity,0.0,1.0,1.0,0.25,0.290079576414554
q_1202,WithoutPhrase,0.0,1.0,1.0,0.3333333333333333,0.3367719591149892
q_1202,WithoutText,0.0,0.0,0.0,0.0,0.11166958095557981
q_1203,AliasAwareFusion,1.0,1.0,1.0,1.0,0.7936469908574253
q_1203,WithoutEntity,1.0,1.0,1.0,1.0,0.7697644779771182
q_1203,WithoutPhrase,1.0,1.0,1.0,1.0,0.7604397422803805
q_1203,WithoutText,1.0,1.0,1.0,1.0,0.7646065393046344
q_1204,AliasAwareFusion,0.0,1.0,1.0,0.5,0.42495889834839423
q_1204,WithoutEntity,0.0,1.0,1.0,0.3333333333333333,0.3367719591149892
q_1204,WithoutPhrase,0.0,0.3333333333333333,1.0,0.17777777777777773,0.24680157485861742
q_1204,WithoutText,0.0,1.0,1.0,0.5,0.42495889834839423
q_1205,AliasAwareFusion,1.0,1.0,1.0,1.0,0.6735439182299784
q_1205,WithoutEntity,0.0,1.0,1.0,0.5,0.42495889834839423
q_1205,WithoutPhrase,0.3333333333333333,1.0,1.0,0.6666666666666666,0.5078205716422556
q_1205,WithoutText,0.0,1.0,1.0,0.5,0.42495889834839423
q_1206,AliasAwareFusion,1.0,1.0,1.0,1.0,0.6735439182299784
q_1206,WithoutEntity,1.0,1.0,1.0,1.0,0.6735439182299784
q_1206,WithoutPhrase,1.0,1.0,1.0,1.0,0.6735439182299784
q_1206,WithoutText,1.0,1.0,1.0,1.0,0.6735439182299784
q_1207,AliasAwareFusion,1.0,1.0,1.0,1.0,0.8556691603792904
q_1207,WithoutEntity,1.0,1.0,1.0,1.0,0.8556691603792904
q_1207,WithoutPhrase,1.0,1.0,1.0,1.0,0.8556691603792904
q_1207,WithoutText,1.0,1.0,1.0,1.0,0.8556691603792904
q_1208,AliasAwareFusion,1.0,1.0,1.0,1.0,0.6735439182299784
q_1208,WithoutEntity,1.0,1.0,1.0,1.0,0.8178747578506881
q_1208,WithoutPhrase,0.0,1.0,1.0,0.5,0.42495889834839423
q_1208,WithoutText,1.0,1.0,1.0,1.0,0.6735439182299784
q_1209,AliasAwareFusion,1.0,1.0,1.0,1.0,0.7871546029909718
q_1209,WithoutEntity,1.0,1.0,1.0,1.0,0.7871546029909718
q_1209,WithoutPhrase,1.0,1.0,1.0,1.0,0.7871546029909718
q_1209,WithoutText,1.0,1.0,1.0,1.0,0.7871546029909718
q_1210,AliasAwareFusion,0.0,0.0,0.0,0.0,0.0
q_1210,WithoutEntity,1.0,1.0,1.0,1.0,0.7604397422803805
q_1210,WithoutPhrase,0.0,0.0,0.0,0.0,0.0
q_1210,WithoutText,0.0,0.0,0.0,0.0,0.0
q_1211,AliasAwareFusion,1.0,1.0,1.0,1.0,0.7697644779771182
q_1211,WithoutEntity,1.0,1.0,1.0,1.0,0.6735439182299784
q_1211,WithoutPhrase,1.0,1.0,1.0,1.0,0.7680451650862903
q_1211,WithoutText,1.0,1.0,1.0,1.0,0.6735439182299784
q_1212,AliasAwareFusion,1.0,1.0,1.0,1.0,0.6735439182299784
q_1212,WithoutEntity,1.0,1.0,1.0,1.0,0.6735439182299784
q_1212,WithoutPhrase,1.0,1.0,1.0,1.0,0.6735439182299784
q_1212,WithoutText,0.0,1.0,1.0,0.3333333333333333,0.3367719591149892
q_1213,AliasAwareFusion,1.0,1.0,1.0,1.0,0.7871546029909718
q_1213,WithoutEntity,0.0,1.0,1.0,0.3333333333333333,0.3935773014954859
q_1213,WithoutPhrase,1.0,1.0,1.0,1.0,0.7871546029909718
q_1213,WithoutText,1.0,1.0,1.0,1.0,0.7871546029909718
q_1214,AliasAwareFusion,1.0,1.0,1.0,1.0,0.9176601606601068
q_1214,WithoutEntity,0.0,1.0,1.0,0.3333333333333333,0.3935773014954859
q_1214,WithoutPhrase,1.0,1.0,1.0,1.0,1.0
q_1214,WithoutText,1.0,1.0,1.0,1.0,0.7871546029909718
q_1215,AliasAwareFusion,1.0,1.0,1.0,1.0,0.6735439182299784
q_1215,WithoutEntity,1.0,1.0,1.0,1.0,0.9421945763140686
q_1215,WithoutPhrase,1.0,1.0,1.0,1.0,0.6735439182299784
q_1215,WithoutText,1.0,1.0,1.0,1.0,0.6735439182299784
q_1216,AliasAwareFusion,1.0,1.0,1.0,1.0,0.6735439182299784
q_1216,WithoutEntity,1.0,1.0,1.0,1.0,0.6735439182299784
q_1216,WithoutPhrase,1.0,1.0,1.0,1.0,0.6735439182299784
q_1216,WithoutText,1.0,1.0,1.0,1.0,0.6735439182299784
q_1217,AliasAwareFusion,1.0,1.0,1.0,1.0,0.7793160217408145
q_1217,WithoutEntity,1.0,1.0,1.0,1.0,0.7569858564045292
q_1217,WithoutPhrase,1.0,1.0,1.0,1.0,0.7646065393046344
q_1217,WithoutText,1.0,1.0,1.0,1.0,0.8304728920268888
q_1218,AliasAwareFusion,0.6666666666666666,1.0,1.0,0.75,0.6893107639835279
q_1218,WithoutEntity,1.0,1.0,1.0,1.0,0.7604397422803805
q_1218,WithoutPhrase,0.0,1.0,1.0,0.20000000000000004,0.3915525144121765
q_1218,WithoutText,0.0,0.0,0.3333333333333333,0.041666666666666664,0.2403535910311768
q_1219,AliasAwareFusion,1.0,1.0,1.0,1.0,0.6735439182299784
q_1219,WithoutEntity,1.0,1.0,1.0,1.0,0.6735439182299784
q_1219,WithoutPhrase,1.0,1.0,1.0,1.0,0.6735439182299784
q_1219,WithoutText,1.0,1.0,1.0,1.0,0.6735439182299784
q_1220,AliasAwareFusion,1.0,1.0,1.0,1.0,0.6735439182299784
q_1220,WithoutEntity,0.0,1.0,1.0,0.5,0.42495889834839423
q_1220,WithoutPhrase,1.0,1.0,1.0,1.0,0.6735439182299784
q_1220,WithoutText,0.0,1.0,1.0,0.3333333333333333,0.3367719591149892
q_1221,AliasAwareFusion,1.0,1.0,1.0,1.0,0.6735439182299784
q_1221,WithoutEntity,1.0,1.0,1.0,1.0,0.6735439182299784
q_1221,WithoutPhrase,1.0,1.0,1.0,1.0,0.6735439182299784
q_1221,WithoutText,1.0,1.0,1.0,1.0,0.6735439182299784
q_1222,AliasAwareFusion,1.0,1.0,1.0,1.0,0.6735439182299784
q_1222,WithoutEntity,1.0,1.0,1.0,1.0,0.6735439182299784
q_1222,WithoutPhrase,1.0,1.0,1.0,1.0,0.6735439182299784
q_1222,WithoutText,1.0,1.0,1.0,1.0,0.6735439182299784
q_1223,AliasAwareFusion,1.0,1.0,1.0,1.0,0.6735439182299784
q_1223,WithoutEntity,1.0,1.0,1.0,1.0,0.7763672830184426
q_1223,WithoutPhrase,1.0,1.0,1.0,1.0,0.6735439182299784
q_1223,WithoutText,0.0,1.0,1.0,0.5,0.42495889834839423
q_1224,AliasAwareFusion,1.0,1.0,1.0,1.0,0.6735439182299784
q_1224,WithoutEntity,1.0,1.0,1.0,1.0,0.6735439182299784
q_1224,WithoutPhrase,1.0,1.0,1.0,1.0,0.6735439182299784
q_1224,WithoutText,0.0,1.0,1.0,0.3333333333333333,0.3367719591149892
q_1225,AliasAwareFusion,1.0,1.0,1.0,1.0,0.75928844698843
q_1225,WithoutEntity,1.0,1.0,1.0,1.0,0.7646065393046344
q_1225,WithoutPhrase,1.0,1.0,1.0,1.0,0.6735439182299784
q_1225,WithoutText,0.0,0.3333333333333333,0.3333333333333333,0.06666666666666667,0.21219119452515053
q_1226,AliasAwareFusion,1.0,1.0,1.0,1.0,0.8178747578506881
q_1226,WithoutEntity,0.0,1.0,1.0,0.5,0.5692897379691039
q_1226,WithoutPhrase,1.0,1.0,1.0,1.0,0.8556691603792904
q_1226,WithoutText,0.0,0.0,1.0,0.11574074074074074,0.2905909983807477
q_1227,AliasAwareFusion,0.0,0.0,0.0,0.0,0.0
q_1227,WithoutEntity,1.0,1.0,1.0,1.0,0.6735439182299784
q_1227,WithoutPhrase,0.0,0.0,0.0,0.0,0.0
q_1227,WithoutText,0.0,0.0,0.0,0.0,0.0
q_1228,AliasAwareFusion,1.0,1.0,1.0,1.0,0.6735439182299784
q_1228,WithoutEntity,1.0,1.0,1.0,1.0,0.6735439182299784
q_1228,WithoutPhrase,1.0,1.0,1.0,1.0,0.6735439182299784
q_1228,WithoutText,1.0,1.0,1.0,1.0,0.6735439182299784
q_1229,AliasAwareFusion,0.0,1.0,1.0,0.25,0.290079576414554
q_1229,WithoutEntity,0.0,0.0,1.0,0.125,0.21247944917419712
q_1229,WithoutPhrase,0.0,1.0,1.0,0.5,0.42495889834839423
q_1229,WithoutText,0.0,0.0,0.0,0.0,0.0
q_1230,AliasAwareFusion,0.0,0.0,0.0,0.0,0.0
q_1230,WithoutEntity,0.0,0.0,0.0,0.0,0.0
q_1230,WithoutPhrase,0.0,1.0,1.0,0.5,0.4966392596877323
q_1230,WithoutText,0.0,0.0,0.0,0.0,0.0
q_1231,AliasAwareFusion,0.0,0.0,0.0,0.0,0.0
q_1231,WithoutEntity,0.0,0.0,0.0,0.0,0.0
q_1231,WithoutPhrase,0.0,0.0,0.0,0.0,0.0
q_1231,WithoutText,0.0,0.0,0.0,0.0,0.0
q_1232,AliasAwareFusion,1.0,1.0,1.0,1.0,0.6735439182299784
q_1232,WithoutEntity,0.0,0.0,0.0,0.0,0.0
q_1232,WithoutPhrase,1.0,1.0,1.0,1.0,0.6735439182299784
q_1232,WithoutText,0.0,1.0,1.0,0.4444444444444444,0.39556325193725916
q_1233,AliasAwareFusion,1.0,1.0,1.0,1.0,0.6735439182299784
q_1233,WithoutEntity,1.0,1.0,1.0,1.0,0.7646065393046344
q_1233,WithoutPhrase,1.0,1.0,1.0,1.0,0.6735439182299784
q_1233,WithoutText,0.6666666666666666,1.0,1.0,0.7777777777777777,0.5612865985249821
q_1234,AliasAwareFusion,1.0,1.0,1.0,1.0,0.6735439182299784
q_1234,WithoutEntity,1.0,1.0,1.0,1.0,0.6735439182299784
q_1234,WithoutPhrase,1.0,1.0,1.0,1.0,0.6735439182299784
q_1234,WithoutText,1.0,1.0,1.0,1.0,0.6735439182299784
q_1235,AliasAwareFusion,1.0,1.0,1.0,1.0,0.6735439182299784
q_1235,WithoutEntity,1.0,1.0,1.0,1.0,0.6735439182299784
q_1235,WithoutPhrase,1.0,1.0,1.0,1.0,0.6735439182299784
q_1235,WithoutText,1.0,1.0,1.0,1.0,0.6735439182299784
q_1236,AliasAwareFusion,1.0,1.0,1.0,1.0,0.6735439182299784
q_1236,WithoutEntity,0.0,1.0,1.0,0.5,0.42495889834839423
q_1236,WithoutPhrase,1.0,1.0,1.0,1.0,0.6735439182299784
q_1236,WithoutText,1.0,1.0,1.0,1.0,0.6735439182299784
q_1237,AliasAwareFusion,0.0,1.0,1.0,0.5,0.6014387463181591
q_1237,WithoutEntity,0.0,1.0,1.0,0.5,0.6030619581922464
q_1237,WithoutPhrase,0.0,1.0,1.0,0.5,0.6271448173568673
q_1237,WithoutText,0.0,0.0,0.3333333333333333,0.05555555555555553,0.09346337565018199
q_1238,AliasAwareFusion,1.0,1.0,1.0,1.0,0.914095317597828
q_1238,WithoutEntity,1.0,1.0,1.0,1.0,0.9421945763140686
q_1238,WithoutPhrase,1.0,1.0,1.0,1.0,0.8881054430254743
q_1238,WithoutText,0.0,0.0,0.0,0.0,0.0
q_1239,AliasAwareFusion,1.0,1.0,1.0,1.0,0.8178747578506881
q_1239,WithoutEntity,1.0,1.0,1.0,1.0,0.7852134991855584
q_1239,WithoutPhrase,1.0,1.0,1.0,1.0,0.8556691603792904
q_1239,WithoutText,1.0,1.0,1.0,1.0,0.6735439182299784
q_1240,AliasAwareFusion,1.0,1.0,1.0,1.0,0.6735439182299784
q_1240,WithoutEntity,1.0,1.0,1.0,1.0,0.6735439182299784
q_1240,WithoutPhrase,1.0,1.0,1.0,1.0,0.6735439182299784
q_1240,WithoutText,0.0,1.0,1.0,0.5,0.42495889834839423
q_1241,AliasAwareFusion,1.0,1.0,1.0,1.0,0.7978637366933587
q_1241,WithoutEntity,1.0,1.0,1.0,1.0,0.8556691603792904
q_1241,WithoutPhrase,1.0,1.0,1.0,1.0,0.7951676575070551
q_1241,WithoutText,1.0,1.0,1.0,1.0,0.6735439182299784
q_1242,AliasAwareFusion,1.0,1.0,1.0,1.0,0.6735439182299784
q_1242,WithoutEntity,1.0,1.0,1.0,1.0,0.6735439182299784
q_1242,WithoutPhrase,1.0,1.0,1.0,1.0,0.6735439182299784
q_1242,WithoutText,1.0,1.0,1.0,1.0,0.6735439182299784
q_1243,AliasAwareFusion,1.0,1.0,1.0,1.0,0.8556691603792904
q_1243,WithoutEntity,1.0,1.0,1.0,1.0,0.8178747578506881
q_1243,WithoutPhrase,1.0,1.0,1.0,1.0,0.8556691603792904
q_1243,WithoutText,1.0,1.0,1.0,1.0,0.6735439182299784
q_1244,AliasAwareFusion,1.0,1.0,1.0,1.0,1.0
q_1244,WithoutEntity,1.0,1.0,1.0,1.0,0.929544338806268
q_1244,WithoutPhrase,1.0,1.0,1.0,1.0,0.9866593192284471
q_1244,WithoutText,0.0,1.0,1.0,0.5,0.5692897379691039
q_1245,AliasAwareFusion,1.0,1.0,1.0,1.0,0.8556691603792904
q_1245,WithoutEntity,1.0,1.0,1.0,1.0,0.8556691603792904
q_1245,WithoutPhrase,1.0,1.0,1.0,1.0,0.8178747578506881
q_1245,WithoutText,1.0,1.0,1.0,1.0,0.7763672830184426
q_1246,AliasAwareFusion,1.0,1.0,1.0,1.0,0.7646065393046344
q_1246,WithoutEntity,1.0,1.0,1.0,1.0,0.6735439182299784
q_1246,WithoutPhrase,1.0,1.0,1.0,1.0,0.7632176069632165
q_1246,WithoutText,1.0,1.0,1.0,1.0,0.7697644779771182
q_1247,AliasAwareFusion,0.0,0.3333333333333333,1.0,0.17857142857142852,0.2463696184115132
q_1247,WithoutEntity,0.0,0.0,0.0,0.0,0.0
q_1247,WithoutPhrase,0.0,1.0,1.0,0.25,0.290079576414554
q_1247,WithoutText,0.6666666666666666,1.0,1.0,0.7777777777777777,0.5612865985249821
q_1248,AliasAwareFusion,1.0,1.0,1.0,1.0,0.7569858564045292
q_1248,WithoutEntity,1.0,1.0,1.0,1.0,0.6735439182299784
q_1248,WithoutPhrase,1.0,1.0,1.0,1.0,0.6735439182299784
q_1248,WithoutText,1.0,1.0,1.0,1.0,0.6735439182299784
q_1249,AliasAwareFusion,1.0,1.0,1.0,1.0,0.6735439182299784
q_1249,WithoutEntity,1.0,1.0,1.0,1.0,0.6735439182299784
q_1249,WithoutPhrase,1.0,1.0,1.0,1.0,0.6735439182299784
q_1249,WithoutText,1.0,1.0,1.0,1.0,0.6735439182299784
q_1250,AliasAwareFusion,0.0,1.0,1.0,0.5,0.5969194701945576
q_1250,WithoutEntity,0.0,1.0,1.0,0.5,0.6609482977673544
q_1250,WithoutPhrase,1.0,1.0,1.0,1.0,0.8047695596086827
q_1250,WithoutText,0.0,1.0,1.0,0.5,0.42495889834839423
q_1251,AliasAwareFusion,0.3333333333333333,1.0,1.0,0.6666666666666666,0.5934777074554788
q_1251,WithoutEntity,1.0,1.0,1.0,1.0,0.95583058934618
q_1251,WithoutPhrase,0.0,1.0,1.0,0.5,0.4966392596877323
q_1251,WithoutText,0.0,1.0,1.0,0.5,0.4966392596877323
q_1252,AliasAwareFusion,1.0,1.0,1.0,1.0,0.9547927104902691
q_1252,WithoutEntity,1.0,1.0,1.0,1.0,0.8889263577680148
q_1252,WithoutPhrase,1.0,1.0,1.0,1.0,0.9799889788426704
q_1252,WithoutText,0.0,0.0,0.0,0.0,0.0
q_1253,AliasAwareFusion,1.0,1.0,1.0,1.0,0.7783445125585837
q_1253,WithoutEntity,1.0,1.0,1.0,1.0,0.6735439182299784
q_1253,WithoutPhrase,1.0,1.0,1.0,1.0,0.8178747578506881
q_1253,WithoutText,1.0,1.0,1.0,1.0,0.6735439182299784
q_1254,AliasAwareFusion,1.0,1.0,1.0,1.0,0.7871546029909718
q_1254,WithoutEntity,1.0,1.0,1.0,1.0,0.7871546029909718
q_1254,WithoutPhrase,1.0,1.0,1.0,1.0,0.7871546029909718
q_1254,WithoutText,1.0,1.0,1.0,1.0,0.7871546029909718
q_1255,AliasAwareFusion,0.0,1.0,1.0,0.5,0.5160215194230502
q_1255,WithoutEntity,0.0,1.0,1.0,0.5,0.521179458095534
q_1255,WithoutPhrase,0.0,1.0,1.0,0.5,0.5160215194230502
q_1255,WithoutText,0.0,0.0,0.0,0.0,0.1821252421493118
q_1256,AliasAwareFusion,1.0,1.0,1.0,1.0,0.6735439182299784
q_1256,WithoutEntity,1.0,1.0,1.0,1.0,0.8178747578506881
q_1256,WithoutPhrase,1.0,1.0,1.0,1.0,0.6735439182299784
q_1256,WithoutText,1.0,1.0,1.0,1.0,0.6735439182299784
q_1257,AliasAwareFusion,1.0,1.0,1.0,1.0,0.6735439182299784
q_1257,WithoutEntity,1.0,1.0,1.0,1.0,0.6735439182299784
q_1257,WithoutPhrase,1.0,1.0,1.0,1.0,0.6735439182299784
q_1257,WithoutText,1.0,1.0,1.0,1.0,0.6735439182299784
q_1258,AliasAwareFusion,1.0,1.0,1.0,1.0,0.7871546029909718
q_1258,WithoutEntity,1.0,1.0,1.0,1.0,0.7871546029909718
q_1258,WithoutPhrase,1.0,1.0,1.0,1.0,0.7871546029909718
q_1258,WithoutText,0.6666666666666666,0.6666666666666666,1.0,0.7222222222222222,0.6182331109774966
q_1259,AliasAwareFusion,1.0,1.0,1.0,1.0,0.7604397422803805
q_1259,WithoutEntity,1.0,1.0,1.0,1.0,0.7852134991855584
q_1259,WithoutPhrase,1.0,1.0,1.0,1.0,0.7697644779771182
q_1259,WithoutText,1.0,1.0,1.0,1.0,0.6735439182299784
q_1260,AliasAwareFusion,1.0,1.0,1.0,1.0,0.6735439182299784
q_1260,WithoutEntity,1.0,1.0,1.0,1.0,0.6735439182299784
q_1260,WithoutPhrase,1.0,1.0,1.0,1.0,0.6735439182299784
q_1260,WithoutText,0.0,0.6666666666666666,0.6666666666666666,0.15,0.18354731065919125
q_1261,AliasAwareFusion,1.0,1.0,1.0,1.0,0.6735439182299784
q_1261,WithoutEntity,1.0,1.0,1.0,1.0,0.6735439182299784
q_1261,WithoutPhrase,1.0,1.0,1.0,1.0,0.6735439182299784
q_1261,WithoutText,1.0,1.0,1.0,1.0,0.6735439182299784
q_1262,AliasAwareFusion,0.0,0.0,0.0,0.0,0.0
q_1262,WithoutEntity,0.0,0.0,0.0,0.0,0.0
q_1262,WithoutPhrase,0.0,0.0,0.0,0.0,0.0
q_1262,WithoutText,0.0,0.0,0.0,0.0,0.0
q_1263,AliasAwareFusion,1.0,1.0,1.0,1.0,0.6735439182299784
q_1263,WithoutEntity,0.0,0.0,1.0,0.1428571428571428,0.2245146394099928
q_1263,WithoutPhrase,0.0,1.0,1.0,0.20000000000000004,0.2605623555630197
q_1263,WithoutText,1.0,1.0,1.0,1.0,0.6735439182299784
q_1264,AliasAwareFusion,0.0,1.0,1.0,0.3333333333333333,0.3367719591149892
q_1264,WithoutEntity,0.0,1.0,1.0,0.3333333333333333,0.3367719591149892
q_1264,WithoutPhrase,0.0,1.0,1.0,0.25,0.290079576414554
q_1264,WithoutText,1.0,1.0,1.0,1.0,0.6735439182299784
q_1265,AliasAwareFusion,1.0,1.0,1.0,1.0,0.6735439182299784
q_1265,WithoutEntity,1.0,1.0,1.0,1.0,0.6735439182299784
q_1265,WithoutPhrase,1.0,1.0,1.0,1.0,0.6735439182299784
q_1265,WithoutText,1.0,1.0,1.0,1.0,0.6735439182299784
q_1266,AliasAwareFusion,0.0,1.0,1.0,0.5,0.42495889834839423
q_1266,WithoutEntity,0.0,0.0,1.0,0.1666666666666666,0.2399211845064163
q_1266,WithoutPhrase,0.0,1.0,1.0,0.3333333333333333,0.3367719591149892
q_1266,WithoutText,1.0,1.0,1.0,1.0,0.6735439182299784
q_1267,AliasAwareFusion,0.0,1.0,1.0,0.2333333333333333,0.28024050279737595
q_1267,WithoutEntity,0.0,0.0,0.0,0.0,0.08689582405040201
q_1267,WithoutPhrase,0.0,1.0,1.0,0.5,0.42495889834839423
q_1267,WithoutText,0.0,0.0,0.0,0.0,0.0
q_1268,AliasAwareFusion,1.0,1.0,1.0,1.0,0.8178747578506881
q_1268,WithoutEntity,0.0,1.0,1.0,0.5,0.6721131027575681
q_1268,WithoutPhrase,1.0,1.0,1.0,1.0,0.7852134991855584
q_1268,WithoutText,0.0,0.0,0.0,0.0,0.1243198184633803
q_1269,AliasAwareFusion,1.0,1.0,1.0,1.0,0.7871546029909718
q_1269,WithoutEntity,0.0,1.0,1.0,0.5,0.4966392596877323
q_1269,WithoutPhrase,1.0,1.0,1.0,1.0,0.7871546029909718
q_1269,WithoutText,1.0,1.0,1.0,1.0,0.7871546029909718
q_1270,AliasAwareFusion,1.0,1.0,1.0,1.0,0.6735439182299784
q_1270,WithoutEntity,1.0,1.0,1.0,1.0,0.6735439182299784
q_1270,WithoutPhrase,1.0,1.0,1.0,1.0,0.6735439182299784
q_1270,WithoutText,1.0,1.0,1.0,1.0,0.6735439182299784
q_1271,AliasAwareFusion,0.0,1.0,1.0,0.5,0.42495889834839423
q_1271,WithoutEntity,0.0,1.0,1.0,0.5,0.42495889834839423
q_1271,WithoutPhrase,0.0,1.0,1.0,0.5,0.5160215194230502
q_1271,WithoutText,0.0,0.0,0.3333333333333333,0.037037037037037035,0.06758564092809043
q_1272,AliasAwareFusion,1.0,1.0,1.0,1.0,1.0
q_1272,WithoutEntity,1.0,1.0,1.0,1.0,0.9673387413348701
q_1272,WithoutPhrase,1.0,1.0,1.0,1.0,0.9933296596142235
q_1272,WithoutText,1.0,1.0,1.0,1.0,0.7314744675969131
q_1273,AliasAwareFusion,1.0,1.0,1.0,1.0,0.8556691603792904
q_1273,WithoutEntity,1.0,1.0,1.0,1.0,0.8556691603792904
q_1273,WithoutPhrase,1.0,1.0,1.0,1.0,0.8556691603792904
q_1273,WithoutText,1.0,1.0,1.0,1.0,0.7606773793298481
q_1274,AliasAwareFusion,1.0,1.0,1.0,1.0,0.7871546029909718
q_1274,WithoutEntity,1.0,1.0,1.0,1.0,0.7871546029909718
q_1274,WithoutPhrase,1.0,1.0,1.0,1.0,0.7871546029909718
q_1274,WithoutText,1.0,1.0,1.0,1.0,0.7871546029909718
q_1275,AliasAwareFusion,1.0,1.0,1.0,1.0,0.6735439182299784
q_1275,WithoutEntity,1.0,1.0,1.0,1.0,0.6735439182299784
q_1275,WithoutPhrase,1.0,1.0,1.0,1.0,0.6735439182299784
q_1275,WithoutText,0.0,1.0,1.0,0.2888888888888889,0.3113687579309994
q_1276,AliasAwareFusion,1.0,1.0,1.0,1.0,0.7871546029909718
q_1276,WithoutEntity,1.0,1.0,1.0,1.0,0.7871546029909718
q_1276,WithoutPhrase,1.0,1.0,1.0,1.0,0.7871546029909718
q_1276,WithoutText,1.0,1.0,1.0,1.0,0.7871546029909718
q_1277,AliasAwareFusion,1.0,1.0,1.0,1.0,0.8178747578506881
q_1277,WithoutEntity,1.0,1.0,1.0,1.0,0.7852134991855584
q_1277,WithoutPhrase,1.0,1.0,1.0,1.0,0.8178747578506881
q_1277,WithoutText,0.0,1.0,1.0,0.5,0.42495889834839423
q_1278,AliasAwareFusion,1.0,1.0,1.0,1.0,0.7871546029909718
q_1278,WithoutEntity,1.0,1.0,1.0,1.0,0.7871546029909718
q_1278,WithoutPhrase,1.0,1.0,1.0,1.0,0.7871546029909718
q_1278,WithoutText,1.0,1.0,1.0,1.0,0.7871546029909718
q_1279,AliasAwareFusion,1.0,1.0,1.0,1.0,0.6735439182299784
q_1279,WithoutEntity,0.0,0.0,0.0,0.0,0.0
q_1279,WithoutPhrase,1.0,1.0,1.0,1.0,0.6735439182299784
q_1279,WithoutText,0.0,0.0,1.0,0.11574074074074074,0.20599776491424657
q_1280,AliasAwareFusion,1.0,1.0,1.0,1.0,0.8246381555143514
q_1280,WithoutEntity,1.0,1.0,1.0,1.0,0.7871546029909718
q_1280,WithoutPhrase,1.0,1.0,1.0,1.0,0.7871546029909718
q_1280,WithoutText,1.0,1.0,1.0,1.0,0.7871546029909718
q_1281,AliasAwareFusion,1.0,1.0,1.0,1.0,1.0
q_1281,WithoutEntity,1.0,1.0,1.0,1.0,1.0
q_1281,WithoutPhrase,1.0,1.0,1.0,1.0,1.0
q_1281,WithoutText,0.0,1.0,1.0,0.25,0.5518544320968081
q_1282,AliasAwareFusion,1.0,1.0,1.0,1.0,0.8556691603792904
q_1282,WithoutEntity,1.0,1.0,1.0,1.0,0.9673387413348701
q_1282,WithoutPhrase,1.0,1.0,1.0,1.0,0.8556691603792904
q_1282,WithoutText,1.0,1.0,1.0,1.0,0.8556691603792904
q_1283,AliasAwareFusion,1.0,1.0,1.0,1.0,0.7871546029909718
q_1283,WithoutEntity,1.0,1.0,1.0,1.0,0.95583058934618
q_1283,WithoutPhrase,1.0,1.0,1.0,1.0,0.7871546029909718
q_1283,WithoutText,1.0,1.0,1.0,1.0,0.7871546029909718
q_1284,AliasAwareFusion,1.0,1.0,1.0,1.0,0.6735439182299784
q_1284,WithoutEntity,1.0,1.0,1.0,1.0,0.6735439182299784
q_1284,WithoutPhrase,1.0,1.0,1.0,1.0,0.6735439182299784
q_1284,WithoutText,0.0,0.0,0.6666666666666666,0.07037037037037037,0.13248492617496319
q_1285,AliasAwareFusion,1.0,1.0,1.0,1.0,0.7871546029909718
q_1285,WithoutEntity,0.0,0.0,0.0,0.0,0.0
q_1285,WithoutPhrase,1.0,1.0,1.0,1.0,0.7871546029909718
q_1285,WithoutText,0.0,0.0,1.0,0.1666666666666666,0.280390126950546
q_1286,AliasAwareFusion,1.0,1.0,1.0,1.0,0.8178747578506881
q_1286,WithoutEntity,1.0,1.0,1.0,1.0,0.8556691603792904
q_1286,WithoutPhrase,1.0,1.0,1.0,1.0,0.7677058724666966
q_1286,WithoutText,0.0,1.0,1.0,0.2333333333333333,0.5689021820387953
q_1287,AliasAwareFusion,1.0,1.0,1.0,1.0,0.792059412274809
q_1287,WithoutEntity,1.0,1.0,1.0,1.0,0.8556691603792904
q_1287,WithoutPhrase,1.0,1.0,1.0,1.0,0.6735439182299784
q_1287,WithoutText,0.0,1.0,1.0,0.5,0.42495889834839423
q_1288,AliasAwareFusion,1.0,1.0,1.0,1.0,0.6735439182299784
q_1288,WithoutEntity,1.0,1.0,1.0,1.0,0.7763672830184426
q_1288,WithoutPhrase,1.0,1.0,1.0,1.0,0.6735439182299784
q_1288,WithoutText,1.0,1.0,1.0,1.0,0.6735439182299784
q_1289,AliasAwareFusion,1.0,1.0,1.0,1.0,0.6735439182299784
q_1289,WithoutEntity,0.0,1.0,1.0,0.5,0.42495889834839423
q_1289,WithoutPhrase,1.0,1.0,1.0,1.0,0.6735439182299784
q_1289,WithoutText,1.0,1.0,1.0,1.0,0.6735439182299784
q_1290,AliasAwareFusion,1.0,1.0,1.0,1.0,0.95583058934618
q_1290,WithoutEntity,1.0,1.0,1.0,1.0,0.7871546029909718
q_1290,WithoutPhrase,1.0,1.0,1.0,1.0,0.95583058934618
q_1290,WithoutText,1.0,1.0,1.0,1.0,0.8903308777473113
q_1291,AliasAwareFusion,1.0,1.0,1.0,1.0,0.6735439182299784
q_1291,WithoutEntity,1.0,1.0,1.0,1.0,0.7763672830184426
q_1291,WithoutPhrase,1.0,1.0,1.0,1.0,0.6735439182299784
q_1291,WithoutText,1.0,1.0,1.0,1.0,0.6735439182299784
q_1292,AliasAwareFusion,1.0,1.0,1.0,1.0,0.8178747578506881
q_1292,WithoutEntity,1.0,1.0,1.0,1.0,0.7978637366933587
q_1292,WithoutPhrase,1.0,1.0,1.0,1.0,0.8178747578506881
q_1292,WithoutText,0.0,1.0,1.0,0.3333333333333333,0.4395953239034533
q_1293,AliasAwareFusion,1.0,1.0,1.0,1.0,0.6735439182299784
q_1293,WithoutEntity,1.0,1.0,1.0,1.0,0.6735439182299784
q_1293,WithoutPhrase,1.0,1.0,1.0,1.0,0.6735439182299784
q_1293,WithoutText,1.0,1.0,1.0,1.0,0.6735439182299784
q_1294,AliasAwareFusion,1.0,1.0,1.0,1.0,0.6735439182299784
q_1294,WithoutEntity,1.0,1.0,1.0,1.0,0.7763672830184426
q_1294,WithoutPhrase,1.0,1.0,1.0,1.0,0.6735439182299784
q_1294,WithoutText,1.0,1.0,1.0,1.0,0.6735439182299784
q_1295,AliasAwareFusion,1.0,1.0,1.0,1.0,0.7871546029909718
q_1295,WithoutEntity,1.0,1.0,1.0,1.0,0.7871546029909718
q_1295,WithoutPhrase,1.0,1.0,1.0,1.0,0.7871546029909718
q_1295,WithoutText,0.0,1.0,1.0,0.3611111111111111,0.40974186542366603
q_1296,AliasAwareFusion,1.0,1.0,1.0,1.0,0.6735439182299784
q_1296,WithoutEntity,1.0,1.0,1.0,1.0,0.6735439182299784
q_1296,WithoutPhrase,1.0,1.0,1.0,1.0,0.6735439182299784
q_1296,WithoutText,1.0,1.0,1.0,1.0,0.6735439182299784
q_1297,AliasAwareFusion,1.0,1.0,1.0,1.0,0.6735439182299784
q_1297,WithoutEntity,0.0,1.0,1.0,0.5,0.42495889834839423
q_1297,WithoutPhrase,1.0,1.0,1.0,1.0,0.6735439182299784
q_1297,WithoutText,1.0,1.0,1.0,1.0,0.6735439182299784
q_1298,AliasAwareFusion,1.0,1.0,1.0,1.0,0.8178747578506881
q_1298,WithoutEntity,1.0,1.0,1.0,1.0,0.7978637366933587
q_1298,WithoutPhrase,1.0,1.0,1.0,1.0,0.9206981226391524
q_1298,WithoutText,0.0,1.0,1.0,0.20000000000000004,0.2605623555630197
q_1299,AliasAwareFusion,1.0,1.0,1.0,1.0,0.9324441894571632
q_1299,WithoutEntity,1.0,1.0,1.0,1.0,0.7871546029909718
q_1299,WithoutPhrase,1.0,1.0,1.0,1.0,0.9324441894571632
q_1299,WithoutText,1.0,1.0,1.0,1.0,0.9073218002554916
q_1300,AliasAwareFusion,1.0,1.0,1.0,1.0,0.6735439182299784
q_1300,WithoutEntity,1.0,1.0,1.0,1.0,0.6735439182299784
q_1300,WithoutPhrase,1.0,1.0,1.0,1.0,0.6735439182299784
q_1300,WithoutText,1.0,1.0,1.0,1.0,0.7978637366933587
q_1301,AliasAwareFusion,1.0,1.0,1.0,1.0,0.8556691603792904
q_1301,WithoutEntity,1.0,1.0,1.0,1.0,0.8178747578506881
q_1301,WithoutPhrase,1.0,1.0,1.0,1.0,0.8556691603792904
q_1301,WithoutText,1.0,1.0,1.0,1.0,0.7724470351138398
q_1302,AliasAwareFusion,1.0,1.0,1.0,1.0,0.6735439182299784
q_1302,WithoutEntity,1.0,1.0,1.0,1.0,0.6735439182299784
q_1302,WithoutPhrase,1.0,1.0,1.0,1.0,0.6735439182299784
q_1302,WithoutText,0.0,1.0,1.0,0.3333333333333333,0.3367719591149892
q_1303,AliasAwareFusion,1.0,1.0,1.0,1.0,0.6735439182299784
q_1303,WithoutEntity,1.0,1.0,1.0,1.0,0.6735439182299784
q_1303,WithoutPhrase,1.0,1.0,1.0,1.0,0.6735439182299784
q_1303,WithoutText,1.0,1.0,1.0,1.0,0.6735439182299784
q_1304,AliasAwareFusion,1.0,1.0,1.0,1.0,1.0
q_1304,WithoutEntity,1.0,1.0,1.0,1.0,1.0
q_1304,WithoutPhrase,1.0,1.0,1.0,1.0,1.0
q_1304,WithoutText,0.0,1.0,1.0,0.4444444444444444,0.5927908312927852
q_1305,AliasAwareFusion,1.0,1.0,1.0,1.0,0.6735439182299784
q_1305,WithoutEntity,1.0,1.0,1.0,1.0,0.6735439182299784
q_1305,WithoutPhrase,1.0,1.0,1.0,1.0,0.6735439182299784
q_1305,WithoutText,1.0,1.0,1.0,1.0,0.6735439182299784
q_1306,AliasAwareFusion,0.0,0.6666666666666666,1.0,0.17037037037037037,0.281994360838184
q_1306,WithoutEntity,1.0,1.0,1.0,1.0,0.7871546029909718
q_1306,WithoutPhrase,0.0,0.0,0.0,0.0,0.0
q_1306,WithoutText,0.0,0.0,0.0,0.0,0.0
q_1307,AliasAwareFusion,0.0,0.0,1.0,0.1666666666666666,0.2399211845064163
q_1307,WithoutEntity,0.0,0.0,1.0,0.10000000000000002,0.1946978557406183
q_1307,WithoutPhrase,0.0,0.0,1.0,0.125,0.3087000089213368
q_1307,WithoutText,0.0,1.0,1.0,0.5,0.42495889834839423
q_1308,AliasAwareFusion,1.0,1.0,1.0,1.0,0.6735439182299784
q_1308,WithoutEntity,1.0,1.0,1.0,1.0,0.6735439182299784
q_1308,WithoutPhrase,1.0,1.0,1.0,1.0,0.6735439182299784
q_1308,WithoutText,1.0,1.0,1.0,1.0,0.6735439182299784
q_1309,AliasAwareFusion,1.0,1.0,1.0,1.0,0.8556691603792904
q_1309,WithoutEntity,1.0,1.0,1.0,1.0,0.6735439182299784
q_1309,WithoutPhrase,1.0,1.0,1.0,1.0,0.8556691603792904
q_1309,WithoutText,1.0,1.0,1.0,1.0,0.8178747578506881
q_1310,AliasAwareFusion,1.0,1.0,1.0,1.0,0.7871546029909718
q_1310,WithoutEntity,1.0,1.0,1.0,1.0,0.7871546029909718
q_1310,WithoutPhrase,1.0,1.0,1.0,1.0,0.7871546029909718
q_1310,WithoutText,1.0,1.0,1.0,1.0,0.7871546029909718
q_1311,AliasAwareFusion,1.0,1.0,1.0,1.0,0.6735439182299784
q_1311,WithoutEntity,1.0,1.0,1.0,1.0,0.6735439182299784
q_1311,WithoutPhrase,1.0,1.0,1.0,1.0,0.6735439182299784
q_1311,WithoutText,1.0,1.0,1.0,1.0,0.6735439182299784
q_1312,AliasAwareFusion,1.0,1.0,1.0,1.0,0.6735439182299784
q_1312,WithoutEntity,1.0,1.0,1.0,1.0,0.6735439182299784
q_1312,WithoutPhrase,1.0,1.0,1.0,1.0,0.6735439182299784
q_1312,WithoutText,1.0,1.0,1.0,1.0,0.6735439182299784
q_1313,AliasAwareFusion,1.0,1.0,1.0,1.0,0.7871546029909718
q_1313,WithoutEntity,1.0,1.0,1.0,1.0,0.7871546029909718
q_1313,WithoutPhrase,1.0,1.0,1.0,1.0,0.7871546029909718
q_1313,WithoutText,1.0,1.0,1.0,1.0,0.7871546029909718
q_1314,AliasAwareFusion,1.0,1.0,1.0,1.0,0.6735439182299784
q_1314,WithoutEntity,1.0,1.0,1.0,1.0,0.6735439182299784
q_1314,WithoutPhrase,0.6666666666666666,1.0,1.0,0.8333333333333334,0.590682244936117
q_1314,WithoutText,0.0,0.3333333333333333,0.6666666666666666,0.10833333333333334,0.15768060157907227
q_1315,AliasAwareFusion,1.0,1.0,1.0,1.0,0.6735439182299784
q_1315,WithoutEntity,1.0,1.0,1.0,1.0,0.6735439182299784
q_1315,WithoutPhrase,1.0,1.0,1.0,1.0,0.6735439182299784
q_1315,WithoutText,1.0,1.0,1.0,1.0,0.6735439182299784
q_1316,AliasAwareFusion,1.0,1.0,1.0,1.0,0.6735439182299784
q_1316,WithoutEntity,1.0,1.0,1.0,1.0,0.6735439182299784
q_1316,WithoutPhrase,1.0,1.0,1.0,1.0,0.6735439182299784
q_1316,WithoutText,0.0,1.0,1.0,0.25,0.290079576414554
q_1317,AliasAwareFusion,1.0,1.0,1.0,1.0,0.8178747578506881
q_1317,WithoutEntity,1.0,1.0,1.0,1.0,0.8178747578506881
q_1317,WithoutPhrase,1.0,1.0,1.0,1.0,0.7852134991855584
q_1317,WithoutText,1.0,1.0,1.0,1.0,0.7978637366933587
q_1318,AliasAwareFusion,1.0,1.0,1.0,1.0,0.6735439182299784
q_1318,WithoutEntity,1.0,1.0,1.0,1.0,0.6735439182299784
q_1318,WithoutPhrase,1.0,1.0,1.0,1.0,0.6735439182299784
q_1318,WithoutText,1.0,1.0,1.0,1.0,0.6735439182299784
q_1319,AliasAwareFusion,1.0,1.0,1.0,1.0,0.7871546029909718
q_1319,WithoutEntity,0.0,0.0,1.0,0.1428571428571428,0.2623848676636572
q_1319,WithoutPhrase,1.0,1.0,1.0,1.0,0.7871546029909718
q_1319,WithoutText,1.0,1.0,1.0,1.0,0.7871546029909718
q_1320,AliasAwareFusion,1.0,1.0,1.0,1.0,0.6735439182299784
q_1320,WithoutEntity,1.0,1.0,1.0,1.0,0.8556691603792904
q_1320,WithoutPhrase,1.0,1.0,1.0,1.0,0.6735439182299784
q_1320,WithoutText,1.0,1.0,1.0,1.0,0.6735439182299784
q_1321,AliasAwareFusion,1.0,1.0,1.0,1.0,0.9480351227165077
q_1321,WithoutEntity,1.0,1.0,1.0,1.0,0.9073218002554916
q_1321,WithoutPhrase,1.0,1.0,1.0,1.0,0.9324441894571632
q_1321,WithoutText,0.0,1.0,1.0,0.5,0.4966392596877323
q_1322,AliasAwareFusion,1.0,1.0,1.0,1.0,0.6735439182299784
q_1322,WithoutEntity,0.0,0.0,0.0,0.0,0.0
q_1322,WithoutPhrase,1.0,1.0,1.0,1.0,0.6735439182299784
q_1322,WithoutText,0.0,0.0,1.0,0.1428571428571428,0.2245146394099928
q_1323,AliasAwareFusion,1.0,1.0,1.0,1.0,0.8537896938447419
q_1323,WithoutEntity,1.0,1.0,1.0,1.0,0.860827099051774
q_1323,WithoutPhrase,1.0,1.0,1.0,1.0,0.6735439182299784
q_1323,WithoutText,1.0,1.0,1.0,1.0,0.7978637366933587
q_1324,AliasAwareFusion,0.0,0.0,0.0,0.0,0.0
q_1324,WithoutEntity,0.0,0.0,0.0,0.0,0.0
q_1324,WithoutPhrase,0.0,0.0,0.0,0.0,0.0
q_1324,WithoutText,0.0,0.0,0.0,0.0,0.0
q_1325,AliasAwareFusion,1.0,1.0,1.0,1.0,0.6735439182299784
q_1325,WithoutEntity,1.0,1.0,1.0,1.0,0.6735439182299784
q_1325,WithoutPhrase,1.0,1.0,1.0,1.0,0.6735439182299784
q_1325,WithoutText,1.0,1.0,1.0,1.0,0.6735439182299784
q_1326,AliasAwareFusion,1.0,1.0,1.0,1.0,0.7871546029909718
q_1326,WithoutEntity,1.0,1.0,1.0,1.0,0.7871546029909718
q_1326,WithoutPhrase,1.0,1.0,1.0,1.0,0.7871546029909718
q_1326,WithoutText,1.0,1.0,1.0,1.0,0.7871546029909718
q_1327,AliasAwareFusion,0.0,1.0,1.0,0.3333333333333333,0.6254336383564085
q_1327,WithoutEntity,0.0,1.0,1.0,0.3333333333333333,0.6254336383564085
q_1327,WithoutPhrase,0.0,1.0,1.0,0.3333333333333333,0.7164962594310645
q_1327,WithoutText,0.0,1.0,1.0,0.5,0.5107034271068458
q_1328,AliasAwareFusion,0.0,1.0,1.0,0.5,0.42495889834839423
q_1328,WithoutEntity,1.0,1.0,1.0,1.0,0.6735439182299784
q_1328,WithoutPhrase,0.0,1.0,1.0,0.5,0.42495889834839423
q_1328,WithoutText,0.0,0.0,0.0,0.0,0.0
q_1329,AliasAwareFusion,1.0,1.0,1.0,1.0,0.6735439182299784
q_1329,WithoutEntity,1.0,1.0,1.0,1.0,0.6735439182299784
q_1329,WithoutPhrase,0.0,1.0,1.0,0.3333333333333333,0.3367719591149892
q_1329,WithoutText,0.0,1.0,1.0,0.5,0.42495889834839423
q_1330,AliasAwareFusion,0.0,1.0,1.0,0.5,0.8339912323981488
q_1330,WithoutEntity,0.0,0.0,1.0,0.1666666666666666,0.6177420996609625
q_1330,WithoutPhrase,0.0,1.0,1.0,0.5,0.8339912323981488
q_1330,WithoutText,1.0,1.0,1.0,1.0,1.0
q_1331,AliasAwareFusion,1.0,1.0,1.0,1.0,0.6735439182299784
q_1331,WithoutEntity,1.0,1.0,1.0,1.0,0.6735439182299784
q_1331,WithoutPhrase,1.0,1.0,1.0,1.0,0.6735439182299784
q_1331,WithoutText,1.0,1.0,1.0,1.0,0.6735439182299784
q_1332,AliasAwareFusion,1.0,1.0,1.0,1.0,0.7871546029909718
q_1332,WithoutEntity,1.0,1.0,1.0,1.0,0.7871546029909718
q_1332,WithoutPhrase,1.0,1.0,1.0,1.0,0.7871546029909718
q_1332,WithoutText,1.0,1.0,1.0,1.0,0.7871546029909718
q_1333,AliasAwareFusion,1.0,1.0,1.0,1.0,0.6735439182299784
q_1333,WithoutEntity,1.0,1.0,1.0,1.0,0.7697644779771182
q_1333,WithoutPhrase,1.0,1.0,1.0,1.0,0.6735439182299784
q_1333,WithoutText,0.6666666666666666,1.0,1.0,0.7777777777777777,0.5612865985249821
q_1334,AliasAwareFusion,0.0,0.6666666666666666,1.0,0.23611111111111108,0.27977699490124674
q_1334,WithoutEntity,1.0,1.0,1.0,1.0,0.6735439182299784
q_1334,WithoutPhrase,0.0,0.0,0.0,0.0,0.0
q_1334,WithoutText,0.0,0.0,0.3333333333333333,0.03333333333333333,0.06489928524687276
q_1335,AliasAwareFusion,0.0,0.0,0.0,0.0,0.0
q_1335,WithoutEntity,0.0,0.0,0.0,0.0,0.0
q_1335,WithoutPhrase,0.0,0.0,0.0,0.0,0.0
q_1335,WithoutText,0.0,0.0,0.0,0.0,0.0
q_1336,AliasAwareFusion,1.0,1.0,1.0,1.0,0.6735439182299784
q_1336,WithoutEntity,1.0,1.0,1.0,1.0,0.6735439182299784
q_1336,WithoutPhrase,1.0,1.0,1.0,1.0,0.6735439182299784
q_1336,WithoutText,1.0,1.0,1.0,1.0,0.6735439182299784
q_1337,AliasAwareFusion,1.0,1.0,1.0,1.0,0.7871546029909718
q_1337,WithoutEntity,1.0,1.0,1.0,1.0,0.7871546029909718
q_1337,WithoutPhrase,1.0,1.0,1.0,1.0,0.7871546029909718
q_1337,WithoutText,0.0,0.0,1.0,0.15277777777777773,0.26969996124831935
q_1338,AliasAwareFusion,1.0,1.0,1.0,1.0,0.6735439182299784
q_1338,WithoutEntity,0.0,1.0,1.0,0.25,0.290079576414554
q_1338,WithoutPhrase,1.0,1.0,1.0,1.0,0.6735439182299784
q_1338,WithoutText,1.0,1.0,1.0,1.0,0.6735439182299784
q_1339,AliasAwareFusion,1.0,1.0,1.0,1.0,0.6735439182299784
q_1339,WithoutEntity,1.0,1.0,1.0,1.0,0.6735439182299784
q_1339,WithoutPhrase,1.0,1.0,1.0,1.0,0.6735439182299784
q_1339,WithoutText,1.0,1.0,1.0,1.0,0.6735439182299784
q_1340,AliasAwareFusion,1.0,1.0,1.0,1.0,0.6735439182299784
q_1340,WithoutEntity,1.0,1.0,1.0,1.0,0.6735439182299784
q_1340,WithoutPhrase,1.0,1.0,1.0,1.0,0.6735439182299784
q_1340,WithoutText,1.0,1.0,1.0,1.0,0.6735439182299784
q_1341,AliasAwareFusion,1.0,1.0,1.0,1.0,0.6735439182299784
q_1341,WithoutEntity,0.0,1.0,1.0,0.5,0.42495889834839423
q_1341,WithoutPhrase,1.0,1.0,1.0,1.0,0.6735439182299784
q_1341,WithoutText,1.0,1.0,1.0,1.0,0.6735439182299784
q_1342,AliasAwareFusion,0.0,1.0,1.0,0.5,0.42495889834839423
q_1342,WithoutEntity,0.0,0.0,1.0,0.1428571428571428,0.2245146394099928
q_1342,WithoutPhrase,0.6666666666666666,1.0,1.0,0.8333333333333334,0.590682244936117
q_1342,WithoutText,1.0,1.0,1.0,1.0,0.6735439182299784
q_1343,AliasAwareFusion,1.0,1.0,1.0,1.0,0.7871546029909718
q_1343,WithoutEntity,1.0,1.0,1.0,1.0,0.7871546029909718
q_1343,WithoutPhrase,1.0,1.0,1.0,1.0,0.7871546029909718
q_1343,WithoutText,1.0,1.0,1.0,1.0,0.7871546029909718
q_1344,AliasAwareFusion,1.0,1.0,1.0,1.0,0.6735439182299784
q_1344,WithoutEntity,1.0,1.0,1.0,1.0,0.6735439182299784
q_1344,WithoutPhrase,1.0,1.0,1.0,1.0,0.6735439182299784
q_1344,WithoutText,0.0,1.0,1.0,0.5,0.42495889834839423
q_1345,AliasAwareFusion,1.0,1.0,1.0,1.0,0.6735439182299784
q_1345,WithoutEntity,1.0,1.0,1.0,1.0,0.6735439182299784
q_1345,WithoutPhrase,1.0,1.0,1.0,1.0,0.6735439182299784
q_1345,WithoutText,0.0,0.0,1.0,0.125,0.21247944917419712
q_1346,AliasAwareFusion,1.0,1.0,1.0,1.0,0.6735439182299784
q_1346,WithoutEntity,1.0,1.0,1.0,1.0,0.6735439182299784
q_1346,WithoutPhrase,1.0,1.0,1.0,1.0,0.6735439182299784
q_1346,WithoutText,0.0,1.0,1.0,0.5,0.42495889834839423
q_1347,AliasAwareFusion,1.0,1.0,1.0,1.0,0.8178747578506881
q_1347,WithoutEntity,1.0,1.0,1.0,1.0,0.7978637366933587
q_1347,WithoutPhrase,1.0,1.0,1.0,1.0,0.8178747578506881
q_1347,WithoutText,1.0,1.0,1.0,1.0,0.6735439182299784
q_1348,AliasAwareFusion,1.0,1.0,1.0,1.0,0.9421945763140686
q_1348,WithoutEntity,1.0,1.0,1.0,1.0,0.6735439182299784
q_1348,WithoutPhrase,1.0,1.0,1.0,1.0,0.9337610846422014
q_1348,WithoutText,0.0,0.0,1.0,0.13095238095238093,0.5911350243021342
q_1349,AliasAwareFusion,1.0,1.0,1.0,1.0,1.0
q_1349,WithoutEntity,1.0,1.0,1.0,1.0,0.95583058934618
q_1349,WithoutPhrase,1.0,1.0,1.0,1.0,1.0
q_1349,WithoutText,0.0,1.0,1.0,0.5,0.6653152460429406
q_1350,AliasAwareFusion,1.0,1.0,1.0,1.0,0.6735439182299784
q_1350,WithoutEntity,1.0,1.0,1.0,1.0,0.6735439182299784
q_1350,WithoutPhrase,1.0,1.0,1.0,1.0,0.6735439182299784
q_1350,WithoutText,1.0,1.0,1.0,1.0,0.6735439182299784
q_1351,AliasAwareFusion,1.0,1.0,1.0,1.0,0.6735439182299784
q_1351,WithoutEntity,1.0,1.0,1.0,1.0,0.6735439182299784
q_1351,WithoutPhrase,1.0,1.0,1.0,1.0,0.6735439182299784
q_1351,WithoutText,1.0,1.0,1.0,1.0,0.6735439182299784
q_1352,AliasAwareFusion,1.0,1.0,1.0,1.0,0.7871546029909718
q_1352,WithoutEntity,1.0,1.0,1.0,1.0,0.7871546029909718
q_1352,WithoutPhrase,1.0,1.0,1.0,1.0,0.7871546029909718
q_1352,WithoutText,1.0,1.0,1.0,1.0,0.7871546029909718
q_1353,AliasAwareFusion,0.0,1.0,1.0,0.5,0.7136205775898136
q_1353,WithoutEntity,0.0,1.0,1.0,0.5,0.5492787168117745
q_1353,WithoutPhrase,0.0,1.0,1.0,0.5,0.7136205775898136
q_1353,WithoutText,0.0,0.0,1.0,0.1428571428571428,0.34707130658728264
q_1354,AliasAwareFusion,1.0,1.0,1.0,1.0,0.7871546029909718
q_1354,WithoutEntity,1.0,1.0,1.0,1.0,0.7871546029909718
q_1354,WithoutPhrase,1.0,1.0,1.0,1.0,0.7871546029909718
q_1354,WithoutText,1.0,1.0,1.0,1.0,0.7871546029909718
q_1355,AliasAwareFusion,1.0,1.0,1.0,1.0,0.7871546029909718
q_1355,WithoutEntity,1.0,1.0,1.0,1.0,0.7871546029909718
q_1355,WithoutPhrase,1.0,1.0,1.0,1.0,0.7871546029909718
q_1355,WithoutText,1.0,1.0,1.0,1.0,0.7871546029909718
q_1356,AliasAwareFusion,1.0,1.0,1.0,1.0,0.7871546029909718
q_1356,WithoutEntity,1.0,1.0,1.0,1.0,0.7871546029909718
q_1356,WithoutPhrase,1.0,1.0,1.0,1.0,0.8887076658732239
q_1356,WithoutText,0.0,1.0,1.0,0.5,0.4966392596877323
q_1357,AliasAwareFusion,1.0,1.0,1.0,1.0,0.7871546029909718
q_1357,WithoutEntity,0.0,1.0,1.0,0.20000000000000004,0.3045129678946485
q_1357,WithoutPhrase,1.0,1.0,1.0,1.0,0.7871546029909718
q_1357,WithoutText,1.0,1.0,1.0,1.0,0.7871546029909718
q_1358,AliasAwareFusion,1.0,1.0,1.0,1.0,0.9275161798581445
q_1358,WithoutEntity,1.0,1.0,1.0,1.0,0.7871546029909718
q_1358,WithoutPhrase,1.0,1.0,1.0,1.0,0.95583058934618
q_1358,WithoutText,1.0,1.0,1.0,1.0,0.7871546029909718
q_1359,AliasAwareFusion,1.0,1.0,1.0,1.0,0.6735439182299784
q_1359,WithoutEntity,0.0,1.0,1.0,0.3333333333333333,0.3367719591149892
q_1359,WithoutPhrase,0.0,0.0,1.0,0.1666666666666666,0.2399211845064163
q_1359,WithoutText,1.0,1.0,1.0,1.0,0.6735439182299784
q_1360,AliasAwareFusion,1.0,1.0,1.0,1.0,0.6735439182299784
q_1360,WithoutEntity,1.0,1.0,1.0,1.0,0.6735439182299784
q_1360,WithoutPhrase,1.0,1.0,1.0,1.0,0.6735439182299784
q_1360,WithoutText,0.0,0.0,0.6666666666666666,0.06666666666666667,0.12979857049374552
q_1361,AliasAwareFusion,1.0,1.0,1.0,1.0,0.6735439182299784
q_1361,WithoutEntity,1.0,1.0,1.0,1.0,0.6735439182299784
q_1361,WithoutPhrase,1.0,1.0,1.0,1.0,0.6735439182299784
q_1361,WithoutText,1.0,1.0,1.0,1.0,0.6735439182299784
q_1362,AliasAwareFusion,1.0,1.0,1.0,1.0,0.7871546029909718
q_1362,WithoutEntity,1.0,1.0,1.0,1.0,0.7871546029909718
q_1362,WithoutPhrase,1.0,1.0,1.0,1.0,0.7871546029909718
q_1362,WithoutText,0.0,1.0,1.0,0.20000000000000004,0.3045129678946485
q_1363,AliasAwareFusion,0.0,1.0,1.0,0.3333333333333333,0.3367719591149892
q_1363,WithoutEntity,0.0,1.0,1.0,0.3333333333333333,0.3367719591149892
q_1363,WithoutPhrase,0.0,1.0,1.0,0.21666666666666667,0.27040142918019777
q_1363,WithoutText,0.0,0.3333333333333333,1.0,0.15925925925925924,0.23441348761790246
q_1364,AliasAwareFusion,1.0,1.0,1.0,1.0,0.6735439182299784
q_1364,WithoutEntity,1.0,1.0,1.0,1.0,0.6735439182299784
q_1364,WithoutPhrase,1.0,1.0,1.0,1.0,0.6735439182299784
q_1364,WithoutText,1.0,1.0,1.0,1.0,0.6735439182299784
q_1365,AliasAwareFusion,1.0,1.0,1.0,1.0,0.6735439182299784
q_1365,WithoutEntity,1.0,1.0,1.0,1.0,0.6735439182299784
q_1365,WithoutPhrase,1.0,1.0,1.0,1.0,0.6735439182299784
q_1365,WithoutText,1.0,1.0,1.0,1.0,0.6735439182299784
q_1366,AliasAwareFusion,1.0,1.0,1.0,1.0,0.6735439182299784
q_1366,WithoutEntity,1.0,1.0,1.0,1.0,0.6735439182299784
q_1366,WithoutPhrase,1.0,1.0,1.0,1.0,0.6735439182299784
q_1366,WithoutText,1.0,1.0,1.0,1.0,0.6735439182299784
q_1367,AliasAwareFusion,1.0,1.0,1.0,1.0,0.7871546029909718
q_1367,WithoutEntity,1.0,1.0,1.0,1.0,0.7871546029909718
q_1367,WithoutPhrase,1.0,1.0,1.0,1.0,0.7871546029909718
q_1367,WithoutText,0.0,0.0,0.0,0.0,0.0
q_1368,AliasAwareFusion,1.0,1.0,1.0,1.0,0.9584925251677544
q_1368,WithoutEntity,1.0,1.0,1.0,1.0,0.95188972012643
q_1368,WithoutPhrase,1.0,1.0,1.0,1.0,0.9799889788426704
q_1368,WithoutText,0.0,1.0,1.0,0.3333333333333333,0.4484415400705691
q_1369,AliasAwareFusion,1.0,1.0,1.0,1.0,0.7871546029909718
q_1369,WithoutEntity,0.0,1.0,1.0,0.5,0.4966392596877323
q_1369,WithoutPhrase,1.0,1.0,1.0,1.0,0.7871546029909718
q_1369,WithoutText,0.0,0.0,0.0,0.0,0.0
q_1370,AliasAwareFusion,1.0,1.0,1.0,1.0,0.7871546029909718
q_1370,WithoutEntity,1.0,1.0,1.0,1.0,0.7871546029909718
q_1370,WithoutPhrase,1.0,1.0,1.0,1.0,0.7871546029909718
q_1370,WithoutText,1.0,1.0,1.0,1.0,0.7871546029909718
q_1371,AliasAwareFusion,1.0,1.0,1.0,1.0,0.6735439182299784
q_1371,WithoutEntity,1.0,1.0,1.0,1.0,0.6735439182299784
q_1371,WithoutPhrase,1.0,1.0,1.0,1.0,0.6735439182299784
q_1371,WithoutText,1.0,1.0,1.0,1.0,0.6735439182299784
q_1372,AliasAwareFusion,1.0,1.0,1.0,1.0,0.7871546029909718
q_1372,WithoutEntity,1.0,1.0,1.0,1.0,0.8887076658732239
q_1372,WithoutPhrase,1.0,1.0,1.0,1.0,0.7871546029909718
q_1372,WithoutText,0.0,1.0,1.0,0.38888888888888884,0.42793128755956805
q_1373,AliasAwareFusion,1.0,1.0,1.0,1.0,0.7871546029909718
q_1373,WithoutEntity,1.0,1.0,1.0,1.0,0.7871546029909718
q_1373,WithoutPhrase,1.0,1.0,1.0,1.0,0.7871546029909718
q_1373,WithoutText,1.0,1.0,1.0,1.0,0.7871546029909718
q_1374,AliasAwareFusion,1.0,1.0,1.0,1.0,0.6735439182299784
q_1374,WithoutEntity,1.0,1.0,1.0,1.0,0.6735439182299784
q_1374,WithoutPhrase,1.0,1.0,1.0,1.0,0.6735439182299784
q_1374,WithoutText,1.0,1.0,1.0,1.0,0.6735439182299784
q_1375,AliasAwareFusion,1.0,1.0,1.0,1.0,0.7871546029909718
q_1375,WithoutEntity,1.0,1.0,1.0,1.0,0.7871546029909718
q_1375,WithoutPhrase,1.0,1.0,1.0,1.0,0.7871546029909718
q_1375,WithoutText,1.0,1.0,1.0,1.0,0.7871546029909718
q_1376,AliasAwareFusion,1.0,1.0,1.0,1.0,0.7871546029909718
q_1376,WithoutEntity,1.0,1.0,1.0,1.0,0.7871546029909718
q_1376,WithoutPhrase,1.0,1.0,1.0,1.0,0.7871546029909718
q_1376,WithoutText,1.0,1.0,1.0,1.0,0.7871546029909718
q_1377,AliasAwareFusion,1.0,1.0,1.0,1.0,0.6735439182299784
q_1377,WithoutEntity,1.0,1.0,1.0,1.0,0.6735439182299784
q_1377,WithoutPhrase,1.0,1.0,1.0,1.0,0.6735439182299784
q_1377,WithoutText,0.0,0.0,0.0,0.0,0.0
q_1378,AliasAwareFusion,0.0,1.0,1.0,0.5,0.4966392596877323
q_1378,WithoutEntity,0.0,1.0,1.0,0.5,0.4966392596877323
q_1378,WithoutPhrase,0.0,1.0,1.0,0.5,0.4966392596877323
q_1378,WithoutText,0.0,1.0,1.0,0.3055555555555555,0.3753878793595839
q_1379,AliasAwareFusion,0.0,1.0,1.0,0.5,0.42495889834839423
q_1379,WithoutEntity,0.0,1.0,1.0,0.5,0.42495889834839423
q_1379,WithoutPhrase,0.0,1.0,1.0,0.5,0.42495889834839423
q_1379,WithoutText,0.0,1.0,1.0,0.25,0.290079576414554
q_1380,AliasAwareFusion,1.0,1.0,1.0,1.0,0.7871546029909718
q_1380,WithoutEntity,0.0,0.0,0.0,0.0,0.0
q_1380,WithoutPhrase,0.0,1.0,1.0,0.3333333333333333,0.3935773014954859
q_1380,WithoutText,1.0,1.0,1.0,1.0,0.7871546029909718
q_1381,AliasAwareFusion,1.0,1.0,1.0,1.0,0.7871546029909718
q_1381,WithoutEntity,1.0,1.0,1.0,1.0,0.7871546029909718
q_1381,WithoutPhrase,1.0,1.0,1.0,1.0,0.7871546029909718
q_1381,WithoutText,1.0,1.0,1.0,1.0,0.7871546029909718
q_1382,AliasAwareFusion,1.0,1.0,1.0,1.0,0.7871546029909718
q_1382,WithoutEntity,1.0,1.0,1.0,1.0,0.7871546029909718
q_1382,WithoutPhrase,1.0,1.0,1.0,1.0,0.7871546029909718
q_1382,WithoutText,1.0,1.0,1.0,1.0,0.7871546029909718
q_1383,AliasAwareFusion,1.0,1.0,1.0,1.0,0.6735439182299784
q_1383,WithoutEntity,1.0,1.0,1.0,1.0,0.6735439182299784
q_1383,WithoutPhrase,0.0,1.0,1.0,0.5,0.42495889834839423
q_1383,WithoutText,0.0,1.0,1.0,0.3333333333333333,0.3367719591149892
q_1384,AliasAwareFusion,1.0,1.0,1.0,1.0,0.6735439182299784
q_1384,WithoutEntity,1.0,1.0,1.0,1.0,0.6735439182299784
q_1384,WithoutPhrase,1.0,1.0,1.0,1.0,0.6735439182299784
q_1384,WithoutText,1.0,1.0,1.0,1.0,0.6735439182299784
q_1385,AliasAwareFusion,1.0,1.0,1.0,1.0,0.7871546029909718
q_1385,WithoutEntity,1.0,1.0,1.0,1.0,0.7871546029909718
q_1385,WithoutPhrase,1.0,1.0,1.0,1.0,0.7871546029909718
q_1385,WithoutText,1.0,1.0,1.0,1.0,0.7871546029909718
q_1386,AliasAwareFusion,1.0,1.0,1.0,1.0,0.6735439182299784
q_1386,WithoutEntity,1.0,1.0,1.0,1.0,0.6735439182299784
q_1386,WithoutPhrase,1.0,1.0,1.0,1.0,0.6735439182299784
q_1386,WithoutText,0.0,1.0,1.0,0.5,0.42495889834839423
q_1387,AliasAwareFusion,1.0,1.0,1.0,1.0,0.6735439182299784
q_1387,WithoutEntity,0.0,1.0,1.0,0.5,0.42495889834839423
q_1387,WithoutPhrase,1.0,1.0,1.0,1.0,0.6735439182299784
q_1387,WithoutText,1.0,1.0,1.0,1.0,0.6735439182299784
q_1388,AliasAwareFusion,1.0,1.0,1.0,1.0,0.6735439182299784
q_1388,WithoutEntity,1.0,1.0,1.0,1.0,0.6735439182299784
q_1388,WithoutPhrase,1.0,1.0,1.0,1.0,0.6735439182299784
q_1388,WithoutText,1.0,1.0,1.0,1.0,0.6735439182299784
q_1389,AliasAwareFusion,1.0,1.0,1.0,1.0,0.7871546029909718
q_1389,WithoutEntity,1.0,1.0,1.0,1.0,0.7871546029909718
q_1389,WithoutPhrase,1.0,1.0,1.0,1.0,0.7871546029909718
q_1389,WithoutText,1.0,1.0,1.0,1.0,0.7871546029909718
q_1390,AliasAwareFusion,1.0,1.0,1.0,1.0,0.7871546029909718
q_1390,WithoutEntity,1.0,1.0,1.0,1.0,0.7871546029909718
q_1390,WithoutPhrase,1.0,1.0,1.0,1.0,0.7871546029909718
q_1390,WithoutText,1.0,1.0,1.0,1.0,0.7871546029909718
q_1391,AliasAwareFusion,1.0,1.0,1.0,1.0,0.6735439182299784
q_1391,WithoutEntity,1.0,1.0,1.0,1.0,0.6735439182299784
q_1391,WithoutPhrase,1.0,1.0,1.0,1.0,0.6735439182299784
q_1391,WithoutText,1.0,1.0,1.0,1.0,0.6735439182299784
q_1392,AliasAwareFusion,1.0,1.0,1.0,1.0,0.6735439182299784
q_1392,WithoutEntity,1.0,1.0,1.0,1.0,0.7978637366933587
q_1392,WithoutPhrase,1.0,1.0,1.0,1.0,0.6735439182299784
q_1392,WithoutText,1.0,1.0,1.0,1.0,0.6735439182299784
q_1393,AliasAwareFusion,1.0,1.0,1.0,1.0,0.6735439182299784
q_1393,WithoutEntity,1.0,1.0,1.0,1.0,0.6735439182299784
q_1393,WithoutPhrase,1.0,1.0,1.0,1.0,0.6735439182299784
q_1393,WithoutText,1.0,1.0,1.0,1.0,0.6735439182299784
q_1394,AliasAwareFusion,0.0,1.0,1.0,0.5,0.4966392596877323
q_1394,WithoutEntity,0.0,1.0,1.0,0.5,0.4966392596877323
q_1394,WithoutPhrase,0.0,1.0,1.0,0.5,0.4966392596877323
q_1394,WithoutText,0.0,1.0,1.0,0.3333333333333333,0.3935773014954859
q_1395,AliasAwareFusion,1.0,1.0,1.0,1.0,0.7871546029909718
q_1395,WithoutEntity,1.0,1.0,1.0,1.0,0.7871546029909718
q_1395,WithoutPhrase,1.0,1.0,1.0,1.0,0.7871546029909718
q_1395,WithoutText,0.6666666666666666,1.0,1.0,0.8333333333333334,0.6903161552232254
q_1396,AliasAwareFusion,1.0,1.0,1.0,1.0,0.6735439182299784
q_1396,WithoutEntity,1.0,1.0,1.0,1.0,0.6735439182299784
q_1396,WithoutPhrase,0.0,1.0,1.0,0.3333333333333333,0.3367719591149892
q_1396,WithoutText,1.0,1.0,1.0,1.0,0.6735439182299784
q_1397,AliasAwareFusion,0.0,1.0,1.0,0.3333333333333333,0.3367719591149892
q_1397,WithoutEntity,0.0,1.0,1.0,0.25,0.290079576414554
q_1397,WithoutPhrase,0.0,1.0,1.0,0.25,0.290079576414554
q_1397,WithoutText,0.0,0.0,0.0,0.0,0.0
q_1398,AliasAwareFusion,0.0,1.0,1.0,0.5,0.42495889834839423
q_1398,WithoutEntity,0.0,1.0,1.0,0.5,0.5160215194230502
q_1398,WithoutPhrase,0.0,1.0,1.0,0.5,0.42495889834839423
q_1398,WithoutText,0.6666666666666666,1.0,1.0,0.8333333333333334,0.590682244936117
q_1399,AliasAwareFusion,1.0,1.0,1.0,1.0,0.6735439182299784
q_1399,WithoutEntity,1.0,1.0,1.0,1.0,0.6735439182299784
q_1399,WithoutPhrase,1.0,1.0,1.0,1.0,0.6735439182299784
q_1399,WithoutText,1.0,1.0,1.0,1.0,0.6735439182299784
q_1400,AliasAwareFusion,0.0,1.0,1.0,0.5,0.42495889834839423
q_1400,WithoutEntity,1.0,1.0,1.0,1.0,0.6735439182299784
q_1400,WithoutPhrase,0.0,1.0,1.0,0.3333333333333333,0.3367719591149892
q_1400,WithoutText,0.0,1.0,1.0,0.25,0.290079576414554
q_1401,AliasAwareFusion,1.0,1.0,1.0,1.0,0.6735439182299784
q_1401,WithoutEntity,1.0,1.0,1.0,1.0,0.6735439182299784
q_1401,WithoutPhrase,1.0,1.0,1.0,1.0,0.6735439182299784
q_1401,WithoutText,0.0,1.0,1.0,0.20000000000000004,0.2605623555630197
q_1402,AliasAwareFusion,1.0,1.0,1.0,1.0,0.6735439182299784
q_1402,WithoutEntity,0.0,1.0,1.0,0.5,0.42495889834839423
q_1402,WithoutPhrase,1.0,1.0,1.0,1.0,0.6735439182299784
q_1402,WithoutText,0.0,1.0,1.0,0.5,0.42495889834839423
q_1403,AliasAwareFusion,1.0,1.0,1.0,1.0,0.7871546029909718
q_1403,WithoutEntity,1.0,1.0,1.0,1.0,0.7871546029909718
q_1403,WithoutPhrase,1.0,1.0,1.0,1.0,0.7871546029909718
q_1403,WithoutText,1.0,1.0,1.0,1.0,0.7871546029909718
q_1404,AliasAwareFusion,0.0,1.0,1.0,0.3333333333333333,0.3935773014954859
q_1404,WithoutEntity,0.0,0.0,1.0,0.10000000000000002,0.2275387085989112
q_1404,WithoutPhrase,0.0,1.0,1.0,0.5,0.4966392596877323
q_1404,WithoutText,0.0,0.0,0.0,0.0,0.0
q_1405,AliasAwareFusion,1.0,1.0,1.0,1.0,0.7871546029909718
q_1405,WithoutEntity,1.0,1.0,1.0,1.0,0.7871546029909718
q_1405,WithoutPhrase,1.0,1.0,1.0,1.0,0.7871546029909718
q_1405,WithoutText,1.0,1.0,1.0,1.0,0.7871546029909718
q_1406,AliasAwareFusion,1.0,1.0,1.0,1.0,0.7871546029909718
q_1406,WithoutEntity,1.0,1.0,1.0,1.0,0.7871546029909718
q_1406,WithoutPhrase,1.0,1.0,1.0,1.0,0.7871546029909718
q_1406,WithoutText,1.0,1.0,1.0,1.0,0.7871546029909718
q_1407,AliasAwareFusion,1.0,1.0,1.0,1.0,0.7871546029909718
q_1407,WithoutEntity,0.0,1.0,1.0,0.5,0.4966392596877323
q_1407,WithoutPhrase,0.0,1.0,1.0,0.5,0.4966392596877323
q_1407,WithoutText,0.0,1.0,1.0,0.3333333333333333,0.3935773014954859
q_1408,AliasAwareFusion,0.0,1.0,1.0,0.5,0.4966392596877323
q_1408,WithoutEntity,0.0,1.0,1.0,0.5,0.4966392596877323
q_1408,WithoutPhrase,0.0,0.0,1.0,0.1428571428571428,0.2623848676636572
q_1408,WithoutText,0.0,0.0,0.0,0.0,0.0
q_1409,AliasAwareFusion,1.0,1.0,1.0,1.0,0.7871546029909718
q_1409,WithoutEntity,1.0,1.0,1.0,1.0,0.7871546029909718
q_1409,WithoutPhrase,1.0,1.0,1.0,1.0,0.7871546029909718
q_1409,WithoutText,0.0,0.0,1.0,0.1111111111111111,0.236957146725255
q_1410,AliasAwareFusion,1.0,1.0,1.0,1.0,0.6735439182299784
q_1410,WithoutEntity,1.0,1.0,1.0,1.0,0.6735439182299784
q_1410,WithoutPhrase,1.0,1.0,1.0,1.0,0.6735439182299784
q_1410,WithoutText,1.0,1.0,1.0,1.0,0.6735439182299784
q_1411,AliasAwareFusion,1.0,1.0,1.0,1.0,0.6735439182299784
q_1411,WithoutEntity,1.0,1.0,1.0,1.0,0.6735439182299784
q_1411,WithoutPhrase,1.0,1.0,1.0,1.0,0.6735439182299784
q_1411,WithoutText,1.0,1.0,1.0,1.0,0.6735439182299784
q_1412,AliasAwareFusion,1.0,1.0,1.0,1.0,0.7871546029909718
q_1412,WithoutEntity,1.0,1.0,1.0,1.0,0.7871546029909718
q_1412,WithoutPhrase,1.0,1.0,1.0,1.0,0.7871546029909718
q_1412,WithoutText,1.0,1.0,1.0,1.0,0.7871546029909718
q_1413,AliasAwareFusion,1.0,1.0,1.0,1.0,0.7871546029909718
q_1413,WithoutEntity,1.0,1.0,1.0,1.0,0.7871546029909718
q_1413,WithoutPhrase,1.0,1.0,1.0,1.0,0.7871546029909718
q_1413,WithoutText,1.0,1.0,1.0,1.0,0.7871546029909718
q_1414,AliasAwareFusion,1.0,1.0,1.0,1.0,0.7871546029909718
q_1414,WithoutEntity,0.0,1.0,1.0,0.5,0.4966392596877323
q_1414,WithoutPhrase,1.0,1.0,1.0,1.0,0.7871546029909718
q_1414,WithoutText,0.0,1.0,1.0,0.3333333333333333,0.3935773014954859
q_1415,AliasAwareFusion,1.0,1.0,1.0,1.0,0.6735439182299784
q_1415,WithoutEntity,1.0,1.0,1.0,1.0,0.6735439182299784
q_1415,WithoutPhrase,1.0,1.0,1.0,1.0,0.6735439182299784
q_1415,WithoutText,1.0,1.0,1.0,1.0,0.6735439182299784
q_1416,AliasAwareFusion,1.0,1.0,1.0,1.0,0.7871546029909718
q_1416,WithoutEntity,1.0,1.0,1.0,1.0,0.7871546029909718
q_1416,WithoutPhrase,1.0,1.0,1.0,1.0,0.7871546029909718
q_1416,WithoutText,1.0,1.0,1.0,1.0,0.7871546029909718
q_1417,AliasAwareFusion,0.0,0.0,0.0,0.0,0.0
q_1417,WithoutEntity,0.0,1.0,1.0,0.25,0.5518544320968081
q_1417,WithoutPhrase,0.0,0.0,0.0,0.0,0.0
q_1417,WithoutText,0.0,0.0,0.0,0.0,0.0
q_1418,AliasAwareFusion,1.0,1.0,1.0,1.0,0.7871546029909718
q_1418,WithoutEntity,1.0,1.0,1.0,1.0,0.7871546029909718
q_1418,WithoutPhrase,1.0,1.0,1.0,1.0,0.7871546029909718
q_1418,WithoutText,1.0,1.0,1.0,1.0,0.7871546029909718
q_1419,AliasAwareFusion,1.0,1.0,1.0,1.0,0.7871546029909718
q_1419,WithoutEntity,1.0,1.0,1.0,1.0,0.7871546029909718
q_1419,WithoutPhrase,1.0,1.0,1.0,1.0,0.7871546029909718
q_1419,WithoutText,0.0,1.0,1.0,0.38888888888888884,0.42793128755956805
q_1420,AliasAwareFusion,1.0,1.0,1.0,1.0,0.7871546029909718
q_1420,WithoutEntity,1.0,1.0,1.0,1.0,0.7871546029909718
q_1420,WithoutPhrase,0.0,1.0,1.0,0.25,0.3390090350877799
q_1420,WithoutText,0.0,0.0,0.0,0.0,0.0
q_1421,AliasAwareFusion,1.0,1.0,1.0,1.0,0.7871546029909718
q_1421,WithoutEntity,0.0,0.0,0.0,0.0,0.0
q_1421,WithoutPhrase,1.0,1.0,1.0,1.0,0.7871546029909718
q_1421,WithoutText,0.0,1.0,1.0,0.3333333333333333,0.3935773014954859
q_1422,AliasAwareFusion,1.0,1.0,1.0,1.0,0.7871546029909718
q_1422,WithoutEntity,1.0,1.0,1.0,1.0,0.7871546029909718
q_1422,WithoutPhrase,1.0,1.0,1.0,1.0,0.7871546029909718
q_1422,WithoutText,0.0,1.0,1.0,0.5,0.4966392596877323
q_1423,AliasAwareFusion,0.0,1.0,1.0,0.3333333333333333,0.3935773014954859
q_1423,WithoutEntity,1.0,1.0,1.0,1.0,0.7871546029909718
q_1423,WithoutPhrase,0.0,0.6666666666666666,1.0,0.20555555555555552,0.30797070997765813
q_1423,WithoutText,0.0,0.0,0.3333333333333333,0.041666666666666664,0.08277320994795537
q_1424,AliasAwareFusion,1.0,1.0,1.0,1.0,0.8196601327908163
q_1424,WithoutEntity,1.0,1.0,1.0,1.0,0.95583058934618
q_1424,WithoutPhrase,1.0,1.0,1.0,1.0,0.7871546029909718
q_1424,WithoutText,1.0,1.0,1.0,1.0,0.7871546029909718
q_1425,AliasAwareFusion,1.0,1.0,1.0,1.0,0.7871546029909718
q_1425,WithoutEntity,0.0,0.0,0.0,0.0,0.0
q_1425,WithoutPhrase,1.0,1.0,1.0,1.0,0.7871546029909718
q_1425,WithoutText,0.0,1.0,1.0,0.20000000000000004,0.3045129678946485
q_1426,AliasAwareFusion,1.0,1.0,1.0,1.0,1.0
q_1426,WithoutEntity,1.0,1.0,1.0,1.0,1.0
q_1426,WithoutPhrase,0.0,1.0,1.0,0.5,0.8339912323981488
q_1426,WithoutText,0.0,1.0,1.0,0.5,0.8339912323981488
q_1427,AliasAwareFusion,1.0,1.0,1.0,1.0,0.8556691603792904
q_1427,WithoutEntity,1.0,1.0,1.0,1.0,0.7978637366933587
q_1427,WithoutPhrase,1.0,1.0,1.0,1.0,0.913599709746225
q_1427,WithoutText,1.0,1.0,1.0,1.0,0.942564984429692
q_1428,AliasAwareFusion,1.0,1.0,1.0,1.0,0.7871546029909718
q_1428,WithoutEntity,1.0,1.0,1.0,1.0,0.7871546029909718
q_1428,WithoutPhrase,1.0,1.0,1.0,1.0,0.7871546029909718
q_1428,WithoutText,0.6666666666666666,1.0,1.0,0.8333333333333334,0.7905237269445712
q_1429,AliasAwareFusion,1.0,1.0,1.0,1.0,0.7871546029909718
q_1429,WithoutEntity,1.0,1.0,1.0,1.0,0.7871546029909718
q_1429,WithoutPhrase,1.0,1.0,1.0,1.0,0.7871546029909718
q_1429,WithoutText,1.0,1.0,1.0,1.0,0.7871546029909718
q_1430,AliasAwareFusion,1.0,1.0,1.0,1.0,0.7871546029909718
q_1430,WithoutEntity,1.0,1.0,1.0,1.0,0.7871546029909718
q_1430,WithoutPhrase,1.0,1.0,1.0,1.0,0.7871546029909718
q_1430,WithoutText,1.0,1.0,1.0,1.0,0.7871546029909718
q_1431,AliasAwareFusion,1.0,1.0,1.0,1.0,0.7871546029909718
q_1431,WithoutEntity,1.0,1.0,1.0,1.0,0.7871546029909718
q_1431,WithoutPhrase,1.0,1.0,1.0,1.0,0.7871546029909718
q_1431,WithoutText,1.0,1.0,1.0,1.0,0.7871546029909718
q_1432,AliasAwareFusion,1.0,1.0,1.0,1.0,0.7871546029909718
q_1432,WithoutEntity,1.0,1.0,1.0,1.0,0.7871546029909718
q_1432,WithoutPhrase,1.0,1.0,1.0,1.0,0.7871546029909718
q_1432,WithoutText,1.0,1.0,1.0,1.0,0.7871546029909718
q_1433,AliasAwareFusion,1.0,1.0,1.0,1.0,0.6735439182299784
q_1433,WithoutEntity,1.0,1.0,1.0,1.0,0.6735439182299784
q_1433,WithoutPhrase,1.0,1.0,1.0,1.0,0.6735439182299784
q_1433,WithoutText,1.0,1.0,1.0,1.0,0.6735439182299784
q_1434,AliasAwareFusion,1.0,1.0,1.0,1.0,0.6735439182299784
q_1434,WithoutEntity,0.0,1.0,1.0,0.5,0.42495889834839423
q_1434,WithoutPhrase,1.0,1.0,1.0,1.0,0.6735439182299784
q_1434,WithoutText,0.0,1.0,1.0,0.3333333333333333,0.3367719591149892
q_1435,AliasAwareFusion,0.3333333333333333,0.6666666666666666,0.6666666666666666,0.5,0.42793128755956805
q_1435,WithoutEntity,1.0,1.0,1.0,1.0,0.7871546029909718
q_1435,WithoutPhrase,0.0,0.0,0.0,0.0,0.0
q_1435,WithoutText,0.0,0.0,0.0,0.0,0.0
q_1436,AliasAwareFusion,1.0,1.0,1.0,1.0,0.7871546029909718
q_1436,WithoutEntity,1.0,1.0,1.0,1.0,0.7871546029909718
q_1436,WithoutPhrase,0.3333333333333333,1.0,1.0,0.6666666666666666,0.5934777074554788
q_1436,WithoutText,0.0,1.0,1.0,0.2333333333333333,0.3275103460234028
q_1437,AliasAwareFusion,1.0,1.0,1.0,1.0,0.6735439182299784
q_1437,WithoutEntity,1.0,1.0,1.0,1.0,0.6735439182299784
q_1437,WithoutPhrase,1.0,1.0,1.0,1.0,0.6735439182299784
q_1437,WithoutText,0.0,0.0,1.0,0.10000000000000002,0.1946978557406183
q_1438,AliasAwareFusion,1.0,1.0,1.0,1.0,0.7871546029909718
q_1438,WithoutEntity,0.0,1.0,1.0,0.25,0.3390090350877799
q_1438,WithoutPhrase,1.0,1.0,1.0,1.0,0.7871546029909718
q_1438,WithoutText,0.0,0.0,0.0,0.0,0.0
q_1439,AliasAwareFusion,0.0,0.0,1.0,0.12037037037037036,0.2092386070442218
q_1439,WithoutEntity,0.0,0.0,0.0,0.0,0.0
q_1439,WithoutPhrase,0.0,0.0,0.3333333333333333,0.047619047619047596,0.07483821313666426
q_1439,WithoutText,0.0,0.0,1.0,0.15873015873015867,0.41691091162358695
q_1440,AliasAwareFusion,1.0,1.0,1.0,1.0,0.9324441894571632
q_1440,WithoutEntity,1.0,1.0,1.0,1.0,0.7871546029909718
q_1440,WithoutPhrase,0.0,1.0,1.0,0.5,0.649724312783596
q_1440,WithoutText,1.0,1.0,1.0,1.0,0.9691072667518306
q_1441,AliasAwareFusion,1.0,1.0,1.0,1.0,0.7871546029909718
q_1441,WithoutEntity,1.0,1.0,1.0,1.0,0.7871546029909718
q_1441,WithoutPhrase,1.0,1.0,1.0,1.0,0.7871546029909718
q_1441,WithoutText,1.0,1.0,1.0,1.0,0.7871546029909718
q_1442,AliasAwareFusion,1.0,1.0,1.0,1.0,0.7871546029909718
q_1442,WithoutEntity,1.0,1.0,1.0,1.0,0.7871546029909718
q_1442,WithoutPhrase,1.0,1.0,1.0,1.0,0.7871546029909718
q_1442,WithoutText,1.0,1.0,1.0,1.0,0.7871546029909718
q_1443,AliasAwareFusion,0.0,0.0,0.0,0.0,0.0
q_1443,WithoutEntity,0.0,0.0,0.0,0.0,0.0
q_1443,WithoutPhrase,0.0,0.0,0.0,0.0,0.0
q_1443,WithoutText,0.0,0.0,0.0,0.0,0.0
q_1444,AliasAwareFusion,1.0,1.0,1.0,1.0,0.7871546029909718
q_1444,WithoutEntity,1.0,1.0,1.0,1.0,0.7871546029909718
q_1444,WithoutPhrase,1.0,1.0,1.0,1.0,0.7871546029909718
q_1444,WithoutText,1.0,1.0,1.0,1.0,0.7871546029909718
q_1445,AliasAwareFusion,1.0,1.0,1.0,1.0,0.7871546029909718
q_1445,WithoutEntity,1.0,1.0,1.0,1.0,0.7871546029909718
q_1445,WithoutPhrase,1.0,1.0,1.0,1.0,0.7871546029909718
q_1445,WithoutText,1.0,1.0,1.0,1.0,0.7871546029909718
q_1446,AliasAwareFusion,1.0,1.0,1.0,1.0,0.7871546029909718
q_1446,WithoutEntity,1.0,1.0,1.0,1.0,0.7871546029909718
q_1446,WithoutPhrase,1.0,1.0,1.0,1.0,0.7871546029909718
q_1446,WithoutText,1.0,1.0,1.0,1.0,0.7871546029909718
q_1447,AliasAwareFusion,0.3333333333333333,1.0,1.0,0.5555555555555555,0.7021788123640359
q_1447,WithoutEntity,0.0,1.0,1.0,0.25,0.5787412556559733
q_1447,WithoutPhrase,1.0,1.0,1.0,1.0,0.8112044174649116
q_1447,WithoutText,0.6666666666666666,1.0,1.0,0.8333333333333334,0.8083196327827981
q_1448,AliasAwareFusion,1.0,1.0,1.0,1.0,0.7871546029909718
q_1448,WithoutEntity,1.0,1.0,1.0,1.0,0.8996052605611106
q_1448,WithoutPhrase,1.0,1.0,1.0,1.0,0.7871546029909718
q_1448,WithoutText,1.0,1.0,1.0,1.0,0.7871546029909718
q_1449,AliasAwareFusion,0.0,0.6666666666666666,1.0,0.18888888888888888,0.2536819652108186
q_1449,WithoutEntity,0.0,0.0,0.0,0.0,0.0
q_1449,WithoutPhrase,0.0,1.0,1.0,0.27777777777777773,0.30564370398136576
q_1449,WithoutText,0.3333333333333333,1.0,1.0,0.6666666666666666,0.5078205716422556
q_1450,AliasAwareFusion,1.0,1.0,1.0,1.0,0.6735439182299784
q_1450,WithoutEntity,1.0,1.0,1.0,1.0,0.6735439182299784
q_1450,WithoutPhrase,1.0,1.0,1.0,1.0,0.6735439182299784
q_1450,WithoutText,0.0,1.0,1.0,0.3055555555555555,0.32120783154817745
q_1451,AliasAwareFusion,1.0,1.0,1.0,1.0,0.7871546029909718
q_1451,WithoutEntity,1.0,1.0,1.0,1.0,0.7871546029909718
q_1451,WithoutPhrase,1.0,1.0,1.0,1.0,0.7871546029909718
q_1451,WithoutText,0.0,0.0,1.0,0.15079365079365073,0.2683866207592868
q_1452,AliasAwareFusion,1.0,1.0,1.0,1.0,0.9799889788426704
q_1452,WithoutEntity,1.0,1.0,1.0,1.0,0.95188972012643
q_1452,WithoutPhrase,0.0,1.0,1.0,0.5,0.8268546635902858
q_1452,WithoutText,1.0,1.0,1.0,1.0,0.8556691603792904
q_1453,AliasAwareFusion,1.0,1.0,1.0,1.0,0.7871546029909718
q_1453,WithoutEntity,1.0,1.0,1.0,1.0,0.7871546029909718
q_1453,WithoutPhrase,1.0,1.0,1.0,1.0,0.7871546029909718
q_1453,WithoutText,1.0,1.0,1.0,1.0,0.7871546029909718
q_1454,AliasAwareFusion,0.0,0.0,1.0,0.10000000000000002,0.2275387085989112
q_1454,WithoutEntity,0.0,0.0,0.0,0.0,0.0
q_1454,WithoutPhrase,0.0,1.0,1.0,0.5,0.4966392596877323
q_1454,WithoutText,0.0,0.0,0.0,0.0,0.0
q_1455,AliasAwareFusion,0.0,1.0,1.0,0.5,0.5194601452047061
q_1455,WithoutEntity,1.0,1.0,1.0,1.0,0.6735439182299784
q_1455,WithoutPhrase,0.0,1.0,1.0,0.5,0.5107034271068458
q_1455,WithoutText,1.0,1.0,1.0,1.0,0.7763672830184426
q_1456,AliasAwareFusion,1.0,1.0,1.0,1.0,1.0
q_1456,WithoutEntity,1.0,1.0,1.0,1.0,1.0
q_1456,WithoutPhrase,1.0,1.0,1.0,1.0,0.954962792971442
q_1456,WithoutText,1.0,1.0,1.0,1.0,0.9370888130844902
q_1457,AliasAwareFusion,1.0,1.0,1.0,1.0,0.7871546029909718
q_1457,WithoutEntity,1.0,1.0,1.0,1.0,0.7871546029909718
q_1457,WithoutPhrase,1.0,1.0,1.0,1.0,0.7871546029909718
q_1457,WithoutText,0.6666666666666666,1.0,1.0,0.8333333333333334,0.6903161552232252
q_1458,AliasAwareFusion,0.0,0.0,0.0,0.0,0.0
q_1458,WithoutEntity,0.0,0.0,0.0,0.0,0.0
q_1458,WithoutPhrase,0.0,0.0,0.0,0.0,0.0
q_1458,WithoutText,0.0,0.0,0.0,0.0,0.0
q_1459,AliasAwareFusion,1.0,1.0,1.0,1.0,0.8556691603792904
q_1459,WithoutEntity,1.0,1.0,1.0,1.0,0.9467317814539461
q_1459,WithoutPhrase,1.0,1.0,1.0,1.0,0.9167079549784708
q_1459,WithoutText,1.0,1.0,1.0,1.0,0.8556691603792904
q_1460,AliasAwareFusion,0.0,0.0,1.0,0.125,0.21247944917419712
q_1460,WithoutEntity,0.0,0.0,0.0,0.0,0.0
q_1460,WithoutPhrase,0.0,0.0,0.0,0.0,0.0
q_1460,WithoutText,0.0,0.0,1.0,0.12037037037037036,0.2092386070442218
q_1461,AliasAwareFusion,1.0,1.0,1.0,1.0,0.6735439182299784
q_1461,WithoutEntity,1.0,1.0,1.0,1.0,0.6735439182299784
q_1461,WithoutPhrase,1.0,1.0,1.0,1.0,0.6735439182299784
q_1461,WithoutText,0.0,1.0,1.0,0.5,0.42495889834839423
q_1462,AliasAwareFusion,1.0,1.0,1.0,1.0,0.6735439182299784
q_1462,WithoutEntity,1.0,1.0,1.0,1.0,0.6735439182299784
q_1462,WithoutPhrase,1.0,1.0,1.0,1.0,0.6735439182299784
q_1462,WithoutText,1.0,1.0,1.0,1.0,0.6735439182299784
q_1463,AliasAwareFusion,1.0,1.0,1.0,1.0,0.6735439182299784
q_1463,WithoutEntity,1.0,1.0,1.0,1.0,0.7646065393046344
q_1463,WithoutPhrase,1.0,1.0,1.0,1.0,0.6735439182299784
q_1463,WithoutText,1.0,1.0,1.0,1.0,0.6735439182299784
q_1464,AliasAwareFusion,1.0,1.0,1.0,1.0,0.6735439182299784
q_1464,WithoutEntity,1.0,1.0,1.0,1.0,0.6735439182299784
q_1464,WithoutPhrase,1.0,1.0,1.0,1.0,0.6735439182299784
q_1464,WithoutText,1.0,1.0,1.0,1.0,0.6735439182299784
q_1465,AliasAwareFusion,1.0,1.0,1.0,1.0,0.7303231723049627
q_1465,WithoutEntity,1.0,1.0,1.0,1.0,0.6735439182299784
q_1465,WithoutPhrase,1.0,1.0,1.0,1.0,0.7025091929134458
q_1465,WithoutText,0.0,1.0,1.0,0.38888888888888884,0.3661676055261242
q_1466,AliasAwareFusion,1.0,1.0,1.0,1.0,0.7871546029909718
q_1466,WithoutEntity,1.0,1.0,1.0,1.0,0.7871546029909718
q_1466,WithoutPhrase,1.0,1.0,1.0,1.0,0.7871546029909718
q_1466,WithoutText,1.0,1.0,1.0,1.0,0.7871546029909718
q_1467,AliasAwareFusion,1.0,1.0,1.0,1.0,0.8556691603792904
q_1467,WithoutEntity,1.0,1.0,1.0,1.0,0.8556691603792904
q_1467,WithoutPhrase,1.0,1.0,1.0,1.0,0.8556691603792904
q_1467,WithoutText,1.0,1.0,1.0,1.0,0.8556691603792904
q_1468,AliasAwareFusion,1.0,1.0,1.0,1.0,0.7871546029909718
q_1468,WithoutEntity,1.0,1.0,1.0,1.0,0.7871546029909718
q_1468,WithoutPhrase,1.0,1.0,1.0,1.0,0.7871546029909718
q_1468,WithoutText,0.0,0.0,0.0,0.0,0.0
q_1469,AliasAwareFusion,1.0,1.0,1.0,1.0,0.6735439182299784
q_1469,WithoutEntity,0.0,1.0,1.0,0.3333333333333333,0.3367719591149892
q_1469,WithoutPhrase,1.0,1.0,1.0,1.0,0.6735439182299784
q_1469,WithoutText,1.0,1.0,1.0,1.0,0.6735439182299784
q_1470,AliasAwareFusion,1.0,1.0,1.0,1.0,0.6735439182299784
q_1470,WithoutEntity,0.0,0.0,1.0,0.1428571428571428,0.2245146394099928
q_1470,WithoutPhrase,1.0,1.0,1.0,1.0,0.6735439182299784
q_1470,WithoutText,0.0,1.0,1.0,0.5,0.42495889834839423
q_1471,AliasAwareFusion,1.0,1.0,1.0,1.0,0.6735439182299784
q_1471,WithoutEntity,1.0,1.0,1.0,1.0,0.6735439182299784
q_1471,WithoutPhrase,1.0,1.0,1.0,1.0,0.6735439182299784
q_1471,WithoutText,1.0,1.0,1.0,1.0,0.6735439182299784
q_1472,AliasAwareFusion,0.0,1.0,1.0,0.25,0.3390090350877799
q_1472,WithoutEntity,0.0,1.0,1.0,0.5,0.4966392596877323
q_1472,WithoutPhrase,0.0,0.0,0.0,0.0,0.0
q_1472,WithoutText,1.0,1.0,1.0,1.0,0.7871546029909718
q_1473,AliasAwareFusion,1.0,1.0,1.0,1.0,0.6735439182299784
q_1473,WithoutEntity,1.0,1.0,1.0,1.0,0.6735439182299784
q_1473,WithoutPhrase,1.0,1.0,1.0,1.0,0.6735439182299784
q_1473,WithoutText,0.0,1.0,1.0,0.38888888888888884,0.3661676055261242
q_1474,AliasAwareFusion,0.0,0.0,0.0,0.0,0.1443308396207096
q_1474,WithoutEntity,0.0,0.0,0.0,0.0,0.0
q_1474,WithoutPhrase,0.0,0.0,0.0,0.0,0.2886616792414193
q_1474,WithoutText,0.0,0.0,0.0,0.0,0.0
q_1475,AliasAwareFusion,1.0,1.0,1.0,1.0,0.6735439182299784
q_1475,WithoutEntity,1.0,1.0,1.0,1.0,0.6735439182299784
q_1475,WithoutPhrase,1.0,1.0,1.0,1.0,0.6735439182299784
q_1475,WithoutText,1.0,1.0,1.0,1.0,0.6735439182299784
q_1476,AliasAwareFusion,0.0,1.0,1.0,0.21666666666666667,0.7411883505709289
q_1476,WithoutEntity,0.0,1.0,1.0,0.20000000000000004,0.7313492769537508
q_1476,WithoutPhrase,0.0,0.0,1.0,0.1666666666666666,0.7107081058971474
q_1476,WithoutText,0.0,1.0,1.0,0.25,0.5460799969908435
q_1477,AliasAwareFusion,1.0,1.0,1.0,1.0,0.95583058934618
q_1477,WithoutEntity,1.0,1.0,1.0,1.0,0.9176601606601068
q_1477,WithoutPhrase,1.0,1.0,1.0,1.0,0.9402396560868356
q_1477,WithoutText,1.0,1.0,1.0,1.0,0.7871546029909718
q_1478,AliasAwareFusion,1.0,1.0,1.0,1.0,0.9421945763140686
q_1478,WithoutEntity,1.0,1.0,1.0,1.0,0.8725878427655823
q_1478,WithoutPhrase,1.0,1.0,1.0,1.0,0.9799889788426704
q_1478,WithoutText,1.0,1.0,1.0,1.0,0.7822647604631864
q_1479,AliasAwareFusion,1.0,1.0,1.0,1.0,0.95583058934618
q_1479,WithoutEntity,1.0,1.0,1.0,1.0,0.95583058934618
q_1479,WithoutPhrase,1.0,1.0,1.0,1.0,0.897595940872569
q_1479,WithoutText,0.6666666666666666,1.0,1.0,0.8333333333333334,0.9446637441327163
q_1480,AliasAwareFusion,0.0,1.0,1.0,0.3333333333333333,0.46109177757836955
q_1480,WithoutEntity,0.0,0.0,1.0,0.1666666666666666,0.3268170085568183
q_1480,WithoutPhrase,0.0,1.0,1.0,0.3333333333333333,0.45265828590650253
q_1480,WithoutText,0.0,1.0,1.0,0.5,0.5692897379691039
q_1481,AliasAwareFusion,1.0,1.0,1.0,1.0,1.0
q_1481,WithoutEntity,1.0,1.0,1.0,1.0,1.0
q_1481,WithoutPhrase,1.0,1.0,1.0,1.0,1.0
q_1481,WithoutText,1.0,1.0,1.0,1.0,0.9370888130844902
q_1482,AliasAwareFusion,1.0,1.0,1.0,1.0,0.7871546029909718
q_1482,WithoutEntity,1.0,1.0,1.0,1.0,0.7871546029909718
q_1482,WithoutPhrase,1.0,1.0,1.0,1.0,0.7871546029909718
q_1482,WithoutText,1.0,1.0,1.0,1.0,0.7871546029909718
q_1483,AliasAwareFusion,1.0,1.0,1.0,1.0,0.6735439182299784
q_1483,WithoutEntity,1.0,1.0,1.0,1.0,0.6735439182299784
q_1483,WithoutPhrase,1.0,1.0,1.0,1.0,0.6735439182299784
q_1483,WithoutText,1.0,1.0,1.0,1.0,0.6735439182299784
q_1484,AliasAwareFusion,1.0,1.0,1.0,1.0,0.8556691603792904
q_1484,WithoutEntity,1.0,1.0,1.0,1.0,0.8556691603792904
q_1484,WithoutPhrase,1.0,1.0,1.0,1.0,0.8834831397708071
q_1484,WithoutText,1.0,1.0,1.0,1.0,0.8178747578506881
q_1485,AliasAwareFusion,0.0,0.0,0.0,0.0,0.0
q_1485,WithoutEntity,0.0,0.0,0.0,0.0,0.0
q_1485,WithoutPhrase,0.0,0.0,0.0,0.0,0.0
q_1485,WithoutText,0.0,0.0,0.0,0.0,0.0
q_1486,AliasAwareFusion,1.0,1.0,1.0,1.0,0.7871546029909718
q_1486,WithoutEntity,1.0,1.0,1.0,1.0,0.7871546029909718
q_1486,WithoutPhrase,1.0,1.0,1.0,1.0,0.7871546029909718
q_1486,WithoutText,0.0,1.0,1.0,0.5,0.4966392596877323
q_1487,AliasAwareFusion,1.0,1.0,1.0,1.0,0.6735439182299784
q_1487,WithoutEntity,1.0,1.0,1.0,1.0,0.6735439182299784
q_1487,WithoutPhrase,1.0,1.0,1.0,1.0,0.6735439182299784
q_1487,WithoutText,0.0,1.0,1.0,0.21666666666666667,0.27040142918019777
q_1488,AliasAwareFusion,0.0,1.0,1.0,0.5,0.42495889834839423
q_1488,WithoutEntity,0.0,1.0,1.0,0.3333333333333333,0.3367719591149892
q_1488,WithoutPhrase,0.0,1.0,1.0,0.5,0.42495889834839423
q_1488,WithoutText,0.0,0.0,1.0,0.1666666666666666,0.2399211845064163
q_1489,AliasAwareFusion,1.0,1.0,1.0,1.0,0.6735439182299784
q_1489,WithoutEntity,1.0,1.0,1.0,1.0,0.6735439182299784
q_1489,WithoutPhrase,0.0,1.0,1.0,0.5,0.42495889834839423
q_1489,WithoutText,0.6666666666666666,1.0,1.0,0.8333333333333334,0.590682244936117
q_1490,AliasAwareFusion,1.0,1.0,1.0,1.0,0.6735439182299784
q_1490,WithoutEntity,1.0,1.0,1.0,1.0,0.6735439182299784
q_1490,WithoutPhrase,1.0,1.0,1.0,1.0,0.6735439182299784
q_1490,WithoutText,1.0,1.0,1.0,1.0,0.6735439182299784
q_1491,AliasAwareFusion,1.0,1.0,1.0,1.0,0.7025091929134458
q_1491,WithoutEntity,0.0,1.0,1.0,0.25,0.4722048185638658
q_1491,WithoutPhrase,1.0,1.0,1.0,1.0,0.6735439182299784
q_1491,WithoutText,1.0,1.0,1.0,1.0,0.6735439182299784
q_1492,AliasAwareFusion,1.0,1.0,1.0,1.0,0.7871546029909718
q_1492,WithoutEntity,1.0,1.0,1.0,1.0,0.7871546029909718
q_1492,WithoutPhrase,1.0,1.0,1.0,1.0,0.7871546029909718
q_1492,WithoutText,1.0,1.0,1.0,1.0,0.7871546029909718
q_1493,AliasAwareFusion,1.0,1.0,1.0,1.0,0.7871546029909718
q_1493,WithoutEntity,1.0,1.0,1.0,1.0,0.7871546029909718
q_1493,WithoutPhrase,1.0,1.0,1.0,1.0,0.7871546029909718
q_1493,WithoutText,1.0,1.0,1.0,1.0,0.7871546029909718
q_1494,AliasAwareFusion,1.0,1.0,1.0,1.0,0.6735439182299784
q_1494,WithoutEntity,1.0,1.0,1.0,1.0,0.7852134991855584
q_1494,WithoutPhrase,1.0,1.0,1.0,1.0,0.6735439182299784
q_1494,WithoutText,0.0,1.0,1.0,0.5,0.42495889834839423
q_1495,AliasAwareFusion,1.0,1.0,1.0,1.0,0.6735439182299784
q_1495,WithoutEntity,1.0,1.0,1.0,1.0,0.6735439182299784
q_1495,WithoutPhrase,1.0,1.0,1.0,1.0,0.6735439182299784
q_1495,WithoutText,1.0,1.0,1.0,1.0,0.6735439182299784
q_1496,AliasAwareFusion,1.0,1.0,1.0,1.0,0.7871546029909718
q_1496,WithoutEntity,1.0,1.0,1.0,1.0,0.7871546029909718
q_1496,WithoutPhrase,1.0,1.0,1.0,1.0,0.7871546029909718
q_1496,WithoutText,1.0,1.0,1.0,1.0,0.7871546029909718
q_1497,AliasAwareFusion,1.0,1.0,1.0,1.0,0.6735439182299784
q_1497,WithoutEntity,0.0,1.0,1.0,0.5,0.5160215194230502
q_1497,WithoutPhrase,1.0,1.0,1.0,1.0,0.6735439182299784
q_1497,WithoutText,0.0,1.0,1.0,0.25,0.290079576414554
q_1498,AliasAwareFusion,1.0,1.0,1.0,1.0,0.6735439182299784
q_1498,WithoutEntity,0.0,1.0,1.0,0.5,0.42495889834839423
q_1498,WithoutPhrase,1.0,1.0,1.0,1.0,0.6735439182299784
q_1498,WithoutText,1.0,1.0,1.0,1.0,0.6735439182299784
q_1499,AliasAwareFusion,0.0,1.0,1.0,0.5,0.42495889834839423
q_1499,WithoutEntity,0.0,0.0,0.0,0.0,0.0
q_1499,WithoutPhrase,0.0,1.0,1.0,0.3333333333333333,0.3367719591149892
q_1499,WithoutText,0.0,1.0,1.0,0.3333333333333333,0.3367719591149892
q_1500,AliasAwareFusion,1.0,1.0,1.0,1.0,0.8935773014954859
q_1500,WithoutEntity,1.0,1.0,1.0,1.0,0.8935773014954859
q_1500,WithoutPhrase,1.0,1.0,1.0,1.0,0.8935773014954859
q_1500,WithoutText,1.0,1.0,1.0,1.0,0.7871546029909718
q_1501,AliasAwareFusion,1.0,1.0,1.0,1.0,0.7719654129908929
q_1501,WithoutEntity,1.0,1.0,1.0,1.0,0.7852134991855584
q_1501,WithoutPhrase,0.0,1.0,1.0,0.5,0.5126603770471413
q_1501,WithoutText,1.0,1.0,1.0,1.0,0.6735439182299784
q_1502,AliasAwareFusion,0.6666666666666666,1.0,1.0,0.8333333333333334,0.9526504724035078
q_1502,WithoutEntity,0.0,0.0,1.0,0.1428571428571428,0.3488344578733731
q_1502,WithoutPhrase,0.6666666666666666,1.0,1.0,0.8333333333333334,0.9526504724035078
q_1502,WithoutText,0.0,1.0,1.0,0.5,0.6936095564324841
q_1503,AliasAwareFusion,1.0,1.0,1.0,1.0,0.7852134991855584
q_1503,WithoutEntity,1.0,1.0,1.0,1.0,0.8556691603792904
q_1503,WithoutPhrase,1.0,1.0,1.0,1.0,0.7663258521954623
q_1503,WithoutText,0.0,1.0,1.0,0.2333333333333333,0.28024050279737595
q_1504,AliasAwareFusion,1.0,1.0,1.0,1.0,0.7871546029909718
q_1504,WithoutEntity,1.0,1.0,1.0,1.0,0.7871546029909718
q_1504,WithoutPhrase,1.0,1.0,1.0,1.0,0.7871546029909718
q_1504,WithoutText,1.0,1.0,1.0,1.0,0.7871546029909718
q_1505,AliasAwareFusion,1.0,1.0,1.0,1.0,0.7013578976214955
q_1505,WithoutEntity,1.0,1.0,1.0,1.0,0.7569858564045292
q_1505,WithoutPhrase,1.0,1.0,1.0,1.0,0.6735439182299784
q_1505,WithoutText,0.0,1.0,1.0,0.3611111111111111,0.3506034779593124
q_1506,AliasAwareFusion,1.0,1.0,1.0,1.0,0.6735439182299784
q_1506,WithoutEntity,1.0,1.0,1.0,1.0,0.6735439182299784
q_1506,WithoutPhrase,1.0,1.0,1.0,1.0,0.6735439182299784
q_1506,WithoutText,0.0,1.0,1.0,0.27777777777777773,0.30564370398136576
q_1507,AliasAwareFusion,1.0,1.0,1.0,1.0,0.6735439182299784
q_1507,WithoutEntity,1.0,1.0,1.0,1.0,0.6735439182299784
q_1507,WithoutPhrase,1.0,1.0,1.0,1.0,0.6735439182299784
q_1507,WithoutText,1.0,1.0,1.0,1.0,0.6735439182299784
q_1508,AliasAwareFusion,1.0,1.0,1.0,1.0,0.6735439182299784
q_1508,WithoutEntity,1.0,1.0,1.0,1.0,0.6735439182299784
q_1508,WithoutPhrase,0.0,1.0,1.0,0.5,0.42495889834839423
q_1508,WithoutText,0.0,1.0,1.0,0.20000000000000004,0.2605623555630197
q_1509,AliasAwareFusion,1.0,1.0,1.0,1.0,0.9176601606601068
q_1509,WithoutEntity,0.0,1.0,1.0,0.5,0.6271448173568673
q_1509,WithoutPhrase,1.0,1.0,1.0,1.0,0.9324441894571632
q_1509,WithoutText,1.0,1.0,1.0,1.0,0.7871546029909718
q_1510,AliasAwareFusion,1.0,1.0,1.0,1.0,0.9036192866091396
q_1510,WithoutEntity,1.0,1.0,1.0,1.0,0.8721093232359604
q_1510,WithoutPhrase,1.0,1.0,1.0,1.0,0.8178747578506881
q_1510,WithoutText,1.0,1.0,1.0,1.0,0.9416513261872091
q_1511,AliasAwareFusion,1.0,1.0,1.0,1.0,0.8556691603792904
q_1511,WithoutEntity,1.0,1.0,1.0,1.0,0.9799889788426704
q_1511,WithoutPhrase,1.0,1.0,1.0,1.0,0.7852134991855584
q_1511,WithoutText,0.0,1.0,1.0,0.4444444444444444,0.5198830704006395
q_1512,AliasAwareFusion,0.0,1.0,1.0,0.25,0.5518544320968081
q_1512,WithoutEntity,0.0,1.0,1.0,0.20000000000000004,0.641864940605065
q_1512,WithoutPhrase,0.0,1.0,1.0,0.21666666666666667,0.4563732338261983
q_1512,WithoutText,0.0,0.0,1.0,0.15873015873015867,0.6117403465653329
q_1513,AliasAwareFusion,0.6666666666666666,1.0,1.0,0.8333333333333334,0.590682244936117
q_1513,WithoutEntity,0.0,1.0,1.0,0.5,0.42495889834839423
q_1513,WithoutPhrase,1.0,1.0,1.0,1.0,0.6735439182299784
q_1513,WithoutText,0.0,1.0,1.0,0.5,0.42495889834839423
q_1514,AliasAwareFusion,1.0,1.0,1.0,1.0,0.8996052605611106
q_1514,WithoutEntity,1.0,1.0,1.0,1.0,0.7871546029909718
q_1514,WithoutPhrase,1.0,1.0,1.0,1.0,0.8996052605611106
q_1514,WithoutText,1.0,1.0,1.0,1.0,0.9176601606601068
q_1515,AliasAwareFusion,0.0,0.0,1.0,0.15079365079365073,0.6052076577339552
q_1515,WithoutEntity,0.0,0.0,1.0,0.10000000000000002,0.4833595349820376
q_1515,WithoutPhrase,0.0,0.0,1.0,0.1428571428571428,0.604238939726068
q_1515,WithoutText,0.0,0.0,0.0,0.0,0.1821252421493118
q_1516,AliasAwareFusion,1.0,1.0,1.0,1.0,0.7852134991855584
q_1516,WithoutEntity,1.0,1.0,1.0,1.0,0.7763672830184426
q_1516,WithoutPhrase,1.0,1.0,1.0,1.0,0.7763672830184426
q_1516,WithoutText,0.6666666666666666,1.0,1.0,0.8333333333333334,0.590682244936117
q_1517,AliasAwareFusion,0.0,0.3333333333333333,1.0,0.22222222222222218,0.27220477604260723
q_1517,WithoutEntity,0.0,0.0,0.0,0.0,0.0
q_1517,WithoutPhrase,0.0,0.6666666666666666,1.0,0.2333333333333333,0.2790851663948084
q_1517,WithoutText,0.0,1.0,1.0,0.4444444444444444,0.39556325193725916
q_1518,AliasAwareFusion,1.0,1.0,1.0,1.0,0.7910315863547334
q_1518,WithoutEntity,0.0,0.0,0.0,0.0,0.0
q_1518,WithoutPhrase,1.0,1.0,1.0,1.0,0.7724470351138398
q_1518,WithoutText,0.0,1.0,1.0,0.38888888888888884,0.48205393231763755
q_1519,AliasAwareFusion,1.0,1.0,1.0,1.0,0.6735439182299784
q_1519,WithoutEntity,1.0,1.0,1.0,1.0,0.6735439182299784
q_1519,WithoutPhrase,1.0,1.0,1.0,1.0,0.6735439182299784
q_1519,WithoutText,1.0,1.0,1.0,1.0,0.6735439182299784
q_1520,AliasAwareFusion,1.0,1.0,1.0,1.0,1.0
q_1520,WithoutEntity,1.0,1.0,1.0,1.0,1.0
q_1520,WithoutPhrase,0.6666666666666666,1.0,1.0,0.8333333333333334,0.9446637441327163
q_1520,WithoutText,0.0,1.0,1.0,0.3333333333333333,0.3935773014954859
q_1521,AliasAwareFusion,1.0,1.0,1.0,1.0,0.6735439182299784
q_1521,WithoutEntity,1.0,1.0,1.0,1.0,0.6735439182299784
q_1521,WithoutPhrase,1.0,1.0,1.0,1.0,0.6735439182299784
q_1521,WithoutText,0.0,0.0,1.0,0.1666666666666666,0.2399211845064163
q_1522,AliasAwareFusion,1.0,1.0,1.0,1.0,0.6735439182299784
q_1522,WithoutEntity,1.0,1.0,1.0,1.0,0.8178747578506881
q_1522,WithoutPhrase,1.0,1.0,1.0,1.0,0.6735439182299784
q_1522,WithoutText,1.0,1.0,1.0,1.0,0.6735439182299784
q_1523,AliasAwareFusion,1.0,1.0,1.0,1.0,0.6735439182299784
q_1523,WithoutEntity,1.0,1.0,1.0,1.0,0.6735439182299784
q_1523,WithoutPhrase,1.0,1.0,1.0,1.0,0.6735439182299784
q_1523,WithoutText,1.0,1.0,1.0,1.0,0.6735439182299784
q_1524,AliasAwareFusion,0.0,1.0,1.0,0.3333333333333333,0.3367719591149892
q_1524,WithoutEntity,0.0,1.0,1.0,0.3333333333333333,0.3367719591149892
q_1524,WithoutPhrase,0.0,1.0,1.0,0.20000000000000004,0.2605623555630197
q_1524,WithoutText,0.0,1.0,1.0,0.5,0.42495889834839423
q_1525,AliasAwareFusion,1.0,1.0,1.0,1.0,1.0
q_1525,WithoutEntity,1.0,1.0,1.0,1.0,1.0
q_1525,WithoutPhrase,1.0,1.0,1.0,1.0,1.0
q_1525,WithoutText,1.0,1.0,1.0,1.0,0.9275161798581445
q_1526,AliasAwareFusion,1.0,1.0,1.0,1.0,0.7871546029909718
q_1526,WithoutEntity,1.0,1.0,1.0,1.0,0.7871546029909718
q_1526,WithoutPhrase,1.0,1.0,1.0,1.0,0.7871546029909718
q_1526,WithoutText,0.0,1.0,1.0,0.25,0.3390090350877799
q_1527,AliasAwareFusion,1.0,1.0,1.0,1.0,0.7291718770130123
q_1527,WithoutEntity,1.0,1.0,1.0,1.0,0.8178747578506881
q_1527,WithoutPhrase,1.0,1.0,1.0,1.0,0.6735439182299784
q_1527,WithoutText,0.0,0.0,0.3333333333333333,0.03333333333333333,0.06489928524687276
q_1528,AliasAwareFusion,1.0,1.0,1.0,1.0,0.7871546029909718
q_1528,WithoutEntity,1.0,1.0,1.0,1.0,0.7871546029909718
q_1528,WithoutPhrase,1.0,1.0,1.0,1.0,0.7871546029909718
q_1528,WithoutText,1.0,1.0,1.0,1.0,0.7871546029909718
q_1529,AliasAwareFusion,0.0,0.3333333333333333,1.0,0.16388888888888886,0.526316008989297
q_1529,WithoutEntity,0.0,0.0,0.0,0.0,0.09622055974713968
q_1529,WithoutPhrase,0.0,1.0,1.0,0.5,0.8171917460868748
q_1529,WithoutText,0.0,0.0,0.0,0.0,0.2886616792414193
q_1530,AliasAwareFusion,0.0,1.0,1.0,0.25,0.290079576414554
q_1530,WithoutEntity,0.0,0.0,0.0,0.0,0.0
q_1530,WithoutPhrase,0.0,1.0,1.0,0.5,0.42495889834839423
q_1530,WithoutText,0.0,0.0,0.0,0.0,0.0
q_1531,AliasAwareFusion,1.0,1.0,1.0,1.0,0.7871546029909718
q_1531,WithoutEntity,1.0,1.0,1.0,1.0,0.7871546029909718
q_1531,WithoutPhrase,1.0,1.0,1.0,1.0,0.7871546029909718
q_1531,WithoutText,1.0,1.0,1.0,1.0,0.7871546029909718
q_1532,AliasAwareFusion,1.0,1.0,1.0,1.0,0.9584925251677544
q_1532,WithoutEntity,1.0,1.0,1.0,1.0,0.8556691603792904
q_1532,WithoutPhrase,1.0,1.0,1.0,1.0,1.0
q_1532,WithoutText,0.0,0.0,0.0,0.0,0.0
q_1533,AliasAwareFusion,1.0,1.0,1.0,1.0,0.7871546029909718
q_1533,WithoutEntity,1.0,1.0,1.0,1.0,0.7871546029909718
q_1533,WithoutPhrase,1.0,1.0,1.0,1.0,0.7871546029909718
q_1533,WithoutText,1.0,1.0,1.0,1.0,0.7871546029909718
q_1534,AliasAwareFusion,1.0,1.0,1.0,1.0,0.6735439182299784
q_1534,WithoutEntity,1.0,1.0,1.0,1.0,0.6735439182299784
q_1534,WithoutPhrase,1.0,1.0,1.0,1.0,0.6735439182299784
q_1534,WithoutText,1.0,1.0,1.0,1.0,0.6735439182299784
q_1535,AliasAwareFusion,0.0,1.0,1.0,0.3333333333333333,0.3367719591149892
q_1535,WithoutEntity,0.0,0.0,0.0,0.0,0.0
q_1535,WithoutPhrase,0.0,1.0,1.0,0.3333333333333333,0.3367719591149892
q_1535,WithoutText,0.0,1.0,1.0,0.2333333333333333,0.28024050279737595
q_1536,AliasAwareFusion,1.0,1.0,1.0,1.0,0.7871546029909718
q_1536,WithoutEntity,1.0,1.0,1.0,1.0,0.7871546029909718
q_1536,WithoutPhrase,1.0,1.0,1.0,1.0,0.7871546029909718
q_1536,WithoutText,0.0,1.0,1.0,0.5,0.4966392596877323
q_1537,AliasAwareFusion,0.0,1.0,1.0,0.3333333333333333,0.3367719591149892
q_1537,WithoutEntity,0.0,1.0,1.0,0.20000000000000004,0.2605623555630197
q_1537,WithoutPhrase,0.0,1.0,1.0,0.5,0.42495889834839423
q_1537,WithoutText,0.0,0.0,0.0,0.0,0.0
q_1538,AliasAwareFusion,0.0,0.6666666666666666,1.0,0.18095238095238095,0.5102414885522674
q_1538,WithoutEntity,0.0,1.0,1.0,0.3333333333333333,0.6254336383564085
q_1538,WithoutPhrase,0.0,0.0,0.6666666666666666,0.06666666666666667,0.4184602497351648
q_1538,WithoutText,0.0,0.0,0.3333333333333333,0.037037037037037035,0.16380620067523016
q_1539,AliasAwareFusion,1.0,1.0,1.0,1.0,0.6735439182299784
q_1539,WithoutEntity,1.0,1.0,1.0,1.0,0.6735439182299784
q_1539,WithoutPhrase,1.0,1.0,1.0,1.0,0.6735439182299784
q_1539,WithoutText,1.0,1.0,1.0,1.0,0.6735439182299784
q_1540,AliasAwareFusion,1.0,1.0,1.0,1.0,0.8556691603792904
q_1540,WithoutEntity,1.0,1.0,1.0,1.0,0.8556691603792904
q_1540,WithoutPhrase,1.0,1.0,1.0,1.0,0.8556691603792904
q_1540,WithoutText,1.0,1.0,1.0,1.0,0.6735439182299784
q_1541,AliasAwareFusion,1.0,1.0,1.0,1.0,0.8178747578506881
q_1541,WithoutEntity,1.0,1.0,1.0,1.0,0.7978637366933587
q_1541,WithoutPhrase,1.0,1.0,1.0,1.0,0.8178747578506881
q_1541,WithoutText,0.0,1.0,1.0,0.5,0.5492787168117745
q_1542,AliasAwareFusion,1.0,1.0,1.0,1.0,0.6735439182299784
q_1542,WithoutEntity,1.0,1.0,1.0,1.0,0.6735439182299784
q_1542,WithoutPhrase,1.0,1.0,1.0,1.0,0.6735439182299784
q_1542,WithoutText,0.3333333333333333,1.0,1.0,0.6666666666666666,0.5078205716422556
q_1543,AliasAwareFusion,1.0,1.0,1.0,1.0,0.7871546029909718
q_1543,WithoutEntity,0.0,0.0,0.0,0.0,0.0
q_1543,WithoutPhrase,1.0,1.0,1.0,1.0,0.7871546029909718
q_1543,WithoutText,1.0,1.0,1.0,1.0,0.7871546029909718
q_1544,AliasAwareFusion,1.0,1.0,1.0,1.0,0.8762761202602144
q_1544,WithoutEntity,1.0,1.0,1.0,1.0,0.8556691603792904
q_1544,WithoutPhrase,1.0,1.0,1.0,1.0,0.8762761202602144
q_1544,WithoutText,0.0,1.0,1.0,0.5,0.42495889834839423
q_1545,AliasAwareFusion,1.0,1.0,1.0,1.0,0.9891129137782899
q_1545,WithoutEntity,0.0,1.0,1.0,0.5,0.5160215194230502
q_1545,WithoutPhrase,1.0,1.0,1.0,1.0,0.914095317597828
q_1545,WithoutText,0.0,1.0,1.0,0.27777777777777773,0.594305383222785
q_1546,AliasAwareFusion,0.0,1.0,1.0,0.5,0.42495889834839423
q_1546,WithoutEntity,0.0,0.0,0.0,0.0,0.0
q_1546,WithoutPhrase,0.0,1.0,1.0,0.5,0.42495889834839423
q_1546,WithoutText,0.0,0.0,1.0,0.1666666666666666,0.2399211845064163
q_1547,AliasAwareFusion,1.0,1.0,1.0,1.0,0.6735439182299784
q_1547,WithoutEntity,0.0,1.0,1.0,0.25,0.290079576414554
q_1547,WithoutPhrase,1.0,1.0,1.0,1.0,0.6735439182299784
q_1547,WithoutText,0.0,1.0,1.0,0.4444444444444444,0.39556325193725916
q_1548,AliasAwareFusion,1.0,1.0,1.0,1.0,0.7871546029909718
q_1548,WithoutEntity,1.0,1.0,1.0,1.0,0.7871546029909718
q_1548,WithoutPhrase,1.0,1.0,1.0,1.0,0.7871546029909718
q_1548,WithoutText,0.6666666666666666,1.0,1.0,0.8333333333333334,0.6903161552232252
q_1549,AliasAwareFusion,1.0,1.0,1.0,1.0,0.6735439182299784
q_1549,WithoutEntity,1.0,1.0,1.0,1.0,0.8178747578506881
q_1549,WithoutPhrase,1.0,1.0,1.0,1.0,0.6735439182299784
q_1549,WithoutText,0.0,1.0,1.0,0.5,0.42495889834839423
q_1550,AliasAwareFusion,1.0,1.0,1.0,1.0,0.7871546029909718
q_1550,WithoutEntity,1.0,1.0,1.0,1.0,0.7871546029909718
q_1550,WithoutPhrase,1.0,1.0,1.0,1.0,0.7871546029909718
q_1550,WithoutText,1.0,1.0,1.0,1.0,0.7871546029909718
q_1551,AliasAwareFusion,1.0,1.0,1.0,1.0,0.6735439182299784
q_1551,WithoutEntity,1.0,1.0,1.0,1.0,0.6735439182299784
q_1551,WithoutPhrase,1.0,1.0,1.0,1.0,0.6735439182299784
q_1551,WithoutText,1.0,1.0,1.0,1.0,0.8556691603792904
q_1552,AliasAwareFusion,0.6666666666666666,1.0,1.0,0.8333333333333334,0.8087851128263628
q_1552,WithoutEntity,0.0,0.0,0.0,0.0,0.1452895864661914
q_1552,WithoutPhrase,1.0,1.0,1.0,1.0,0.7871546029909718
q_1552,WithoutText,0.0,0.0,1.0,0.13690476190476186,0.4263724414122685
q_1553,AliasAwareFusion,1.0,1.0,1.0,1.0,0.8556691603792904
q_1553,WithoutEntity,0.0,1.0,1.0,0.3333333333333333,0.42021389728954
q_1553,WithoutPhrase,0.0,1.0,1.0,0.5,0.7136205775898136
q_1553,WithoutText,0.3333333333333333,1.0,1.0,0.6666666666666666,0.5078205716422556
q_1554,AliasAwareFusion,1.0,1.0,1.0,1.0,0.6735439182299784
q_1554,WithoutEntity,1.0,1.0,1.0,1.0,0.6735439182299784
q_1554,WithoutPhrase,1.0,1.0,1.0,1.0,0.7680451650862903
q_1554,WithoutText,1.0,1.0,1.0,1.0,0.6735439182299784
q_1555,AliasAwareFusion,0.0,0.3333333333333333,1.0,0.1698412698412698,0.3109627733940495
q_1555,WithoutEntity,0.0,0.0,1.0,0.1111111111111111,0.4914186020256907
q_1555,WithoutPhrase,0.0,0.0,0.0,0.0,0.0
q_1555,WithoutText,0.0,1.0,1.0,0.3055555555555555,0.32120783154817745
q_1556,AliasAwareFusion,1.0,1.0,1.0,1.0,0.8556691603792904
q_1556,WithoutEntity,0.0,1.0,1.0,0.25,0.4722048185638658
q_1556,WithoutPhrase,1.0,1.0,1.0,1.0,0.8556691603792904
q_1556,WithoutText,0.0,1.0,1.0,0.3333333333333333,0.6254336383564085
q_1557,AliasAwareFusion,1.0,1.0,1.0,1.0,0.7871546029909718
q_1557,WithoutEntity,0.0,1.0,1.0,0.5,0.4966392596877323
q_1557,WithoutPhrase,1.0,1.0,1.0,1.0,0.7871546029909718
q_1557,WithoutText,0.0,0.0,0.3333333333333333,0.041666666666666664,0.08277320994795537
q_1558,AliasAwareFusion,1.0,1.0,1.0,1.0,0.6735439182299784
q_1558,WithoutEntity,1.0,1.0,1.0,1.0,0.6735439182299784
q_1558,WithoutPhrase,1.0,1.0,1.0,1.0,0.6735439182299784
q_1558,WithoutText,1.0,1.0,1.0,1.0,0.6735439182299784
q_1559,AliasAwareFusion,1.0,1.0,1.0,1.0,0.6735439182299784
q_1559,WithoutEntity,0.0,1.0,1.0,0.25,0.46974207433624454
q_1559,WithoutPhrase,1.0,1.0,1.0,1.0,0.6735439182299784
q_1559,WithoutText,0.0,1.0,1.0,0.25,0.290079576414554
q_1560,AliasAwareFusion,1.0,1.0,1.0,1.0,0.7871546029909718
q_1560,WithoutEntity,1.0,1.0,1.0,1.0,0.7871546029909718
q_1560,WithoutPhrase,1.0,1.0,1.0,1.0,0.7871546029909718
q_1560,WithoutText,1.0,1.0,1.0,1.0,0.7871546029909718
q_1561,AliasAwareFusion,1.0,1.0,1.0,1.0,0.6735439182299784
q_1561,WithoutEntity,1.0,1.0,1.0,1.0,0.8178747578506881
q_1561,WithoutPhrase,1.0,1.0,1.0,1.0,0.6735439182299784
q_1561,WithoutText,0.0,1.0,1.0,0.3333333333333333,0.3367719591149892
q_1562,AliasAwareFusion,1.0,1.0,1.0,1.0,0.8178747578506881
q_1562,WithoutEntity,1.0,1.0,1.0,1.0,0.8178747578506881
q_1562,WithoutPhrase,1.0,1.0,1.0,1.0,0.8178747578506881
q_1562,WithoutText,0.0,1.0,1.0,0.5,0.5277822631368584
q_1563,AliasAwareFusion,1.0,1.0,1.0,1.0,0.6735439182299784
q_1563,WithoutEntity,1.0,1.0,1.0,1.0,0.7604397422803805
q_1563,WithoutPhrase,0.0,1.0,1.0,0.5,0.42495889834839423
q_1563,WithoutText,1.0,1.0,1.0,1.0,0.6735439182299784
q_1564,AliasAwareFusion,1.0,1.0,1.0,1.0,0.6735439182299784
q_1564,WithoutEntity,1.0,1.0,1.0,1.0,0.7569858564045292
q_1564,WithoutPhrase,1.0,1.0,1.0,1.0,0.6735439182299784
q_1564,WithoutText,1.0,1.0,1.0,1.0,0.6735439182299784
q_1565,AliasAwareFusion,1.0,1.0,1.0,1.0,0.8178747578506881
q_1565,WithoutEntity,1.0,1.0,1.0,1.0,0.8178747578506881
q_1565,WithoutPhrase,1.0,1.0,1.0,1.0,0.8178747578506881
q_1565,WithoutText,1.0,1.0,1.0,1.0,0.7978637366933587
q_1566,AliasAwareFusion,0.0,0.0,1.0,0.12037037037037036,0.6095698672412211
q_1566,WithoutEntity,0.0,0.0,0.0,0.0,0.2886616792414193
q_1566,WithoutPhrase,0.0,0.0,0.0,0.0,0.4129814977047997
q_1566,WithoutText,0.0,0.0,0.0,0.0,0.2886616792414193
q_1567,AliasAwareFusion,1.0,1.0,1.0,1.0,0.7871546029909718
q_1567,WithoutEntity,0.0,1.0,1.0,0.3333333333333333,0.3935773014954859
q_1567,WithoutPhrase,1.0,1.0,1.0,1.0,0.7871546029909718
q_1567,WithoutText,1.0,1.0,1.0,1.0,0.7871546029909718
q_1568,AliasAwareFusion,1.0,1.0,1.0,1.0,0.6735439182299784
q_1568,WithoutEntity,1.0,1.0,1.0,1.0,0.6735439182299784
q_1568,WithoutPhrase,1.0,1.0,1.0,1.0,0.6735439182299784
q_1568,WithoutText,1.0,1.0,1.0,1.0,0.6735439182299784
q_1569,AliasAwareFusion,1.0,1.0,1.0,1.0,0.7871546029909718
q_1569,WithoutEntity,1.0,1.0,1.0,1.0,0.7871546029909718
q_1569,WithoutPhrase,1.0,1.0,1.0,1.0,0.7871546029909718
q_1569,WithoutText,1.0,1.0,1.0,1.0,0.7871546029909718
q_1570,AliasAwareFusion,1.0,1.0,1.0,1.0,0.6735439182299784
q_1570,WithoutEntity,1.0,1.0,1.0,1.0,0.6735439182299784
q_1570,WithoutPhrase,1.0,1.0,1.0,1.0,0.6735439182299784
q_1570,WithoutText,0.0,1.0,1.0,0.20000000000000004,0.2605623555630197
q_1571,AliasAwareFusion,1.0,1.0,1.0,1.0,0.7871546029909718
q_1571,WithoutEntity,1.0,1.0,1.0,1.0,0.7871546029909718
q_1571,WithoutPhrase,1.0,1.0,1.0,1.0,0.7871546029909718
q_1571,WithoutText,1.0,1.0,1.0,1.0,0.7871546029909718
q_1572,AliasAwareFusion,1.0,1.0,1.0,1.0,0.6735439182299784
q_1572,WithoutEntity,1.0,1.0,1.0,1.0,0.6735439182299784
q_1572,WithoutPhrase,1.0,1.0,1.0,1.0,0.6735439182299784
q_1572,WithoutText,1.0,1.0,1.0,1.0,0.6735439182299784
q_1573,AliasAwareFusion,1.0,1.0,1.0,1.0,0.7871546029909718
q_1573,WithoutEntity,1.0,1.0,1.0,1.0,0.95583058934618
q_1573,WithoutPhrase,1.0,1.0,1.0,1.0,0.7871546029909718
q_1573,WithoutText,0.0,1.0,1.0,0.25,0.3390090350877799
q_1574,AliasAwareFusion,1.0,1.0,1.0,1.0,0.6735439182299784
q_1574,WithoutEntity,1.0,1.0,1.0,1.0,0.6735439182299784
q_1574,WithoutPhrase,1.0,1.0,1.0,1.0,0.6735439182299784
q_1574,WithoutText,1.0,1.0,1.0,1.0,0.6735439182299784
q_1575,AliasAwareFusion,0.0,1.0,1.0,0.5,0.7136205775898136
q_1575,WithoutEntity,1.0,1.0,1.0,1.0,0.7852134991855584
q_1575,WithoutPhrase,0.0,1.0,1.0,0.3333333333333333,0.6254336383564085
q_1575,WithoutText,0.0,1.0,1.0,0.38888888888888884,0.6067190048939737
q_1576,AliasAwareFusion,1.0,1.0,1.0,1.0,0.6735439182299784
q_1576,WithoutEntity,1.0,1.0,1.0,1.0,0.6735439182299784
q_1576,WithoutPhrase,1.0,1.0,1.0,1.0,0.6735439182299784
q_1576,WithoutText,1.0,1.0,1.0,1.0,0.6735439182299784
q_1577,AliasAwareFusion,1.0,1.0,1.0,1.0,0.6735439182299784
q_1577,WithoutEntity,1.0,1.0,1.0,1.0,0.6735439182299784
q_1577,WithoutPhrase,1.0,1.0,1.0,1.0,0.6735439182299784
q_1577,WithoutText,1.0,1.0,1.0,1.0,0.6735439182299784
q_1578,AliasAwareFusion,1.0,1.0,1.0,1.0,0.8178747578506881
q_1578,WithoutEntity,1.0,1.0,1.0,1.0,0.8762761202602144
q_1578,WithoutPhrase,1.0,1.0,1.0,1.0,0.8178747578506881
q_1578,WithoutText,1.0,1.0,1.0,1.0,0.7852134991855584
q_1579,AliasAwareFusion,1.0,1.0,1.0,1.0,1.0
q_1579,WithoutEntity,1.0,1.0,1.0,1.0,1.0
q_1579,WithoutPhrase,1.0,1.0,1.0,1.0,1.0
q_1579,WithoutText,1.0,1.0,1.0,1.0,1.0
q_1580,AliasAwareFusion,1.0,1.0,1.0,1.0,0.7871546029909718
q_1580,WithoutEntity,1.0,1.0,1.0,1.0,0.7871546029909718
q_1580,WithoutPhrase,1.0,1.0,1.0,1.0,0.7871546029909718
q_1580,WithoutText,1.0,1.0,1.0,1.0,0.7871546029909718
q_1581,AliasAwareFusion,1.0,1.0,1.0,1.0,0.6735439182299784
q_1581,WithoutEntity,1.0,1.0,1.0,1.0,0.6735439182299784
q_1581,WithoutPhrase,1.0,1.0,1.0,1.0,0.6735439182299784
q_1581,WithoutText,1.0,1.0,1.0,1.0,0.6735439182299784
q_1582,AliasAwareFusion,1.0,1.0,1.0,1.0,0.6735439182299784
q_1582,WithoutEntity,1.0,1.0,1.0,1.0,0.6735439182299784
q_1582,WithoutPhrase,1.0,1.0,1.0,1.0,0.6735439182299784
q_1582,WithoutText,1.0,1.0,1.0,1.0,0.6735439182299784
q_1583,AliasAwareFusion,0.0,0.0,0.0,0.0,0.1821252421493118
q_1583,WithoutEntity,0.0,0.0,0.0,0.0,0.1443308396207096
q_1583,WithoutPhrase,0.0,0.0,0.0,0.0,0.1243198184633803
q_1583,WithoutText,0.0,0.0,1.0,0.125,0.5011411284156164
q_1584,AliasAwareFusion,1.0,1.0,1.0,1.0,0.6735439182299784
q_1584,WithoutEntity,1.0,1.0,1.0,1.0,0.6735439182299784
q_1584,WithoutPhrase,1.0,1.0,1.0,1.0,0.6735439182299784
q_1584,WithoutText,1.0,1.0,1.0,1.0,0.6735439182299784
q_1585,AliasAwareFusion,0.0,0.6666666666666666,1.0,0.20555555555555552,0.26352103882799666
q_1585,WithoutEntity,0.0,0.0,1.0,0.1111111111111111,0.3470877624049809
q_1585,WithoutPhrase,0.0,0.3333333333333333,1.0,0.16388888888888886,0.2376543297478777
q_1585,WithoutText,0.0,0.0,0.0,0.0,0.0
q_1586,AliasAwareFusion,1.0,1.0,1.0,1.0,0.7871546029909718
q_1586,WithoutEntity,1.0,1.0,1.0,1.0,0.7871546029909718
q_1586,WithoutPhrase,1.0,1.0,1.0,1.0,0.7871546029909718
q_1586,WithoutText,0.0,0.0,0.0,0.0,0.0
q_1587,AliasAwareFusion,0.0,0.0,1.0,0.10000000000000002,0.1946978557406183
q_1587,WithoutEntity,1.0,1.0,1.0,1.0,0.6735439182299784
q_1587,WithoutPhrase,0.0,0.0,0.0,0.0,0.0
q_1587,WithoutText,0.0,0.0,0.0,0.0,0.0
q_1588,AliasAwareFusion,1.0,1.0,1.0,1.0,0.8556691603792904
q_1588,WithoutEntity,1.0,1.0,1.0,1.0,0.8178747578506881
q_1588,WithoutPhrase,1.0,1.0,1.0,1.0,0.8556691603792904
q_1588,WithoutText,1.0,1.0,1.0,1.0,0.7978637366933587
q_1589,AliasAwareFusion,1.0,1.0,1.0,1.0,0.7871546029909718
q_1589,WithoutEntity,1.0,1.0,1.0,1.0,0.7871546029909718
q_1589,WithoutPhrase,1.0,1.0,1.0,1.0,0.7871546029909718
q_1589,WithoutText,1.0,1.0,1.0,1.0,0.7871546029909718
q_1590,AliasAwareFusion,1.0,1.0,1.0,1.0,0.6735439182299784
q_1590,WithoutEntity,1.0,1.0,1.0,1.0,0.8178747578506881
q_1590,WithoutPhrase,1.0,1.0,1.0,1.0,0.6735439182299784
q_1590,WithoutText,1.0,1.0,1.0,1.0,0.6735439182299784
q_1591,AliasAwareFusion,1.0,1.0,1.0,1.0,0.6735439182299784
q_1591,WithoutEntity,1.0,1.0,1.0,1.0,0.6735439182299784
q_1591,WithoutPhrase,1.0,1.0,1.0,1.0,0.6735439182299784
q_1591,WithoutText,1.0,1.0,1.0,1.0,0.7793160217408145
q_1592,AliasAwareFusion,1.0,1.0,1.0,1.0,0.6735439182299784
q_1592,WithoutEntity,1.0,1.0,1.0,1.0,0.6735439182299784
q_1592,WithoutPhrase,1.0,1.0,1.0,1.0,0.6735439182299784
q_1592,WithoutText,0.0,0.0,0.0,0.0,0.0
q_1593,AliasAwareFusion,1.0,1.0,1.0,1.0,0.7871546029909718
q_1593,WithoutEntity,0.0,1.0,1.0,0.3333333333333333,0.3935773014954859
q_1593,WithoutPhrase,0.3333333333333333,1.0,1.0,0.6666666666666666,0.5934777074554788
q_1593,WithoutText,1.0,1.0,1.0,1.0,0.7871546029909718
q_1594,AliasAwareFusion,1.0,1.0,1.0,1.0,0.8556691603792904
q_1594,WithoutEntity,1.0,1.0,1.0,1.0,0.8556691603792904
q_1594,WithoutPhrase,1.0,1.0,1.0,1.0,0.8556691603792904
q_1594,WithoutText,1.0,1.0,1.0,1.0,0.7632176069632165
q_1595,AliasAwareFusion,1.0,1.0,1.0,1.0,0.6735439182299784
q_1595,WithoutEntity,1.0,1.0,1.0,1.0,0.6735439182299784
q_1595,WithoutPhrase,1.0,1.0,1.0,1.0,0.6735439182299784
q_1595,WithoutText,1.0,1.0,1.0,1.0,0.6735439182299784
q_1596,AliasAwareFusion,1.0,1.0,1.0,1.0,0.7871546029909718
q_1596,WithoutEntity,1.0,1.0,1.0,1.0,0.7871546029909718
q_1596,WithoutPhrase,0.0,1.0,1.0,0.5,0.4966392596877323
q_1596,WithoutText,0.0,0.0,0.0,0.0,0.0
q_1597,AliasAwareFusion,1.0,1.0,1.0,1.0,0.6735439182299784
q_1597,WithoutEntity,1.0,1.0,1.0,1.0,0.6735439182299784
q_1597,WithoutPhrase,1.0,1.0,1.0,1.0,0.6735439182299784
q_1597,WithoutText,1.0,1.0,1.0,1.0,0.6735439182299784
q_1598,AliasAwareFusion,0.6666666666666666,1.0,1.0,0.8333333333333334,0.7350130845568267
q_1598,WithoutEntity,1.0,1.0,1.0,1.0,0.6735439182299784
q_1598,WithoutPhrase,0.0,1.0,1.0,0.3055555555555555,0.5033330736974894
q_1598,WithoutText,0.0,0.3333333333333333,1.0,0.27777777777777773,0.41655382134504243
q_1599,AliasAwareFusion,0.0,0.0,1.0,0.12037037037037036,0.2092386070442218
q_1599,WithoutEntity,0.0,0.0,0.0,0.0,0.0
q_1599,WithoutPhrase,0.0,1.0,1.0,0.25,0.290079576414554
q_1599,WithoutText,0.0,0.0,0.0,0.0,0.0
q_1600,AliasAwareFusion,0.0,1.0,1.0,0.20000000000000004,0.3045129678946485
q_1600,WithoutEntity,0.0,1.0,1.0,0.3333333333333333,0.3935773014954859
q_1600,WithoutPhrase,0.0,0.0,0.0,0.0,0.0
q_1600,WithoutText,0.0,1.0,1.0,0.4444444444444444,0.4622852736236502
q_1601,AliasAwareFusion,1.0,1.0,1.0,1.0,0.7852134991855584
q_1601,WithoutEntity,0.0,1.0,1.0,0.25,0.290079576414554
q_1601,WithoutPhrase,1.0,1.0,1.0,1.0,0.7291718770130123
q_1601,WithoutText,0.0,0.0,0.0,0.0,0.0
q_1602,AliasAwareFusion,0.0,0.0,1.0,0.1111111111111111,0.236957146725255
q_1602,WithoutEntity,0.0,1.0,1.0,0.3333333333333333,0.3935773014954859
q_1602,WithoutPhrase,0.0,0.0,0.0,0.0,0.0
q_1602,WithoutText,0.0,0.0,0.0,0.0,0.0
q_1603,AliasAwareFusion,1.0,1.0,1.0,1.0,1.0
q_1603,WithoutEntity,1.0,1.0,1.0,1.0,1.0
q_1603,WithoutPhrase,1.0,1.0,1.0,1.0,1.0
q_1603,WithoutText,1.0,1.0,1.0,1.0,1.0
q_1604,AliasAwareFusion,1.0,1.0,1.0,1.0,0.6735439182299784
q_1604,WithoutEntity,1.0,1.0,1.0,1.0,0.6735439182299784
q_1604,WithoutPhrase,1.0,1.0,1.0,1.0,0.6735439182299784
q_1604,WithoutText,0.0,1.0,1.0,0.2611111111111111,0.29580463036418764
q_1605,AliasAwareFusion,0.0,0.0,0.0,0.0,0.0
q_1605,WithoutEntity,0.0,0.0,0.0,0.0,0.0
q_1605,WithoutPhrase,0.0,0.0,0.0,0.0,0.0
q_1605,WithoutText,0.0,0.0,0.0,0.0,0.13099015884915674
q_1606,AliasAwareFusion,0.0,1.0,1.0,0.3333333333333333,0.3935773014954859
q_1606,WithoutEntity,0.0,1.0,1.0,0.3333333333333333,0.3935773014954859
q_1606,WithoutPhrase,0.0,1.0,1.0,0.3333333333333333,0.3935773014954859
q_1606,WithoutText,0.0,1.0,1.0,0.25,0.3390090350877799
q_1607,AliasAwareFusion,1.0,1.0,1.0,1.0,1.0
q_1607,WithoutEntity,1.0,1.0,1.0,1.0,1.0
q_1607,WithoutPhrase,1.0,1.0,1.0,1.0,0.95583058934618
q_1607,WithoutText,1.0,1.0,1.0,1.0,1.0
q_1608,AliasAwareFusion,1.0,1.0,1.0,1.0,1.0
q_1608,WithoutEntity,1.0,1.0,1.0,1.0,0.95583058934618
q_1608,WithoutPhrase,1.0,1.0,1.0,1.0,1.0
q_1608,WithoutText,1.0,1.0,1.0,1.0,0.7871546029909718
q_1609,AliasAwareFusion,0.0,1.0,1.0,0.5,0.42495889834839423
q_1609,WithoutEntity,0.0,1.0,1.0,0.5,0.42495889834839423
q_1609,WithoutPhrase,0.0,1.0,1.0,0.5,0.42495889834839423
q_1609,WithoutText,0.0,1.0,1.0,0.38888888888888884,0.3661676055261242
q_1610,AliasAwareFusion,1.0,1.0,1.0,1.0,0.6735439182299784
q_1610,WithoutEntity,1.0,1.0,1.0,1.0,0.6735439182299784
q_1610,WithoutPhrase,1.0,1.0,1.0,1.0,0.6735439182299784
q_1610,WithoutText,1.0,1.0,1.0,1.0,0.6735439182299784
q_1611,AliasAwareFusion,0.0,1.0,1.0,0.5,0.42495889834839423
q_1611,WithoutEntity,0.0,1.0,1.0,0.3333333333333333,0.3367719591149892
q_1611,WithoutPhrase,1.0,1.0,1.0,1.0,0.6735439182299784
q_1611,WithoutText,0.0,0.0,0.0,0.0,0.0
q_1612,AliasAwareFusion,1.0,1.0,1.0,1.0,0.6735439182299784
q_1612,WithoutEntity,1.0,1.0,1.0,1.0,0.6735439182299784
q_1612,WithoutPhrase,1.0,1.0,1.0,1.0,0.6735439182299784
q_1612,WithoutText,1.0,1.0,1.0,1.0,0.6735439182299784
q_1613,AliasAwareFusion,1.0,1.0,1.0,1.0,0.7871546029909718
q_1613,WithoutEntity,1.0,1.0,1.0,1.0,0.7871546029909718
q_1613,WithoutPhrase,1.0,1.0,1.0,1.0,0.7871546029909718
q_1613,WithoutText,1.0,1.0,1.0,1.0,0.7871546029909718
q_1614,AliasAwareFusion,0.0,0.0,0.0,0.0,0.1305055576691351
q_1614,WithoutEntity,0.0,0.0,0.0,0.0,0.0
q_1614,WithoutPhrase,0.0,0.0,0.0,0.0,0.1452895864661914
q_1614,WithoutText,0.0,1.0,1.0,0.5,0.4966392596877323
q_1615,AliasAwareFusion,0.0,0.0,0.6666666666666666,0.07407407407407407,0.4238329610976002
q_1615,WithoutEntity,0.0,0.0,0.0,0.0,0.0
q_1615,WithoutPhrase,0.0,0.6666666666666666,1.0,0.18888888888888888,0.5423436444522379
q_1615,WithoutText,0.0,0.0,0.0,0.0,0.1028233647884641
q_1616,AliasAwareFusion,1.0,1.0,1.0,1.0,0.6735439182299784
q_1616,WithoutEntity,1.0,1.0,1.0,1.0,0.6735439182299784
q_1616,WithoutPhrase,1.0,1.0,1.0,1.0,0.6735439182299784
q_1616,WithoutText,0.0,1.0,1.0,0.20000000000000004,0.2605623555630197
q_1617,AliasAwareFusion,1.0,1.0,1.0,1.0,0.7697644779771182
q_1617,WithoutEntity,1.0,1.0,1.0,1.0,0.6735439182299784
q_1617,WithoutPhrase,1.0,1.0,1.0,1.0,0.7604397422803805
q_1617,WithoutText,1.0,1.0,1.0,1.0,0.7303231723049627
q_1618,AliasAwareFusion,1.0,1.0,1.0,1.0,0.7871546029909718
q_1618,WithoutEntity,1.0,1.0,1.0,1.0,0.7871546029909718
q_1618,WithoutPhrase,0.0,1.0,1.0,0.3333333333333333,0.3935773014954859
q_1618,WithoutText,1.0,1.0,1.0,1.0,0.7871546029909718
q_1619,AliasAwareFusion,1.0,1.0,1.0,1.0,0.8556691603792904
q_1619,WithoutEntity,1.0,1.0,1.0,1.0,0.8556691603792904
q_1619,WithoutPhrase,1.0,1.0,1.0,1.0,0.8556691603792904
q_1619,WithoutText,1.0,1.0,1.0,1.0,0.8556691603792904
q_1620,AliasAwareFusion,1.0,1.0,1.0,1.0,0.6735439182299784
q_1620,WithoutEntity,1.0,1.0,1.0,1.0,0.6735439182299784
q_1620,WithoutPhrase,1.0,1.0,1.0,1.0,0.6735439182299784
q_1620,WithoutText,1.0,1.0,1.0,1.0,0.6735439182299784
q_1621,AliasAwareFusion,0.0,1.0,1.0,0.3333333333333333,0.3935773014954859
q_1621,WithoutEntity,0.0,1.0,1.0,0.25,0.3390090350877799
q_1621,WithoutPhrase,0.0,1.0,1.0,0.21666666666666667,0.3160116569590256
q_1621,WithoutText,0.0,1.0,1.0,0.21666666666666667,0.3160116569590256
q_1622,AliasAwareFusion,1.0,1.0,1.0,1.0,0.6735439182299784
q_1622,WithoutEntity,0.0,1.0,1.0,0.20000000000000004,0.2605623555630197
q_1622,WithoutPhrase,0.6666666666666666,1.0,1.0,0.8333333333333334,0.590682244936117
q_1622,WithoutText,1.0,1.0,1.0,1.0,0.6735439182299784
q_1623,AliasAwareFusion,1.0,1.0,1.0,1.0,0.6735439182299784
q_1623,WithoutEntity,1.0,1.0,1.0,1.0,0.6735439182299784
q_1623,WithoutPhrase,0.0,1.0,1.0,0.3055555555555555,0.32120783154817745
q_1623,WithoutText,0.0,1.0,1.0,0.5,0.42495889834839423
q_1624,AliasAwareFusion,1.0,1.0,1.0,1.0,0.7871546029909718
q_1624,WithoutEntity,1.0,1.0,1.0,1.0,0.7871546029909718
q_1624,WithoutPhrase,1.0,1.0,1.0,1.0,0.7871546029909718
q_1624,WithoutText,1.0,1.0,1.0,1.0,0.7871546029909718
q_1625,AliasAwareFusion,1.0,1.0,1.0,1.0,0.6735439182299784
q_1625,WithoutEntity,1.0,1.0,1.0,1.0,0.6735439182299784
q_1625,WithoutPhrase,1.0,1.0,1.0,1.0,0.6735439182299784
q_1625,WithoutText,1.0,1.0,1.0,1.0,0.6735439182299784
q_1626,AliasAwareFusion,1.0,1.0,1.0,1.0,0.7871546029909718
q_1626,WithoutEntity,1.0,1.0,1.0,1.0,0.7871546029909718
q_1626,WithoutPhrase,0.0,1.0,1.0,0.25,0.3390090350877799
q_1626,WithoutText,1.0,1.0,1.0,1.0,0.7871546029909718
q_1627,AliasAwareFusion,0.0,0.0,0.0,0.0,0.0
q_1627,WithoutEntity,0.0,0.0,0.0,0.0,0.0
q_1627,WithoutPhrase,0.0,0.0,0.0,0.0,0.0
q_1627,WithoutText,0.0,1.0,1.0,0.20000000000000004,0.3045129678946485
q_1628,AliasAwareFusion,1.0,1.0,1.0,1.0,0.6735439182299784
q_1628,WithoutEntity,0.0,1.0,1.0,0.3333333333333333,0.3367719591149892
q_1628,WithoutPhrase,0.3333333333333333,1.0,1.0,0.6666666666666666,0.5078205716422556
q_1628,WithoutText,1.0,1.0,1.0,1.0,0.6735439182299784
q_1629,AliasAwareFusion,0.0,1.0,1.0,0.3333333333333333,0.3367719591149892
q_1629,WithoutEntity,0.0,0.0,0.0,0.0,0.0
q_1629,WithoutPhrase,0.0,1.0,1.0,0.25,0.290079576414554
q_1629,WithoutText,1.0,1.0,1.0,1.0,0.6735439182299784
q_1630,AliasAwareFusion,1.0,1.0,1.0,1.0,0.6735439182299784
q_1630,WithoutEntity,1.0,1.0,1.0,1.0,0.6735439182299784
q_1630,WithoutPhrase,1.0,1.0,1.0,1.0,0.6735439182299784
q_1630,WithoutText,1.0,1.0,1.0,1.0,0.6735439182299784
q_1631,AliasAwareFusion,1.0,1.0,1.0,1.0,0.8887076658732239
q_1631,WithoutEntity,1.0,1.0,1.0,1.0,0.7871546029909718
q_1631,WithoutPhrase,1.0,1.0,1.0,1.0,0.7871546029909718
q_1631,WithoutText,0.0,1.0,1.0,0.5,0.8339912323981488
q_1632,AliasAwareFusion,1.0,1.0,1.0,1.0,0.6735439182299784
q_1632,WithoutEntity,0.0,0.0,0.0,0.0,0.0
q_1632,WithoutPhrase,1.0,1.0,1.0,1.0,0.6735439182299784
q_1632,WithoutText,1.0,1.0,1.0,1.0,0.6735439182299784
q_1633,AliasAwareFusion,1.0,1.0,1.0,1.0,0.6735439182299784
q_1633,WithoutEntity,1.0,1.0,1.0,1.0,0.6735439182299784
q_1633,WithoutPhrase,1.0,1.0,1.0,1.0,0.6735439182299784
q_1633,WithoutText,1.0,1.0,1.0,1.0,0.6735439182299784
q_1634,AliasAwareFusion,1.0,1.0,1.0,1.0,0.6735439182299784
q_1634,WithoutEntity,1.0,1.0,1.0,1.0,0.6735439182299784
q_1634,WithoutPhrase,1.0,1.0,1.0,1.0,0.6735439182299784
q_1634,WithoutText,1.0,1.0,1.0,1.0,0.6735439182299784
q_1635,AliasAwareFusion,0.0,1.0,1.0,0.5,0.7136205775898136
q_1635,WithoutEntity,0.0,1.0,1.0,0.20000000000000004,0.549224034804439
q_1635,WithoutPhrase,0.0,1.0,1.0,0.5,0.7136205775898136
q_1635,WithoutText,1.0,1.0,1.0,1.0,0.7740068414947938
q_1636,AliasAwareFusion,1.0,1.0,1.0,1.0,0.9047705819010902
q_1636,WithoutEntity,1.0,1.0,1.0,1.0,0.6735439182299784
q_1636,WithoutPhrase,1.0,1.0,1.0,1.0,0.9799889788426704
q_1636,WithoutText,0.0,0.6666666666666666,1.0,0.2333333333333333,0.2790851663948084
q_1637,AliasAwareFusion,1.0,1.0,1.0,1.0,0.7871546029909718
q_1637,WithoutEntity,1.0,1.0,1.0,1.0,0.7871546029909718
q_1637,WithoutPhrase,1.0,1.0,1.0,1.0,0.7871546029909718
q_1637,WithoutText,1.0,1.0,1.0,1.0,0.7871546029909718
q_1638,AliasAwareFusion,1.0,1.0,1.0,1.0,0.95583058934618
q_1638,WithoutEntity,1.0,1.0,1.0,1.0,0.9176601606601068
q_1638,WithoutPhrase,1.0,1.0,1.0,1.0,0.9324441894571632
q_1638,WithoutText,1.0,1.0,1.0,1.0,0.9324441894571632
q_1639,AliasAwareFusion,1.0,1.0,1.0,1.0,0.7978637366933587
q_1639,WithoutEntity,1.0,1.0,1.0,1.0,0.900687101481823
q_1639,WithoutPhrase,1.0,1.0,1.0,1.0,0.7978637366933587
q_1639,WithoutText,0.0,1.0,1.0,0.5,0.5492787168117745
q_1640,AliasAwareFusion,1.0,1.0,1.0,1.0,0.7852134991855584
q_1640,WithoutEntity,1.0,1.0,1.0,1.0,0.7852134991855584
q_1640,WithoutPhrase,1.0,1.0,1.0,1.0,0.7763672830184426
q_1640,WithoutText,1.0,1.0,1.0,1.0,0.7978637366933587
q_1641,AliasAwareFusion,1.0,1.0,1.0,1.0,0.8556691603792904
q_1641,WithoutEntity,1.0,1.0,1.0,1.0,0.7763672830184426
q_1641,WithoutPhrase,1.0,1.0,1.0,1.0,0.8556691603792904
q_1641,WithoutText,1.0,1.0,1.0,1.0,0.8304728920268888
q_1642,AliasAwareFusion,1.0,1.0,1.0,1.0,0.7871546029909718
q_1642,WithoutEntity,1.0,1.0,1.0,1.0,0.7871546029909718
q_1642,WithoutPhrase,1.0,1.0,1.0,1.0,0.7871546029909718
q_1642,WithoutText,0.0,1.0,1.0,0.3333333333333333,0.3935773014954859
q_1643,AliasAwareFusion,1.0,1.0,1.0,1.0,0.7871546029909718
q_1643,WithoutEntity,1.0,1.0,1.0,1.0,0.7871546029909718
q_1643,WithoutPhrase,1.0,1.0,1.0,1.0,0.7871546029909718
q_1643,WithoutText,1.0,1.0,1.0,1.0,0.7871546029909718
q_1644,AliasAwareFusion,1.0,1.0,1.0,1.0,0.7646065393046344
q_1644,WithoutEntity,1.0,1.0,1.0,1.0,0.6735439182299784
q_1644,WithoutPhrase,1.0,1.0,1.0,1.0,0.7852134991855584
q_1644,WithoutText,0.0,1.0,1.0,0.3333333333333333,0.3367719591149892
q_1645,AliasAwareFusion,0.0,1.0,1.0,0.3333333333333333,0.3935773014954859
q_1645,WithoutEntity,0.0,0.0,1.0,0.1666666666666666,0.280390126950546
q_1645,WithoutPhrase,0.0,1.0,1.0,0.3333333333333333,0.3935773014954859
q_1645,WithoutText,0.0,0.0,0.0,0.0,0.0
q_1646,AliasAwareFusion,1.0,1.0,1.0,1.0,0.7871546029909718
q_1646,WithoutEntity,0.0,1.0,1.0,0.5,0.5981923225699844
q_1646,WithoutPhrase,1.0,1.0,1.0,1.0,0.7871546029909718
q_1646,WithoutText,1.0,1.0,1.0,1.0,0.7871546029909718
q_1647,AliasAwareFusion,1.0,1.0,1.0,1.0,0.6735439182299784
q_1647,WithoutEntity,1.0,1.0,1.0,1.0,0.6735439182299784
q_1647,WithoutPhrase,1.0,1.0,1.0,1.0,0.6735439182299784
q_1647,WithoutText,0.0,1.0,1.0,0.5,0.42495889834839423
q_1648,AliasAwareFusion,0.0,1.0,1.0,0.5,0.8339912323981488
q_1648,WithoutEntity,0.0,1.0,1.0,0.5,0.8339912323981488
q_1648,WithoutPhrase,0.0,1.0,1.0,0.5,0.8339912323981488
q_1648,WithoutText,1.0,1.0,1.0,1.0,1.0
q_1649,AliasAwareFusion,1.0,1.0,1.0,1.0,0.9799889788426704
q_1649,WithoutEntity,1.0,1.0,1.0,1.0,0.8556691603792904
q_1649,WithoutPhrase,1.0,1.0,1.0,1.0,0.8556691603792904
q_1649,WithoutText,1.0,1.0,1.0,1.0,0.9673387413348701
q_1650,AliasAwareFusion,1.0,1.0,1.0,1.0,0.6735439182299784
q_1650,WithoutEntity,1.0,1.0,1.0,1.0,0.8178747578506881
q_1650,WithoutPhrase,1.0,1.0,1.0,1.0,0.6735439182299784
q_1650,WithoutText,1.0,1.0,1.0,1.0,0.6735439182299784
q_1651,AliasAwareFusion,1.0,1.0,1.0,1.0,0.6735439182299784
q_1651,WithoutEntity,0.0,1.0,1.0,0.5,0.42495889834839423
q_1651,WithoutPhrase,1.0,1.0,1.0,1.0,0.6735439182299784
q_1651,WithoutText,1.0,1.0,1.0,1.0,0.6735439182299784
q_1652,AliasAwareFusion,1.0,1.0,1.0,1.0,0.8556691603792904
q_1652,WithoutEntity,1.0,1.0,1.0,1.0,0.6735439182299784
q_1652,WithoutPhrase,1.0,1.0,1.0,1.0,0.8556691603792904
q_1652,WithoutText,1.0,1.0,1.0,1.0,0.8556691603792904
q_1653,AliasAwareFusion,1.0,1.0,1.0,1.0,0.7871546029909718
q_1653,WithoutEntity,1.0,1.0,1.0,1.0,0.7871546029909718
q_1653,WithoutPhrase,1.0,1.0,1.0,1.0,0.7871546029909718
q_1653,WithoutText,1.0,1.0,1.0,1.0,0.7871546029909718
q_1654,AliasAwareFusion,1.0,1.0,1.0,1.0,0.7871546029909718
q_1654,WithoutEntity,1.0,1.0,1.0,1.0,0.7871546029909718
q_1654,WithoutPhrase,1.0,1.0,1.0,1.0,0.7871546029909718
q_1654,WithoutText,0.0,1.0,1.0,0.5,0.4966392596877323
q_1655,AliasAwareFusion,1.0,1.0,1.0,1.0,0.6735439182299784
q_1655,WithoutEntity,1.0,1.0,1.0,1.0,0.6735439182299784
q_1655,WithoutPhrase,1.0,1.0,1.0,1.0,0.6735439182299784
q_1655,WithoutText,1.0,1.0,1.0,1.0,0.6735439182299784
q_1656,AliasAwareFusion,1.0,1.0,1.0,1.0,0.6735439182299784
q_1656,WithoutEntity,1.0,1.0,1.0,1.0,0.6735439182299784
q_1656,WithoutPhrase,1.0,1.0,1.0,1.0,0.6735439182299784
q_1656,WithoutText,1.0,1.0,1.0,1.0,0.6735439182299784
q_1657,AliasAwareFusion,1.0,1.0,1.0,1.0,0.7871546029909718
q_1657,WithoutEntity,1.0,1.0,1.0,1.0,0.7871546029909718
q_1657,WithoutPhrase,1.0,1.0,1.0,1.0,0.7871546029909718
q_1657,WithoutText,1.0,1.0,1.0,1.0,0.7871546029909718
q_1658,AliasAwareFusion,1.0,1.0,1.0,1.0,0.7871546029909718
q_1658,WithoutEntity,1.0,1.0,1.0,1.0,0.7871546029909718
q_1658,WithoutPhrase,1.0,1.0,1.0,1.0,0.7871546029909718
q_1658,WithoutText,1.0,1.0,1.0,1.0,0.7871546029909718
q_1659,AliasAwareFusion,1.0,1.0,1.0,1.0,0.6735439182299784
q_1659,WithoutEntity,1.0,1.0,1.0,1.0,0.6735439182299784
q_1659,WithoutPhrase,1.0,1.0,1.0,1.0,0.6735439182299784
q_1659,WithoutText,1.0,1.0,1.0,1.0,0.6735439182299784
q_1660,AliasAwareFusion,1.0,1.0,1.0,1.0,0.7871546029909718
q_1660,WithoutEntity,0.0,1.0,1.0,0.25,0.3390090350877799
q_1660,WithoutPhrase,1.0,1.0,1.0,1.0,0.7871546029909718
q_1660,WithoutText,0.0,0.0,0.0,0.0,0.0
q_1661,AliasAwareFusion,1.0,1.0,1.0,1.0,0.8556691603792904
q_1661,WithoutEntity,1.0,1.0,1.0,1.0,0.8556691603792904
q_1661,WithoutPhrase,1.0,1.0,1.0,1.0,0.8556691603792904
q_1661,WithoutText,1.0,1.0,1.0,1.0,0.7852134991855584
q_1662,AliasAwareFusion,1.0,1.0,1.0,1.0,0.7871546029909718
q_1662,WithoutEntity,1.0,1.0,1.0,1.0,0.7871546029909718
q_1662,WithoutPhrase,1.0,1.0,1.0,1.0,0.7871546029909718
q_1662,WithoutText,1.0,1.0,1.0,1.0,0.7871546029909718
q_1663,AliasAwareFusion,0.0,0.0,0.0,0.0,0.0
q_1663,WithoutEntity,0.0,0.0,0.0,0.0,0.0
q_1663,WithoutPhrase,0.0,0.0,0.0,0.0,0.0
q_1663,WithoutText,0.0,0.0,0.0,0.0,0.0
q_1664,AliasAwareFusion,1.0,1.0,1.0,1.0,0.7871546029909718
q_1664,WithoutEntity,1.0,1.0,1.0,1.0,0.7871546029909718
q_1664,WithoutPhrase,0.6666666666666666,1.0,1.0,0.8333333333333334,0.6903161552232254
q_1664,WithoutText,1.0,1.0,1.0,1.0,0.7871546029909718
q_1665,AliasAwareFusion,0.0,0.0,0.0,0.0,0.0
q_1665,WithoutEntity,0.0,1.0,1.0,0.3333333333333333,0.3367719591149892
q_1665,WithoutPhrase,0.0,0.0,0.0,0.0,0.0
q_1665,WithoutText,0.0,0.0,0.0,0.0,0.0
q_1666,AliasAwareFusion,0.0,0.0,0.0,0.0,0.0
q_1666,WithoutEntity,0.0,0.0,0.0,0.0,0.0
q_1666,WithoutPhrase,0.0,1.0,1.0,0.5,0.42495889834839423
q_1666,WithoutText,0.0,0.0,0.0,0.0,0.0
q_1667,AliasAwareFusion,1.0,1.0,1.0,1.0,0.7871546029909718
q_1667,WithoutEntity,1.0,1.0,1.0,1.0,0.7871546029909718
q_1667,WithoutPhrase,1.0,1.0,1.0,1.0,0.7871546029909718
q_1667,WithoutText,1.0,1.0,1.0,1.0,0.7871546029909718
q_1668,AliasAwareFusion,1.0,1.0,1.0,1.0,0.6735439182299784
q_1668,WithoutEntity,1.0,1.0,1.0,1.0,0.6735439182299784
q_1668,WithoutPhrase,1.0,1.0,1.0,1.0,0.6735439182299784
q_1668,WithoutText,1.0,1.0,1.0,1.0,0.6735439182299784
q_1669,AliasAwareFusion,1.0,1.0,1.0,1.0,0.6735439182299784
q_1669,WithoutEntity,1.0,1.0,1.0,1.0,0.6735439182299784
q_1669,WithoutPhrase,1.0,1.0,1.0,1.0,0.6735439182299784
q_1669,WithoutText,0.0,1.0,1.0,0.5,0.42495889834839423
q_1670,AliasAwareFusion,1.0,1.0,1.0,1.0,0.6735439182299784
q_1670,WithoutEntity,1.0,1.0,1.0,1.0,0.6735439182299784
q_1670,WithoutPhrase,1.0,1.0,1.0,1.0,0.6735439182299784
q_1670,WithoutText,1.0,1.0,1.0,1.0,0.6735439182299784
q_1671,AliasAwareFusion,1.0,1.0,1.0,1.0,0.7871546029909718
q_1671,WithoutEntity,1.0,1.0,1.0,1.0,0.7871546029909718
q_1671,WithoutPhrase,1.0,1.0,1.0,1.0,0.7871546029909718
q_1671,WithoutText,1.0,1.0,1.0,1.0,0.7871546029909718
q_1672,AliasAwareFusion,0.0,1.0,1.0,0.4444444444444444,0.39556325193725916
q_1672,WithoutEntity,0.0,1.0,1.0,0.5,0.42495889834839423
q_1672,WithoutPhrase,0.0,1.0,1.0,0.4444444444444444,0.39556325193725916
q_1672,WithoutText,0.0,0.0,0.0,0.0,0.0
q_1673,AliasAwareFusion,1.0,1.0,1.0,1.0,1.0
q_1673,WithoutEntity,1.0,1.0,1.0,1.0,1.0
q_1673,WithoutPhrase,1.0,1.0,1.0,1.0,1.0
q_1673,WithoutText,1.0,1.0,1.0,1.0,1.0
q_1674,AliasAwareFusion,1.0,1.0,1.0,1.0,0.9176601606601068
q_1674,WithoutEntity,1.0,1.0,1.0,1.0,0.95583058934618
q_1674,WithoutPhrase,1.0,1.0,1.0,1.0,0.9047496203573645
q_1674,WithoutText,1.0,1.0,1.0,1.0,0.7871546029909718
q_1675,AliasAwareFusion,1.0,1.0,1.0,1.0,0.8178747578506881
q_1675,WithoutEntity,1.0,1.0,1.0,1.0,0.7978637366933587
q_1675,WithoutPhrase,1.0,1.0,1.0,1.0,0.7697644779771182
q_1675,WithoutText,1.0,1.0,1.0,1.0,0.8556691603792904
q_1676,AliasAwareFusion,1.0,1.0,1.0,1.0,0.7871546029909718
q_1676,WithoutEntity,1.0,1.0,1.0,1.0,0.7871546029909718
q_1676,WithoutPhrase,1.0,1.0,1.0,1.0,0.7871546029909718
q_1676,WithoutText,0.6666666666666666,1.0,1.0,0.8333333333333334,0.6903161552232252
q_1677,AliasAwareFusion,1.0,1.0,1.0,1.0,0.7871546029909718
q_1677,WithoutEntity,1.0,1.0,1.0,1.0,0.7871546029909718
q_1677,WithoutPhrase,1.0,1.0,1.0,1.0,0.7871546029909718
q_1677,WithoutText,1.0,1.0,1.0,1.0,0.7871546029909718
q_1678,AliasAwareFusion,1.0,1.0,1.0,1.0,0.6735439182299784
q_1678,WithoutEntity,1.0,1.0,1.0,1.0,0.6735439182299784
q_1678,WithoutPhrase,1.0,1.0,1.0,1.0,0.6735439182299784
q_1678,WithoutText,1.0,1.0,1.0,1.0,0.6735439182299784
q_1679,AliasAwareFusion,1.0,1.0,1.0,1.0,0.6735439182299784
q_1679,WithoutEntity,1.0,1.0,1.0,1.0,0.6735439182299784
q_1679,WithoutPhrase,1.0,1.0,1.0,1.0,0.6735439182299784
q_1679,WithoutText,1.0,1.0,1.0,1.0,0.6735439182299784
q_1680,AliasAwareFusion,1.0,1.0,1.0,1.0,0.7871546029909718
q_1680,WithoutEntity,0.0,0.0,1.0,0.1666666666666666,0.280390126950546
q_1680,WithoutPhrase,1.0,1.0,1.0,1.0,0.7871546029909718
q_1680,WithoutText,0.0,0.0,0.0,0.0,0.0
q_1681,AliasAwareFusion,1.0,1.0,1.0,1.0,0.6735439182299784
q_1681,WithoutEntity,0.0,1.0,1.0,0.5,0.42495889834839423
q_1681,WithoutPhrase,1.0,1.0,1.0,1.0,0.6735439182299784
q_1681,WithoutText,1.0,1.0,1.0,1.0,0.6735439182299784
q_1682,AliasAwareFusion,1.0,1.0,1.0,1.0,0.6735439182299784
q_1682,WithoutEntity,1.0,1.0,1.0,1.0,0.6735439182299784
q_1682,WithoutPhrase,1.0,1.0,1.0,1.0,0.6735439182299784
q_1682,WithoutText,0.0,0.0,0.0,0.0,0.0
q_1683,AliasAwareFusion,1.0,1.0,1.0,1.0,0.7871546029909718
q_1683,WithoutEntity,1.0,1.0,1.0,1.0,0.95583058934618
q_1683,WithoutPhrase,1.0,1.0,1.0,1.0,0.7871546029909718
q_1683,WithoutText,1.0,1.0,1.0,1.0,0.7871546029909718
q_1684,AliasAwareFusion,1.0,1.0,1.0,1.0,0.6735439182299784
q_1684,WithoutEntity,1.0,1.0,1.0,1.0,0.6735439182299784
q_1684,WithoutPhrase,1.0,1.0,1.0,1.0,0.6735439182299784
q_1684,WithoutText,0.0,1.0,1.0,0.5,0.5277822631368584
q_1685,AliasAwareFusion,1.0,1.0,1.0,1.0,0.7871546029909718
q_1685,WithoutEntity,1.0,1.0,1.0,1.0,0.7871546029909718
q_1685,WithoutPhrase,1.0,1.0,1.0,1.0,0.7871546029909718
q_1685,WithoutText,1.0,1.0,1.0,1.0,0.7871546029909718
q_1686,AliasAwareFusion,1.0,1.0,1.0,1.0,0.737690958061405
q_1686,WithoutEntity,1.0,1.0,1.0,1.0,0.7852134991855584
q_1686,WithoutPhrase,1.0,1.0,1.0,1.0,0.7769555802171658
q_1686,WithoutText,1.0,1.0,1.0,1.0,0.6735439182299784
q_1687,AliasAwareFusion,1.0,1.0,1.0,1.0,0.7871546029909718
q_1687,WithoutEntity,1.0,1.0,1.0,1.0,0.7871546029909718
q_1687,WithoutPhrase,1.0,1.0,1.0,1.0,0.7871546029909718
q_1687,WithoutText,1.0,1.0,1.0,1.0,0.7871546029909718
q_1688,AliasAwareFusion,1.0,1.0,1.0,1.0,0.8178747578506881
q_1688,WithoutEntity,1.0,1.0,1.0,1.0,0.8556691603792904
q_1688,WithoutPhrase,1.0,1.0,1.0,1.0,0.8112044174649116
q_1688,WithoutText,1.0,1.0,1.0,1.0,0.6735439182299784
q_1689,AliasAwareFusion,1.0,1.0,1.0,1.0,0.7871546029909718
q_1689,WithoutEntity,1.0,1.0,1.0,1.0,0.7871546029909718
q_1689,WithoutPhrase,1.0,1.0,1.0,1.0,0.7871546029909718
q_1689,WithoutText,0.0,0.0,1.0,0.12037037037037036,0.24453213547099573
q_1690,AliasAwareFusion,1.0,1.0,1.0,1.0,0.6735439182299784
q_1690,WithoutEntity,1.0,1.0,1.0,1.0,0.6735439182299784
q_1690,WithoutPhrase,1.0,1.0,1.0,1.0,0.6735439182299784
q_1690,WithoutText,1.0,1.0,1.0,1.0,0.6735439182299784
q_1691,AliasAwareFusion,1.0,1.0,1.0,1.0,0.6735439182299784
q_1691,WithoutEntity,1.0,1.0,1.0,1.0,0.6735439182299784
q_1691,WithoutPhrase,1.0,1.0,1.0,1.0,0.6735439182299784
q_1691,WithoutText,1.0,1.0,1.0,1.0,0.7763672830184426
q_1692,AliasAwareFusion,1.0,1.0,1.0,1.0,0.8556691603792904
q_1692,WithoutEntity,1.0,1.0,1.0,1.0,0.6735439182299784
q_1692,WithoutPhrase,1.0,1.0,1.0,1.0,0.8556691603792904
q_1692,WithoutText,1.0,1.0,1.0,1.0,0.8304728920268888
q_1693,AliasAwareFusion,0.6666666666666666,1.0,1.0,0.8333333333333334,0.6903161552232252
q_1693,WithoutEntity,1.0,1.0,1.0,1.0,0.7871546029909718
q_1693,WithoutPhrase,0.0,1.0,1.0,0.5,0.4966392596877323
q_1693,WithoutText,0.6666666666666666,1.0,1.0,0.7777777777777778,0.6559621691591432
q_1694,AliasAwareFusion,1.0,1.0,1.0,1.0,0.6735439182299784
q_1694,WithoutEntity,1.0,1.0,1.0,1.0,0.7569858564045292
q_1694,WithoutPhrase,1.0,1.0,1.0,1.0,0.6735439182299784
q_1694,WithoutText,1.0,1.0,1.0,1.0,0.6735439182299784
q_1695,AliasAwareFusion,1.0,1.0,1.0,1.0,0.7871546029909718
q_1695,WithoutEntity,1.0,1.0,1.0,1.0,0.7871546029909718
q_1695,WithoutPhrase,1.0,1.0,1.0,1.0,0.7871546029909718
q_1695,WithoutText,1.0,1.0,1.0,1.0,0.7871546029909718
q_1696,AliasAwareFusion,0.0,1.0,1.0,0.3333333333333333,0.4356750759988506
q_1696,WithoutEntity,0.0,0.0,1.0,0.1111111111111111,0.2027569227842713
q_1696,WithoutPhrase,0.0,1.0,1.0,0.3333333333333333,0.43331463447520174
q_1696,WithoutText,1.0,1.0,1.0,1.0,0.8178747578506881
q_1697,AliasAwareFusion,1.0,1.0,1.0,1.0,0.9562915901539796
q_1697,WithoutEntity,1.0,1.0,1.0,1.0,0.8556691603792904
q_1697,WithoutPhrase,1.0,1.0,1.0,1.0,0.9673387413348701
q_1697,WithoutText,1.0,1.0,1.0,1.0,0.9562915901539796
q_1698,AliasAwareFusion,0.0,1.0,1.0,0.5,0.7136205775898136
q_1698,WithoutEntity,0.0,1.0,1.0,0.5,0.7136205775898136
q_1698,WithoutPhrase,0.0,1.0,1.0,0.5,0.7136205775898136
q_1698,WithoutText,1.0,1.0,1.0,1.0,0.9614412638901263
q_1699,AliasAwareFusion,1.0,1.0,1.0,1.0,0.7871546029909718
q_1699,WithoutEntity,1.0,1.0,1.0,1.0,0.7871546029909718
q_1699,WithoutPhrase,1.0,1.0,1.0,1.0,0.7871546029909718
q_1699,WithoutText,1.0,1.0,1.0,1.0,0.7871546029909718
q_1700,AliasAwareFusion,1.0,1.0,1.0,1.0,0.6735439182299784
q_1700,WithoutEntity,0.0,1.0,1.0,0.5,0.42495889834839423
q_1700,WithoutPhrase,1.0,1.0,1.0,1.0,0.6735439182299784
q_1700,WithoutText,1.0,1.0,1.0,1.0,0.6735439182299784
q_1701,AliasAwareFusion,0.0,1.0,1.0,0.3333333333333333,0.3367719591149892
q_1701,WithoutEntity,0.0,1.0,1.0,0.3333333333333333,0.3367719591149892
q_1701,WithoutPhrase,0.0,0.0,1.0,0.1666666666666666,0.2399211845064163
q_1701,WithoutText,0.0,0.3333333333333333,1.0,0.1537037037037037,0.22917811831314785
q_1702,AliasAwareFusion,1.0,1.0,1.0,1.0,0.7871546029909718
q_1702,WithoutEntity,1.0,1.0,1.0,1.0,0.7871546029909718
q_1702,WithoutPhrase,1.0,1.0,1.0,1.0,0.7871546029909718
q_1702,WithoutText,0.0,1.0,1.0,0.38888888888888884,0.42793128755956805
q_1703,AliasAwareFusion,1.0,1.0,1.0,1.0,0.6735439182299784
q_1703,WithoutEntity,1.0,1.0,1.0,1.0,0.6735439182299784
q_1703,WithoutPhrase,1.0,1.0,1.0,1.0,0.6735439182299784
q_1703,WithoutText,1.0,1.0,1.0,1.0,0.6735439182299784
q_1704,AliasAwareFusion,1.0,1.0,1.0,1.0,0.6735439182299784
q_1704,WithoutEntity,1.0,1.0,1.0,1.0,0.6735439182299784
q_1704,WithoutPhrase,1.0,1.0,1.0,1.0,0.6735439182299784
q_1704,WithoutText,1.0,1.0,1.0,1.0,0.6735439182299784
q_1705,AliasAwareFusion,1.0,1.0,1.0,1.0,0.6735439182299784
q_1705,WithoutEntity,1.0,1.0,1.0,1.0,0.6735439182299784
q_1705,WithoutPhrase,1.0,1.0,1.0,1.0,0.6735439182299784
q_1705,WithoutText,1.0,1.0,1.0,1.0,0.6735439182299784
q_1706,AliasAwareFusion,0.0,1.0,1.0,0.5,0.7136205775898136
q_1706,WithoutEntity,1.0,1.0,1.0,1.0,0.8178747578506881
q_1706,WithoutPhrase,0.0,1.0,1.0,0.4444444444444444,0.6842249311786786
q_1706,WithoutText,0.0,0.0,0.0,0.0,0.1087208422332079
q_1707,AliasAwareFusion,1.0,1.0,1.0,1.0,0.8178747578506881
q_1707,WithoutEntity,1.0,1.0,1.0,1.0,0.7763672830184426
q_1707,WithoutPhrase,1.0,1.0,1.0,1.0,0.8178747578506881
q_1707,WithoutText,1.0,1.0,1.0,1.0,0.7906982521350533
q_1708,AliasAwareFusion,0.0,1.0,1.0,0.5,0.4966392596877323
q_1708,WithoutEntity,0.0,0.0,1.0,0.1428571428571428,0.2623848676636572
q_1708,WithoutPhrase,0.0,1.0,1.0,0.5,0.4966392596877323
q_1708,WithoutText,0.0,0.0,0.6666666666666666,0.06666666666666667,0.15169247239927414
q_1709,AliasAwareFusion,1.0,1.0,1.0,1.0,0.7871546029909718
q_1709,WithoutEntity,1.0,1.0,1.0,1.0,0.7871546029909718
q_1709,WithoutPhrase,1.0,1.0,1.0,1.0,0.7871546029909718
q_1709,WithoutText,1.0,1.0,1.0,1.0,0.7871546029909718
q_1710,AliasAwareFusion,1.0,1.0,1.0,1.0,0.6735439182299784
q_1710,WithoutEntity,1.0,1.0,1.0,1.0,0.6735439182299784
q_1710,WithoutPhrase,1.0,1.0,1.0,1.0,0.6735439182299784
q_1710,WithoutText,1.0,1.0,1.0,1.0,0.7646065393046344
q_1711,AliasAwareFusion,1.0,1.0,1.0,1.0,0.7871546029909718
q_1711,WithoutEntity,1.0,1.0,1.0,1.0,0.7871546029909718
q_1711,WithoutPhrase,1.0,1.0,1.0,1.0,0.7871546029909718
q_1711,WithoutText,1.0,1.0,1.0,1.0,0.7871546029909718
q_1712,AliasAwareFusion,1.0,1.0,1.0,1.0,0.7871546029909718
q_1712,WithoutEntity,1.0,1.0,1.0,1.0,0.7871546029909718
q_1712,WithoutPhrase,1.0,1.0,1.0,1.0,0.7871546029909718
q_1712,WithoutText,1.0,1.0,1.0,1.0,0.8903308777473113
q_1713,AliasAwareFusion,0.0,1.0,1.0,0.25,0.3390090350877799
q_1713,WithoutEntity,0.0,1.0,1.0,0.20000000000000004,0.3045129678946485
q_1713,WithoutPhrase,0.0,0.0,1.0,0.1428571428571428,0.2623848676636572
q_1713,WithoutText,0.0,1.0,1.0,0.3333333333333333,0.3935773014954859
q_1714,AliasAwareFusion,1.0,1.0,1.0,1.0,0.7871546029909718
q_1714,WithoutEntity,1.0,1.0,1.0,1.0,0.7871546029909718
q_1714,WithoutPhrase,1.0,1.0,1.0,1.0,0.7871546029909718
q_1714,WithoutText,1.0,1.0,1.0,1.0,0.7871546029909718
q_1715,AliasAwareFusion,0.0,1.0,1.0,0.3055555555555555,0.6933114489641475
q_1715,WithoutEntity,1.0,1.0,1.0,1.0,0.9673387413348701
q_1715,WithoutPhrase,0.0,0.0,1.0,0.1666666666666666,0.5285828637478357
q_1715,WithoutText,0.0,0.0,0.0,0.0,0.1243198184633803
q_1716,AliasAwareFusion,1.0,1.0,1.0,1.0,0.9799889788426704
q_1716,WithoutEntity,1.0,1.0,1.0,1.0,0.9799889788426704
q_1716,WithoutPhrase,1.0,1.0,1.0,1.0,0.9799889788426704
q_1716,WithoutText,1.0,1.0,1.0,1.0,0.7569858564045292
q_1717,AliasAwareFusion,0.0,0.0,0.0,0.0,0.0
q_1717,WithoutEntity,0.0,0.0,1.0,0.10000000000000002,0.2275387085989112
q_1717,WithoutPhrase,0.0,0.0,0.0,0.0,0.0
q_1717,WithoutText,0.0,1.0,1.0,0.38888888888888884,0.42793128755956805
q_1718,AliasAwareFusion,1.0,1.0,1.0,1.0,0.7317121046463807
q_1718,WithoutEntity,0.0,1.0,1.0,0.5,0.42495889834839423
q_1718,WithoutPhrase,1.0,1.0,1.0,1.0,0.6735439182299784
q_1718,WithoutText,1.0,1.0,1.0,1.0,0.6735439182299784
q_1719,AliasAwareFusion,1.0,1.0,1.0,1.0,0.7852134991855584
q_1719,WithoutEntity,0.0,1.0,1.0,0.3333333333333333,0.4484415400705691
q_1719,WithoutPhrase,1.0,1.0,1.0,1.0,0.7697644779771182
q_1719,WithoutText,0.0,1.0,1.0,0.3055555555555555,0.32120783154817745
q_1720,AliasAwareFusion,1.0,1.0,1.0,1.0,0.7871546029909718
q_1720,WithoutEntity,1.0,1.0,1.0,1.0,0.7871546029909718
q_1720,WithoutPhrase,1.0,1.0,1.0,1.0,0.7871546029909718
q_1720,WithoutText,1.0,1.0,1.0,1.0,0.7871546029909718
q_1721,AliasAwareFusion,1.0,1.0,1.0,1.0,0.6735439182299784
q_1721,WithoutEntity,1.0,1.0,1.0,1.0,0.6735439182299784
q_1721,WithoutPhrase,1.0,1.0,1.0,1.0,0.6735439182299784
q_1721,WithoutText,1.0,1.0,1.0,1.0,0.6735439182299784
q_1722,AliasAwareFusion,1.0,1.0,1.0,1.0,0.6735439182299784
q_1722,WithoutEntity,1.0,1.0,1.0,1.0,0.6735439182299784
q_1722,WithoutPhrase,1.0,1.0,1.0,1.0,0.6735439182299784
q_1722,WithoutText,0.0,0.0,0.0,0.0,0.0
q_1723,AliasAwareFusion,1.0,1.0,1.0,1.0,0.7871546029909718
q_1723,WithoutEntity,1.0,1.0,1.0,1.0,0.7871546029909718
q_1723,WithoutPhrase,1.0,1.0,1.0,1.0,0.7871546029909718
q_1723,WithoutText,1.0,1.0,1.0,1.0,0.7871546029909718
q_1724,AliasAwareFusion,1.0,1.0,1.0,1.0,0.7871546029909718
q_1724,WithoutEntity,1.0,1.0,1.0,1.0,0.7871546029909718
q_1724,WithoutPhrase,1.0,1.0,1.0,1.0,0.7871546029909718
q_1724,WithoutText,1.0,1.0,1.0,1.0,0.7871546029909718
q_1725,AliasAwareFusion,1.0,1.0,1.0,1.0,0.6735439182299784
q_1725,WithoutEntity,1.0,1.0,1.0,1.0,0.6735439182299784
q_1725,WithoutPhrase,1.0,1.0,1.0,1.0,0.6735439182299784
q_1725,WithoutText,0.0,1.0,1.0,0.27777777777777773,0.30564370398136576
q_1726,AliasAwareFusion,1.0,1.0,1.0,1.0,0.8178747578506881
q_1726,WithoutEntity,1.0,1.0,1.0,1.0,0.7978637366933587
q_1726,WithoutPhrase,1.0,1.0,1.0,1.0,0.8178747578506881
q_1726,WithoutText,1.0,1.0,1.0,1.0,0.7604397422803805
q_1727,AliasAwareFusion,1.0,1.0,1.0,1.0,0.6735439182299784
q_1727,WithoutEntity,1.0,1.0,1.0,1.0,0.6735439182299784
q_1727,WithoutPhrase,1.0,1.0,1.0,1.0,0.6735439182299784
q_1727,WithoutText,1.0,1.0,1.0,1.0,0.6735439182299784
q_1728,AliasAwareFusion,1.0,1.0,1.0,1.0,0.7753957738362117
q_1728,WithoutEntity,1.0,1.0,1.0,1.0,0.7763672830184426
q_1728,WithoutPhrase,1.0,1.0,1.0,1.0,0.75928844698843
q_1728,WithoutText,1.0,1.0,1.0,1.0,0.7291718770130123
q_1729,AliasAwareFusion,1.0,1.0,1.0,1.0,0.6735439182299784
q_1729,WithoutEntity,0.0,1.0,1.0,0.5,0.42495889834839423
q_1729,WithoutPhrase,1.0,1.0,1.0,1.0,0.6735439182299784
q_1729,WithoutText,0.0,1.0,1.0,0.5,0.42495889834839423
q_1730,AliasAwareFusion,1.0,1.0,1.0,1.0,0.6735439182299784
q_1730,WithoutEntity,1.0,1.0,1.0,1.0,0.6735439182299784
q_1730,WithoutPhrase,1.0,1.0,1.0,1.0,0.6735439182299784
q_1730,WithoutText,1.0,1.0,1.0,1.0,0.6735439182299784
q_1731,AliasAwareFusion,1.0,1.0,1.0,1.0,0.9861641750559181
q_1731,WithoutEntity,1.0,1.0,1.0,1.0,0.8556691603792904
q_1731,WithoutPhrase,1.0,1.0,1.0,1.0,1.0
q_1731,WithoutText,1.0,1.0,1.0,1.0,0.8556691603792904
q_1732,AliasAwareFusion,1.0,1.0,1.0,1.0,1.0
q_1732,WithoutEntity,1.0,1.0,1.0,1.0,1.0
q_1732,WithoutPhrase,1.0,1.0,1.0,1.0,1.0
q_1732,WithoutText,0.0,0.6666666666666666,1.0,0.18888888888888888,0.3766376005257018
q_1733,AliasAwareFusion,0.0,1.0,1.0,0.38888888888888884,0.42793128755956805
q_1733,WithoutEntity,0.0,1.0,1.0,0.5,0.4966392596877323
q_1733,WithoutPhrase,0.0,0.0,1.0,0.13095238095238093,0.2530080424504631
q_1733,WithoutText,1.0,1.0,1.0,1.0,0.7871546029909718
q_1734,AliasAwareFusion,1.0,1.0,1.0,1.0,0.6735439182299784
q_1734,WithoutEntity,1.0,1.0,1.0,1.0,0.7978637366933587
q_1734,WithoutPhrase,1.0,1.0,1.0,1.0,0.6735439182299784
q_1734,WithoutText,1.0,1.0,1.0,1.0,0.6735439182299784
q_1735,AliasAwareFusion,1.0,1.0,1.0,1.0,0.7871546029909718
q_1735,WithoutEntity,1.0,1.0,1.0,1.0,0.7871546029909718
q_1735,WithoutPhrase,1.0,1.0,1.0,1.0,0.7871546029909718
q_1735,WithoutText,1.0,1.0,1.0,1.0,0.7871546029909718
q_1736,AliasAwareFusion,0.0,1.0,1.0,0.5,0.42495889834839423
q_1736,WithoutEntity,0.0,1.0,1.0,0.5,0.42495889834839423
q_1736,WithoutPhrase,0.0,1.0,1.0,0.5,0.42495889834839423
q_1736,WithoutText,1.0,1.0,1.0,1.0,0.6735439182299784
q_1737,AliasAwareFusion,0.0,1.0,1.0,0.5,0.42495889834839423
q_1737,WithoutEntity,0.0,1.0,1.0,0.5,0.42495889834839423
q_1737,WithoutPhrase,0.0,1.0,1.0,0.5,0.42495889834839423
q_1737,WithoutText,1.0,1.0,1.0,1.0,0.6735439182299784
q_1738,AliasAwareFusion,1.0,1.0,1.0,1.0,0.7871546029909718
q_1738,WithoutEntity,1.0,1.0,1.0,1.0,0.7871546029909718
q_1738,WithoutPhrase,1.0,1.0,1.0,1.0,0.7871546029909718
q_1738,WithoutText,0.0,0.0,1.0,0.1428571428571428,0.2623848676636572
q_1739,AliasAwareFusion,1.0,1.0,1.0,1.0,0.7632176069632165
q_1739,WithoutEntity,1.0,1.0,1.0,1.0,0.6735439182299784
q_1739,WithoutPhrase,1.0,1.0,1.0,1.0,0.8556691603792904
q_1739,WithoutText,0.0,0.0,1.0,0.125,0.21247944917419712
q_1740,AliasAwareFusion,1.0,1.0,1.0,1.0,0.6735439182299784
q_1740,WithoutEntity,1.0,1.0,1.0,1.0,0.6735439182299784
q_1740,WithoutPhrase,1.0,1.0,1.0,1.0,0.6735439182299784
q_1740,WithoutText,1.0,1.0,1.0,1.0,0.6735439182299784
q_1741,AliasAwareFusion,1.0,1.0,1.0,1.0,0.6735439182299784
q_1741,WithoutEntity,1.0,1.0,1.0,1.0,0.6735439182299784
q_1741,WithoutPhrase,1.0,1.0,1.0,1.0,0.6735439182299784
q_1741,WithoutText,1.0,1.0,1.0,1.0,0.6735439182299784
q_1742,AliasAwareFusion,1.0,1.0,1.0,1.0,0.6735439182299784
q_1742,WithoutEntity,0.0,0.0,0.0,0.0,0.0
q_1742,WithoutPhrase,1.0,1.0,1.0,1.0,0.6735439182299784
q_1742,WithoutText,0.0,0.0,1.0,0.13690476190476186,0.22050290933139424
q_1743,AliasAwareFusion,0.3333333333333333,1.0,1.0,0.6666666666666666,0.5934777074554788
q_1743,WithoutEntity,0.0,0.0,1.0,0.1428571428571428,0.2623848676636572
q_1743,WithoutPhrase,0.0,1.0,1.0,0.5,0.4966392596877323
q_1743,WithoutText,0.0,0.0,1.0,0.1428571428571428,0.2623848676636572
q_1744,AliasAwareFusion,1.0,1.0,1.0,1.0,0.7871546029909718
q_1744,WithoutEntity,1.0,1.0,1.0,1.0,0.7871546029909718
q_1744,WithoutPhrase,1.0,1.0,1.0,1.0,0.7871546029909718
q_1744,WithoutText,0.0,1.0,1.0,0.3333333333333333,0.3935773014954859
q_1745,AliasAwareFusion,1.0,1.0,1.0,1.0,0.9073218002554916
q_1745,WithoutEntity,1.0,1.0,1.0,1.0,0.7871546029909718
q_1745,WithoutPhrase,0.0,0.0,1.0,0.1666666666666666,0.280390126950546
q_1745,WithoutText,1.0,1.0,1.0,1.0,1.0
q_1746,AliasAwareFusion,1.0,1.0,1.0,1.0,0.95583058934618
q_1746,WithoutEntity,1.0,1.0,1.0,1.0,0.7871546029909718
q_1746,WithoutPhrase,1.0,1.0,1.0,1.0,0.9480351227165077
q_1746,WithoutText,1.0,1.0,1.0,1.0,0.95583058934618
q_1747,AliasAwareFusion,1.0,1.0,1.0,1.0,0.7871546029909718
q_1747,WithoutEntity,1.0,1.0,1.0,1.0,0.7871546029909718
q_1747,WithoutPhrase,1.0,1.0,1.0,1.0,0.7871546029909718
q_1747,WithoutText,1.0,1.0,1.0,1.0,0.7871546029909718
q_1748,AliasAwareFusion,1.0,1.0,1.0,1.0,0.7871546029909718
q_1748,WithoutEntity,1.0,1.0,1.0,1.0,0.7871546029909718
q_1748,WithoutPhrase,1.0,1.0,1.0,1.0,0.7871546029909718
q_1748,WithoutText,1.0,1.0,1.0,1.0,0.7871546029909718
q_1749,AliasAwareFusion,1.0,1.0,1.0,1.0,0.7871546029909718
q_1749,WithoutEntity,1.0,1.0,1.0,1.0,0.7871546029909718
q_1749,WithoutPhrase,1.0,1.0,1.0,1.0,0.7871546029909718
q_1749,WithoutText,1.0,1.0,1.0,1.0,0.7871546029909718
q_1750,AliasAwareFusion,1.0,1.0,1.0,1.0,0.6735439182299784
q_1750,WithoutEntity,0.0,1.0,1.0,0.5,0.42495889834839423
q_1750,WithoutPhrase,1.0,1.0,1.0,1.0,0.6735439182299784
q_1750,WithoutText,1.0,1.0,1.0,1.0,0.6735439182299784
q_1751,AliasAwareFusion,0.0,0.0,1.0,0.1666666666666666,0.2399211845064163
q_1751,WithoutEntity,0.0,0.0,0.0,0.0,0.0
q_1751,WithoutPhrase,0.0,0.3333333333333333,1.0,0.17777777777777773,0.24680157485861742
q_1751,WithoutText,1.0,1.0,1.0,1.0,0.6735439182299784
q_1752,AliasAwareFusion,1.0,1.0,1.0,1.0,0.6735439182299784
q_1752,WithoutEntity,1.0,1.0,1.0,1.0,0.6735439182299784
q_1752,WithoutPhrase,1.0,1.0,1.0,1.0,0.6735439182299784
q_1752,WithoutText,1.0,1.0,1.0,1.0,0.6735439182299784
q_1753,AliasAwareFusion,1.0,1.0,1.0,1.0,0.6735439182299784
q_1753,WithoutEntity,1.0,1.0,1.0,1.0,0.6735439182299784
q_1753,WithoutPhrase,1.0,1.0,1.0,1.0,0.6735439182299784
q_1753,WithoutText,1.0,1.0,1.0,1.0,0.6735439182299784
q_1754,AliasAwareFusion,1.0,1.0,1.0,1.0,0.7871546029909718
q_1754,WithoutEntity,0.0,0.0,1.0,0.1666666666666666,0.280390126950546
q_1754,WithoutPhrase,1.0,1.0,1.0,1.0,0.7871546029909718
q_1754,WithoutText,0.0,1.0,1.0,0.5,0.4966392596877323
q_1755,AliasAwareFusion,1.0,1.0,1.0,1.0,0.6735439182299784
q_1755,WithoutEntity,1.0,1.0,1.0,1.0,0.6735439182299784
q_1755,WithoutPhrase,1.0,1.0,1.0,1.0,0.6735439182299784
q_1755,WithoutText,1.0,1.0,1.0,1.0,0.7978637366933587
q_1756,AliasAwareFusion,1.0,1.0,1.0,1.0,0.7871546029909718
q_1756,WithoutEntity,1.0,1.0,1.0,1.0,0.7871546029909718
q_1756,WithoutPhrase,1.0,1.0,1.0,1.0,0.7871546029909718
q_1756,WithoutText,1.0,1.0,1.0,1.0,0.7871546029909718
q_1757,AliasAwareFusion,0.0,1.0,1.0,0.25,0.4017491573701339
q_1757,WithoutEntity,1.0,1.0,1.0,1.0,0.7978637366933587
q_1757,WithoutPhrase,0.0,1.0,1.0,0.2333333333333333,0.3961268295888893
q_1757,WithoutText,0.0,0.0,0.0,0.0,0.0
q_1758,AliasAwareFusion,1.0,1.0,1.0,1.0,0.7871546029909718
q_1758,WithoutEntity,1.0,1.0,1.0,1.0,0.7871546029909718
q_1758,WithoutPhrase,1.0,1.0,1.0,1.0,0.7871546029909718
q_1758,WithoutText,1.0,1.0,1.0,1.0,0.7871546029909718
q_1759,AliasAwareFusion,1.0,1.0,1.0,1.0,0.9176601606601068
q_1759,WithoutEntity,1.0,1.0,1.0,1.0,0.7871546029909718
q_1759,WithoutPhrase,1.0,1.0,1.0,1.0,0.9021774404592375
q_1759,WithoutText,0.0,1.0,1.0,0.5,0.8339912323981488
q_1760,AliasAwareFusion,1.0,1.0,1.0,1.0,0.7871546029909718
q_1760,WithoutEntity,1.0,1.0,1.0,1.0,0.8846711923905052
q_1760,WithoutPhrase,1.0,1.0,1.0,1.0,0.7871546029909718
q_1760,WithoutText,1.0,1.0,1.0,1.0,0.7871546029909718
q_1761,AliasAwareFusion,1.0,1.0,1.0,1.0,0.6735439182299784
q_1761,WithoutEntity,1.0,1.0,1.0,1.0,0.7763672830184426
q_1761,WithoutPhrase,1.0,1.0,1.0,1.0,0.6735439182299784
q_1761,WithoutText,1.0,1.0,1.0,1.0,0.6735439182299784
q_1762,AliasAwareFusion,0.0,0.0,1.0,0.10000000000000002,0.2275387085989112
q_1762,WithoutEntity,0.0,0.0,0.0,0.0,0.0
q_1762,WithoutPhrase,0.0,0.0,0.0,0.0,0.0
q_1762,WithoutText,0.0,0.0,0.0,0.0,0.0
q_1763,AliasAwareFusion,1.0,1.0,1.0,1.0,0.7569858564045292
q_1763,WithoutEntity,0.0,1.0,1.0,0.5,0.42495889834839423
q_1763,WithoutPhrase,1.0,1.0,1.0,1.0,0.7978637366933587
q_1763,WithoutText,1.0,1.0,1.0,1.0,0.6735439182299784
q_1764,AliasAwareFusion,0.0,1.0,1.0,0.3333333333333333,0.8075588805057204
q_1764,WithoutEntity,1.0,1.0,1.0,1.0,1.0
q_1764,WithoutPhrase,0.0,1.0,1.0,0.3333333333333333,0.8075588805057204
q_1764,WithoutText,0.0,0.0,0.6666666666666666,0.06666666666666667,0.6005854918844767
q_1765,AliasAwareFusion,1.0,1.0,1.0,1.0,0.7871546029909718
q_1765,WithoutEntity,0.0,1.0,1.0,0.5,0.4966392596877323
q_1765,WithoutPhrase,1.0,1.0,1.0,1.0,0.7871546029909718
q_1765,WithoutText,1.0,1.0,1.0,1.0,0.7871546029909718
q_1766,AliasAwareFusion,1.0,1.0,1.0,1.0,0.6735439182299784
q_1766,WithoutEntity,1.0,1.0,1.0,1.0,0.6735439182299784
q_1766,WithoutPhrase,1.0,1.0,1.0,1.0,0.6735439182299784
q_1766,WithoutText,1.0,1.0,1.0,1.0,0.6735439182299784
q_1767,AliasAwareFusion,1.0,1.0,1.0,1.0,0.7871546029909718
q_1767,WithoutEntity,0.0,0.0,1.0,0.1428571428571428,0.2623848676636572
q_1767,WithoutPhrase,1.0,1.0,1.0,1.0,0.7871546029909718
q_1767,WithoutText,1.0,1.0,1.0,1.0,0.7871546029909718
q_1768,AliasAwareFusion,1.0,1.0,1.0,1.0,0.7871546029909718
q_1768,WithoutEntity,1.0,1.0,1.0,1.0,0.9176601606601068
q_1768,WithoutPhrase,1.0,1.0,1.0,1.0,0.7871546029909718
q_1768,WithoutText,1.0,1.0,1.0,1.0,0.7871546029909718
q_1769,AliasAwareFusion,0.0,1.0,1.0,0.3333333333333333,0.3935773014954859
q_1769,WithoutEntity,0.0,1.0,1.0,0.5,0.4966392596877323
q_1769,WithoutPhrase,0.0,0.0,1.0,0.15079365079365073,0.2683866207592868
q_1769,WithoutText,0.0,1.0,1.0,0.3333333333333333,0.3935773014954859
q_1770,AliasAwareFusion,1.0,1.0,1.0,1.0,0.6735439182299784
q_1770,WithoutEntity,1.0,1.0,1.0,1.0,0.6735439182299784
q_1770,WithoutPhrase,1.0,1.0,1.0,1.0,0.6735439182299784
q_1770,WithoutText,0.0,1.0,1.0,0.25,0.290079576414554
q_1771,AliasAwareFusion,1.0,1.0,1.0,1.0,0.7871546029909718
q_1771,WithoutEntity,0.0,1.0,1.0,0.25,0.3390090350877799
q_1771,WithoutPhrase,1.0,1.0,1.0,1.0,0.7871546029909718
q_1771,WithoutText,0.0,1.0,1.0,0.5,0.4966392596877323
q_1772,AliasAwareFusion,1.0,1.0,1.0,1.0,0.6735439182299784
q_1772,WithoutEntity,1.0,1.0,1.0,1.0,0.6735439182299784
q_1772,WithoutPhrase,1.0,1.0,1.0,1.0,0.6735439182299784
q_1772,WithoutText,1.0,1.0,1.0,1.0,0.6735439182299784
q_1773,AliasAwareFusion,1.0,1.0,1.0,1.0,0.7871546029909718
q_1773,WithoutEntity,1.0,1.0,1.0,1.0,0.7871546029909718
q_1773,WithoutPhrase,1.0,1.0,1.0,1.0,0.7871546029909718
q_1773,WithoutText,1.0,1.0,1.0,1.0,0.7871546029909718
q_1774,AliasAwareFusion,1.0,1.0,1.0,1.0,1.0
q_1774,WithoutEntity,1.0,1.0,1.0,1.0,1.0
q_1774,WithoutPhrase,1.0,1.0,1.0,1.0,1.0
q_1774,WithoutText,1.0,1.0,1.0,1.0,1.0
q_1775,AliasAwareFusion,1.0,1.0,1.0,1.0,0.7871546029909718
q_1775,WithoutEntity,1.0,1.0,1.0,1.0,0.7871546029909718
q_1775,WithoutPhrase,1.0,1.0,1.0,1.0,0.7871546029909718
q_1775,WithoutText,0.0,1.0,1.0,0.3333333333333333,0.3935773014954859
q_1776,AliasAwareFusion,1.0,1.0,1.0,1.0,0.7978637366933587
q_1776,WithoutEntity,1.0,1.0,1.0,1.0,0.8178747578506881
q_1776,WithoutPhrase,1.0,1.0,1.0,1.0,0.8566603020275202
q_1776,WithoutText,0.0,0.0,0.0,0.0,0.2886616792414193
q_1777,AliasAwareFusion,1.0,1.0,1.0,1.0,0.6735439182299784
q_1777,WithoutEntity,1.0,1.0,1.0,1.0,0.6735439182299784
q_1777,WithoutPhrase,1.0,1.0,1.0,1.0,0.6735439182299784
q_1777,WithoutText,1.0,1.0,1.0,1.0,0.6735439182299784
q_1778,AliasAwareFusion,0.0,0.0,0.0,0.0,0.0
q_1778,WithoutEntity,0.0,0.0,0.0,0.0,0.0
q_1778,WithoutPhrase,0.0,0.0,1.0,0.125,0.2483196298438661
q_1778,WithoutText,0.0,0.0,0.0,0.0,0.0
q_1779,AliasAwareFusion,0.0,1.0,1.0,0.3333333333333333,0.3935773014954859
q_1779,WithoutEntity,0.0,1.0,1.0,0.25,0.3390090350877799
q_1779,WithoutPhrase,0.0,1.0,1.0,0.3333333333333333,0.3935773014954859
q_1779,WithoutText,0.0,1.0,1.0,0.5,0.4966392596877323
q_1780,AliasAwareFusion,1.0,1.0,1.0,1.0,0.7871546029909718
q_1780,WithoutEntity,1.0,1.0,1.0,1.0,0.7871546029909718
q_1780,WithoutPhrase,1.0,1.0,1.0,1.0,0.7871546029909718
q_1780,WithoutText,1.0,1.0,1.0,1.0,0.7871546029909718
q_1781,AliasAwareFusion,1.0,1.0,1.0,1.0,0.7871546029909718
q_1781,WithoutEntity,1.0,1.0,1.0,1.0,0.7871546029909718
q_1781,WithoutPhrase,1.0,1.0,1.0,1.0,0.7871546029909718
q_1781,WithoutText,1.0,1.0,1.0,1.0,0.7871546029909718
q_1782,AliasAwareFusion,0.0,0.3333333333333333,1.0,0.17777777777777773,0.24680157485861742
q_1782,WithoutEntity,0.0,0.0,1.0,0.1666666666666666,0.2399211845064163
q_1782,WithoutPhrase,0.0,0.0,1.0,0.13690476190476186,0.22050290933139424
q_1782,WithoutText,0.0,0.0,1.0,0.1428571428571428,0.2245146394099928
q_1783,AliasAwareFusion,1.0,1.0,1.0,1.0,0.7871546029909718
q_1783,WithoutEntity,0.0,1.0,1.0,0.5,0.4966392596877323
q_1783,WithoutPhrase,1.0,1.0,1.0,1.0,0.7871546029909718
q_1783,WithoutText,0.0,1.0,1.0,0.5,0.4966392596877323
q_1784,AliasAwareFusion,1.0,1.0,1.0,1.0,0.7871546029909718
q_1784,WithoutEntity,1.0,1.0,1.0,1.0,0.7871546029909718
q_1784,WithoutPhrase,1.0,1.0,1.0,1.0,0.7871546029909718
q_1784,WithoutText,1.0,1.0,1.0,1.0,0.7871546029909718
q_1785,AliasAwareFusion,1.0,1.0,1.0,1.0,0.7871546029909718
q_1785,WithoutEntity,0.0,0.0,0.0,0.0,0.0
q_1785,WithoutPhrase,1.0,1.0,1.0,1.0,0.9176601606601068
q_1785,WithoutText,0.0,0.0,0.0,0.0,0.0
q_1786,AliasAwareFusion,1.0,1.0,1.0,1.0,0.8556691603792904
q_1786,WithoutEntity,1.0,1.0,1.0,1.0,0.8556691603792904
q_1786,WithoutPhrase,1.0,1.0,1.0,1.0,0.8556691603792904
q_1786,WithoutText,0.3333333333333333,1.0,1.0,0.48333333333333334,0.40806195006918405
q_1787,AliasAwareFusion,0.0,0.0,1.0,0.125,0.2483196298438661
q_1787,WithoutEntity,0.0,0.0,0.0,0.0,0.0
q_1787,WithoutPhrase,0.0,0.0,1.0,0.1111111111111111,0.236957146725255
q_1787,WithoutText,0.0,1.0,1.0,0.3333333333333333,0.3935773014954859
q_1788,AliasAwareFusion,1.0,1.0,1.0,1.0,0.6735439182299784
q_1788,WithoutEntity,0.0,1.0,1.0,0.5,0.42495889834839423
q_1788,WithoutPhrase,1.0,1.0,1.0,1.0,0.6735439182299784
q_1788,WithoutText,1.0,1.0,1.0,1.0,0.6735439182299784
q_1789,AliasAwareFusion,1.0,1.0,1.0,1.0,0.7871546029909718
q_1789,WithoutEntity,1.0,1.0,1.0,1.0,0.7871546029909718
q_1789,WithoutPhrase,1.0,1.0,1.0,1.0,0.7871546029909718
q_1789,WithoutText,1.0,1.0,1.0,1.0,0.7871546029909718
q_1790,AliasAwareFusion,0.0,1.0,1.0,0.5,0.5233803931093087
q_1790,WithoutEntity,0.0,1.0,1.0,0.25,0.290079576414554
q_1790,WithoutPhrase,0.0,1.0,1.0,0.27777777777777773,0.4040651987422803
q_1790,WithoutText,1.0,1.0,1.0,1.0,0.6735439182299784
q_1791,AliasAwareFusion,0.0,0.0,1.0,0.12962962962962962,0.31729336356255033
q_1791,WithoutEntity,0.0,0.0,0.0,0.0,0.0
q_1791,WithoutPhrase,0.0,0.0,0.0,0.0,0.028965274683467334
q_1791,WithoutText,0.0,0.0,0.0,0.0,0.1460418875752004
q_1792,AliasAwareFusion,1.0,1.0,1.0,1.0,0.8556691603792904
q_1792,WithoutEntity,1.0,1.0,1.0,1.0,0.7978637366933587
q_1792,WithoutPhrase,1.0,1.0,1.0,1.0,0.8556691603792904
q_1792,WithoutText,1.0,1.0,1.0,1.0,0.8178747578506881
q_1793,AliasAwareFusion,0.0,0.0,0.0,0.0,0.0
q_1793,WithoutEntity,0.0,0.0,0.0,0.0,0.0
q_1793,WithoutPhrase,0.0,0.0,0.0,0.0,0.0
q_1793,WithoutText,0.0,0.0,1.0,0.11666666666666665,0.2413926560955478
q_1794,AliasAwareFusion,1.0,1.0,1.0,1.0,0.7871546029909718
q_1794,WithoutEntity,1.0,1.0,1.0,1.0,0.7871546029909718
q_1794,WithoutPhrase,1.0,1.0,1.0,1.0,0.9073218002554916
q_1794,WithoutText,0.0,1.0,1.0,0.3055555555555555,0.3753878793595839
q_1795,AliasAwareFusion,0.0,0.0,0.0,0.0,0.0
q_1795,WithoutEntity,0.0,0.0,0.0,0.0,0.0
q_1795,WithoutPhrase,0.0,0.0,0.0,0.0,0.0
q_1795,WithoutText,0.0,1.0,1.0,0.20000000000000004,0.3045129678946485
q_1796,AliasAwareFusion,0.0,1.0,1.0,0.25,0.3390090350877799
q_1796,WithoutEntity,0.0,0.0,0.0,0.0,0.0
q_1796,WithoutPhrase,0.0,1.0,1.0,0.20000000000000004,0.3045129678946485
q_1796,WithoutText,1.0,1.0,1.0,1.0,0.7871546029909718
q_1797,AliasAwareFusion,1.0,1.0,1.0,1.0,0.7871546029909718
q_1797,WithoutEntity,1.0,1.0,1.0,1.0,0.7871546029909718
q_1797,WithoutPhrase,0.0,1.0,1.0,0.20000000000000004,0.3045129678946485
q_1797,WithoutText,1.0,1.0,1.0,1.0,0.7871546029909718
q_1798,AliasAwareFusion,1.0,1.0,1.0,1.0,0.95583058934618
q_1798,WithoutEntity,1.0,1.0,1.0,1.0,0.9324441894571632
q_1798,WithoutPhrase,1.0,1.0,1.0,1.0,0.95583058934618
q_1798,WithoutText,1.0,1.0,1.0,1.0,0.95583058934618
q_1799,AliasAwareFusion,1.0,1.0,1.0,1.0,0.7906982521350533
q_1799,WithoutEntity,0.0,1.0,1.0,0.5,0.8579514172105233
q_1799,WithoutPhrase,1.0,1.0,1.0,1.0,0.6735439182299784
q_1799,WithoutText,1.0,1.0,1.0,1.0,0.6735439182299784
q_1800,AliasAwareFusion,1.0,1.0,1.0,1.0,1.0
q_1800,WithoutEntity,1.0,1.0,1.0,1.0,1.0
q_1800,WithoutPhrase,1.0,1.0,1.0,1.0,1.0
q_1800,WithoutText,1.0,1.0,1.0,1.0,1.0
q_1801,AliasAwareFusion,1.0,1.0,1.0,1.0,0.7871546029909718
q_1801,WithoutEntity,1.0,1.0,1.0,1.0,0.7871546029909718
q_1801,WithoutPhrase,1.0,1.0,1.0,1.0,0.7871546029909718
q_1801,WithoutText,1.0,1.0,1.0,1.0,0.7871546029909718
q_1802,AliasAwareFusion,1.0,1.0,1.0,1.0,0.6735439182299784
q_1802,WithoutEntity,1.0,1.0,1.0,1.0,0.7852134991855584
q_1802,WithoutPhrase,1.0,1.0,1.0,1.0,0.6735439182299784
q_1802,WithoutText,1.0,1.0,1.0,1.0,0.6735439182299784
q_1803,AliasAwareFusion,1.0,1.0,1.0,1.0,0.6735439182299784
q_1803,WithoutEntity,1.0,1.0,1.0,1.0,0.6735439182299784
q_1803,WithoutPhrase,1.0,1.0,1.0,1.0,0.6735439182299784
q_1803,WithoutText,1.0,1.0,1.0,1.0,0.6735439182299784
q_1804,AliasAwareFusion,0.0,0.0,1.0,0.1428571428571428,0.2245146394099928
q_1804,WithoutEntity,0.0,0.0,1.0,0.125,0.21247944917419712
q_1804,WithoutPhrase,0.0,0.0,1.0,0.1428571428571428,0.2245146394099928
q_1804,WithoutText,0.0,0.0,0.0,0.0,0.0
q_1805,AliasAwareFusion,1.0,1.0,1.0,1.0,0.6735439182299784
q_1805,WithoutEntity,0.0,1.0,1.0,0.5,0.42495889834839423
q_1805,WithoutPhrase,1.0,1.0,1.0,1.0,0.6735439182299784
q_1805,WithoutText,1.0,1.0,1.0,1.0,0.6735439182299784
q_1806,AliasAwareFusion,1.0,1.0,1.0,1.0,0.6735439182299784
q_1806,WithoutEntity,1.0,1.0,1.0,1.0,0.6735439182299784
q_1806,WithoutPhrase,1.0,1.0,1.0,1.0,0.6735439182299784
q_1806,WithoutText,0.0,1.0,1.0,0.3611111111111111,0.3506034779593124
q_1807,AliasAwareFusion,1.0,1.0,1.0,1.0,0.7871546029909718
q_1807,WithoutEntity,1.0,1.0,1.0,1.0,0.7871546029909718
q_1807,WithoutPhrase,1.0,1.0,1.0,1.0,0.7871546029909718
q_1807,WithoutText,1.0,1.0,1.0,1.0,0.7871546029909718
q_1808,AliasAwareFusion,1.0,1.0,1.0,1.0,0.6735439182299784
q_1808,WithoutEntity,1.0,1.0,1.0,1.0,0.6735439182299784
q_1808,WithoutPhrase,1.0,1.0,1.0,1.0,0.6735439182299784
q_1808,WithoutText,1.0,1.0,1.0,1.0,0.6735439182299784
q_1809,AliasAwareFusion,1.0,1.0,1.0,1.0,0.8521656625906607
q_1809,WithoutEntity,1.0,1.0,1.0,1.0,0.7871546029909718
q_1809,WithoutPhrase,1.0,1.0,1.0,1.0,0.9011170887947357
q_1809,WithoutText,1.0,1.0,1.0,1.0,0.7871546029909718
q_1810,AliasAwareFusion,1.0,1.0,1.0,1.0,1.0
q_1810,WithoutEntity,1.0,1.0,1.0,1.0,1.0
q_1810,WithoutPhrase,1.0,1.0,1.0,1.0,1.0
q_1810,WithoutText,1.0,1.0,1.0,1.0,1.0
q_1811,AliasAwareFusion,1.0,1.0,1.0,1.0,0.7871546029909718
q_1811,WithoutEntity,1.0,1.0,1.0,1.0,0.7871546029909718
q_1811,WithoutPhrase,1.0,1.0,1.0,1.0,0.7871546029909718
q_1811,WithoutText,1.0,1.0,1.0,1.0,0.7871546029909718
q_1812,AliasAwareFusion,1.0,1.0,1.0,1.0,0.7871546029909718
q_1812,WithoutEntity,1.0,1.0,1.0,1.0,0.7871546029909718
q_1812,WithoutPhrase,1.0,1.0,1.0,1.0,0.7871546029909718
q_1812,WithoutText,1.0,1.0,1.0,1.0,0.7871546029909718
q_1813,AliasAwareFusion,1.0,1.0,1.0,1.0,0.7871546029909718
q_1813,WithoutEntity,1.0,1.0,1.0,1.0,0.7871546029909718
q_1813,WithoutPhrase,1.0,1.0,1.0,1.0,0.7871546029909718
q_1813,WithoutText,1.0,1.0,1.0,1.0,0.7871546029909718
q_1814,AliasAwareFusion,1.0,1.0,1.0,1.0,0.8304728920268888
q_1814,WithoutEntity,0.0,1.0,1.0,0.25,0.290079576414554
q_1814,WithoutPhrase,1.0,1.0,1.0,1.0,0.8171322112553359
q_1814,WithoutText,1.0,1.0,1.0,1.0,0.8556691603792904
q_1815,AliasAwareFusion,0.0,1.0,1.0,0.5,0.6309297535714575
q_1815,WithoutEntity,0.0,1.0,1.0,0.3333333333333333,0.5
q_1815,WithoutPhrase,0.0,1.0,1.0,0.5,0.6309297535714575
q_1815,WithoutText,0.0,0.0,0.0,0.0,0.0
q_1816,AliasAwareFusion,1.0,1.0,1.0,1.0,0.7871546029909718
q_1816,WithoutEntity,1.0,1.0,1.0,1.0,0.7871546029909718
q_1816,WithoutPhrase,1.0,1.0,1.0,1.0,0.7871546029909718
q_1816,WithoutText,1.0,1.0,1.0,1.0,0.7871546029909718
q_1817,AliasAwareFusion,0.0,0.0,0.0,0.0,0.0
q_1817,WithoutEntity,0.0,0.0,0.0,0.0,0.0
q_1817,WithoutPhrase,0.0,0.0,0.0,0.0,0.0
q_1817,WithoutText,0.0,1.0,1.0,0.3333333333333333,0.5
q_1818,AliasAwareFusion,1.0,1.0,1.0,1.0,0.7871546029909718
q_1818,WithoutEntity,1.0,1.0,1.0,1.0,0.7871546029909718
q_1818,WithoutPhrase,1.0,1.0,1.0,1.0,0.7871546029909718
q_1818,WithoutText,1.0,1.0,1.0,1.0,0.7871546029909718
q_1819,AliasAwareFusion,1.0,1.0,1.0,1.0,0.7871546029909718
q_1819,WithoutEntity,1.0,1.0,1.0,1.0,0.7871546029909718
q_1819,WithoutPhrase,1.0,1.0,1.0,1.0,0.7871546029909718
q_1819,WithoutText,0.0,1.0,1.0,0.5,0.4966392596877323
q_1820,AliasAwareFusion,1.0,1.0,1.0,1.0,0.8996052605611106
q_1820,WithoutEntity,0.0,1.0,1.0,0.3333333333333333,0.3935773014954859
q_1820,WithoutPhrase,1.0,1.0,1.0,1.0,0.9480351227165077
q_1820,WithoutText,0.0,1.0,1.0,0.4444444444444444,0.4622852736236502
q_1821,AliasAwareFusion,1.0,1.0,1.0,1.0,0.6735439182299784
q_1821,WithoutEntity,1.0,1.0,1.0,1.0,0.6735439182299784
q_1821,WithoutPhrase,1.0,1.0,1.0,1.0,0.6735439182299784
q_1821,WithoutText,1.0,1.0,1.0,1.0,0.6735439182299784
q_1822,AliasAwareFusion,1.0,1.0,1.0,1.0,0.7871546029909718
q_1822,WithoutEntity,1.0,1.0,1.0,1.0,0.7871546029909718
q_1822,WithoutPhrase,1.0,1.0,1.0,1.0,0.7871546029909718
q_1822,WithoutText,0.0,1.0,1.0,0.5,0.4966392596877323
q_1823,AliasAwareFusion,1.0,1.0,1.0,1.0,0.7871546029909718
q_1823,WithoutEntity,1.0,1.0,1.0,1.0,0.7871546029909718
q_1823,WithoutPhrase,1.0,1.0,1.0,1.0,0.7871546029909718
q_1823,WithoutText,0.0,1.0,1.0,0.5,0.4966392596877323
q_1824,AliasAwareFusion,1.0,1.0,1.0,1.0,0.6735439182299784
q_1824,WithoutEntity,1.0,1.0,1.0,1.0,0.7604397422803805
q_1824,WithoutPhrase,1.0,1.0,1.0,1.0,0.6735439182299784
q_1824,WithoutText,1.0,1.0,1.0,1.0,0.6735439182299784
q_1825,AliasAwareFusion,1.0,1.0,1.0,1.0,0.6735439182299784
q_1825,WithoutEntity,1.0,1.0,1.0,1.0,0.6735439182299784
q_1825,WithoutPhrase,1.0,1.0,1.0,1.0,0.6735439182299784
q_1825,WithoutText,1.0,1.0,1.0,1.0,0.6735439182299784
q_1826,AliasAwareFusion,0.0,0.6666666666666666,1.0,0.21428571428571427,0.3134676459464057
q_1826,WithoutEntity,0.0,0.0,1.0,0.1666666666666666,0.280390126950546
q_1826,WithoutPhrase,0.0,0.3333333333333333,1.0,0.18650793650793648,0.29392800990066104
q_1826,WithoutText,0.0,0.0,0.0,0.0,0.0
q_1827,AliasAwareFusion,1.0,1.0,1.0,1.0,0.7871546029909718
q_1827,WithoutEntity,0.0,1.0,1.0,0.5,0.4966392596877323
q_1827,WithoutPhrase,1.0,1.0,1.0,1.0,0.7871546029909718
q_1827,WithoutText,0.0,0.0,0.0,0.0,0.0
q_1828,AliasAwareFusion,0.0,1.0,1.0,0.3333333333333333,0.3367719591149892
q_1828,WithoutEntity,0.0,0.0,1.0,0.125,0.21247944917419712
q_1828,WithoutPhrase,0.0,1.0,1.0,0.3333333333333333,0.3367719591149892
q_1828,WithoutText,0.3333333333333333,1.0,1.0,0.6666666666666666,0.5078205716422556
q_1829,AliasAwareFusion,0.0,1.0,1.0,0.4166666666666667,0.4440958514877482
q_1829,WithoutEntity,0.0,1.0,1.0,0.3333333333333333,0.3935773014954859
q_1829,WithoutPhrase,0.0,0.6666666666666666,1.0,0.17500000000000002,0.28578185521105437
q_1829,WithoutText,0.0,1.0,1.0,0.27777777777777773,0.35719845722368193
q_1830,AliasAwareFusion,1.0,1.0,1.0,1.0,1.0
q_1830,WithoutEntity,1.0,1.0,1.0,1.0,1.0
q_1830,WithoutPhrase,1.0,1.0,1.0,1.0,1.0
q_1830,WithoutText,1.0,1.0,1.0,1.0,1.0
q_1831,AliasAwareFusion,1.0,1.0,1.0,1.0,0.7871546029909718
q_1831,WithoutEntity,1.0,1.0,1.0,1.0,0.7871546029909718
q_1831,WithoutPhrase,1.0,1.0,1.0,1.0,0.7871546029909718
q_1831,WithoutText,1.0,1.0,1.0,1.0,0.7871546029909718
q_1832,AliasAwareFusion,1.0,1.0,1.0,1.0,0.8556691603792904
q_1832,WithoutEntity,1.0,1.0,1.0,1.0,0.9799889788426704
q_1832,WithoutPhrase,1.0,1.0,1.0,1.0,0.8556691603792904
q_1832,WithoutText,1.0,1.0,1.0,1.0,0.8112044174649116
q_1833,AliasAwareFusion,1.0,1.0,1.0,1.0,0.7871546029909718
q_1833,WithoutEntity,1.0,1.0,1.0,1.0,0.8996052605611106
q_1833,WithoutPhrase,0.0,1.0,1.0,0.5,0.4966392596877323
q_1833,WithoutText,0.0,1.0,1.0,0.25,0.3390090350877799
q_1834,AliasAwareFusion,1.0,1.0,1.0,1.0,0.7871546029909718
q_1834,WithoutEntity,1.0,1.0,1.0,1.0,0.95583058934618
q_1834,WithoutPhrase,1.0,1.0,1.0,1.0,0.7871546029909718
q_1834,WithoutText,1.0,1.0,1.0,1.0,0.7871546029909718
q_1835,AliasAwareFusion,1.0,1.0,1.0,1.0,0.7871546029909718
q_1835,WithoutEntity,1.0,1.0,1.0,1.0,0.7871546029909718
q_1835,WithoutPhrase,1.0,1.0,1.0,1.0,0.7871546029909718
q_1835,WithoutText,0.0,0.0,0.0,0.0,0.0
q_1836,AliasAwareFusion,1.0,1.0,1.0,1.0,0.7871546029909718
q_1836,WithoutEntity,1.0,1.0,1.0,1.0,0.7871546029909718
q_1836,WithoutPhrase,1.0,1.0,1.0,1.0,0.7871546029909718
q_1836,WithoutText,0.0,1.0,1.0,0.25,0.3390090350877799
q_1837,AliasAwareFusion,1.0,1.0,1.0,1.0,1.0
q_1837,WithoutEntity,1.0,1.0,1.0,1.0,1.0
q_1837,WithoutPhrase,1.0,1.0,1.0,1.0,1.0
q_1837,WithoutText,1.0,1.0,1.0,1.0,1.0
q_1838,AliasAwareFusion,1.0,1.0,1.0,1.0,0.735971645170577
q_1838,WithoutEntity,1.0,1.0,1.0,1.0,0.7978637366933587
q_1838,WithoutPhrase,1.0,1.0,1.0,1.0,0.8163053381128819
q_1838,WithoutText,1.0,1.0,1.0,1.0,0.6735439182299784
q_1839,AliasAwareFusion,1.0,1.0,1.0,1.0,0.6735439182299784
q_1839,WithoutEntity,1.0,1.0,1.0,1.0,0.6735439182299784
q_1839,WithoutPhrase,1.0,1.0,1.0,1.0,0.6735439182299784
q_1839,WithoutText,0.0,0.6666666666666666,1.0,0.18888888888888888,0.2536819652108186
q_1840,AliasAwareFusion,1.0,1.0,1.0,1.0,0.6735439182299784
q_1840,WithoutEntity,1.0,1.0,1.0,1.0,0.6735439182299784
q_1840,WithoutPhrase,1.0,1.0,1.0,1.0,0.6735439182299784
q_1840,WithoutText,1.0,1.0,1.0,1.0,0.6735439182299784
q_1841,AliasAwareFusion,1.0,1.0,1.0,1.0,0.942564984429692
q_1841,WithoutEntity,1.0,1.0,1.0,1.0,0.9467317814539461
q_1841,WithoutPhrase,1.0,1.0,1.0,1.0,0.8556691603792904
q_1841,WithoutText,0.0,1.0,1.0,0.5,0.5277822631368584
q_1842,AliasAwareFusion,1.0,1.0,1.0,1.0,0.6735439182299784
q_1842,WithoutEntity,1.0,1.0,1.0,1.0,0.6735439182299784
q_1842,WithoutPhrase,1.0,1.0,1.0,1.0,0.6735439182299784
q_1842,WithoutText,1.0,1.0,1.0,1.0,0.6735439182299784
q_1843,AliasAwareFusion,1.0,1.0,1.0,1.0,0.7978637366933587
q_1843,WithoutEntity,1.0,1.0,1.0,1.0,0.7763672830184426
q_1843,WithoutPhrase,1.0,1.0,1.0,1.0,0.7697644779771182
q_1843,WithoutText,1.0,1.0,1.0,1.0,0.7646065393046344
q_1844,AliasAwareFusion,1.0,1.0,1.0,1.0,0.6735439182299784
q_1844,WithoutEntity,1.0,1.0,1.0,1.0,0.6735439182299784
q_1844,WithoutPhrase,1.0,1.0,1.0,1.0,0.6735439182299784
q_1844,WithoutText,0.0,1.0,1.0,0.4444444444444444,0.39556325193725916
q_1845,AliasAwareFusion,1.0,1.0,1.0,1.0,0.6735439182299784
q_1845,WithoutEntity,1.0,1.0,1.0,1.0,0.6735439182299784
q_1845,WithoutPhrase,1.0,1.0,1.0,1.0,0.6735439182299784
q_1845,WithoutText,0.0,0.0,0.0,0.0,0.0
q_1846,AliasAwareFusion,1.0,1.0,1.0,1.0,0.6735439182299784
q_1846,WithoutEntity,1.0,1.0,1.0,1.0,0.6735439182299784
q_1846,WithoutPhrase,1.0,1.0,1.0,1.0,0.8556691603792904
q_1846,WithoutText,0.0,0.0,0.0,0.0,0.0
q_1847,AliasAwareFusion,1.0,1.0,1.0,1.0,0.6735439182299784
q_1847,WithoutEntity,1.0,1.0,1.0,1.0,0.6735439182299784
q_1847,WithoutPhrase,0.0,1.0,1.0,0.5,0.42495889834839423
q_1847,WithoutText,0.0,1.0,1.0,0.5,0.42495889834839423
q_1848,AliasAwareFusion,0.0,1.0,1.0,0.3333333333333333,0.3367719591149892
q_1848,WithoutEntity,0.0,0.0,0.0,0.0,0.0
q_1848,WithoutPhrase,0.0,1.0,1.0,0.25,0.290079576414554
q_1848,WithoutText,0.0,1.0,1.0,0.5,0.42495889834839423
q_1849,AliasAwareFusion,1.0,1.0,1.0,1.0,0.6735439182299784
q_1849,WithoutEntity,1.0,1.0,1.0,1.0,0.7978637366933587
q_1849,WithoutPhrase,1.0,1.0,1.0,1.0,0.6735439182299784
q_1849,WithoutText,1.0,1.0,1.0,1.0,0.6735439182299784
q_1850,AliasAwareFusion,0.0,1.0,1.0,0.38888888888888884,0.3661676055261242
q_1850,WithoutEntity,0.0,0.0,1.0,0.1666666666666666,0.323363122680967
q_1850,WithoutPhrase,0.0,1.0,1.0,0.3333333333333333,0.3367719591149892
q_1850,WithoutText,0.0,1.0,1.0,0.5,0.42495889834839423
q_1851,AliasAwareFusion,1.0,1.0,1.0,1.0,1.0
q_1851,WithoutEntity,1.0,1.0,1.0,1.0,1.0
q_1851,WithoutPhrase,1.0,1.0,1.0,1.0,1.0
q_1851,WithoutText,1.0,1.0,1.0,1.0,1.0
q_1852,AliasAwareFusion,1.0,1.0,1.0,1.0,0.6735439182299784
q_1852,WithoutEntity,0.0,1.0,1.0,0.5,0.5277822631368584
q_1852,WithoutPhrase,1.0,1.0,1.0,1.0,0.6735439182299784
q_1852,WithoutText,1.0,1.0,1.0,1.0,0.6735439182299784
q_1853,AliasAwareFusion,1.0,1.0,1.0,1.0,0.7710581027724218
q_1853,WithoutEntity,1.0,1.0,1.0,1.0,0.6735439182299784
q_1853,WithoutPhrase,1.0,1.0,1.0,1.0,0.7741663480046679
q_1853,WithoutText,1.0,1.0,1.0,1.0,0.6735439182299784
q_1854,AliasAwareFusion,1.0,1.0,1.0,1.0,0.7680451650862903
q_1854,WithoutEntity,1.0,1.0,1.0,1.0,0.6735439182299784
q_1854,WithoutPhrase,1.0,1.0,1.0,1.0,0.7697644779771182
q_1854,WithoutText,1.0,1.0,1.0,1.0,0.6735439182299784
q_1855,AliasAwareFusion,0.0,1.0,1.0,0.3333333333333333,0.3367719591149892
q_1855,WithoutEntity,0.0,0.0,0.0,0.0,0.0
q_1855,WithoutPhrase,0.0,1.0,1.0,0.3333333333333333,0.3367719591149892
q_1855,WithoutText,0.0,0.0,0.0,0.0,0.0
q_1856,AliasAwareFusion,1.0,1.0,1.0,1.0,1.0
q_1856,WithoutEntity,1.0,1.0,1.0,1.0,1.0
q_1856,WithoutPhrase,1.0,1.0,1.0,1.0,1.0
q_1856,WithoutText,1.0,1.0,1.0,1.0,1.0
q_1857,AliasAwareFusion,1.0,1.0,1.0,1.0,0.7906982521350533
q_1857,WithoutEntity,1.0,1.0,1.0,1.0,0.7978637366933587
q_1857,WithoutPhrase,1.0,1.0,1.0,1.0,0.7906982521350533
q_1857,WithoutText,1.0,1.0,1.0,1.0,0.75928844698843
q_1858,AliasAwareFusion,1.0,1.0,1.0,1.0,0.6735439182299784
q_1858,WithoutEntity,1.0,1.0,1.0,1.0,0.8556691603792904
q_1858,WithoutPhrase,1.0,1.0,1.0,1.0,0.6735439182299784
q_1858,WithoutText,1.0,1.0,1.0,1.0,0.6735439182299784
q_1859,AliasAwareFusion,1.0,1.0,1.0,1.0,0.6735439182299784
q_1859,WithoutEntity,1.0,1.0,1.0,1.0,0.7646065393046344
q_1859,WithoutPhrase,1.0,1.0,1.0,1.0,0.6735439182299784
q_1859,WithoutText,1.0,1.0,1.0,1.0,0.6735439182299784
q_1860,AliasAwareFusion,1.0,1.0,1.0,1.0,0.6735439182299784
q_1860,WithoutEntity,1.0,1.0,1.0,1.0,0.6735439182299784
q_1860,WithoutPhrase,1.0,1.0,1.0,1.0,0.6735439182299784
q_1860,WithoutText,1.0,1.0,1.0,1.0,0.6735439182299784
q_1861,AliasAwareFusion,1.0,1.0,1.0,1.0,0.6735439182299784
q_1861,WithoutEntity,1.0,1.0,1.0,1.0,0.6735439182299784
q_1861,WithoutPhrase,1.0,1.0,1.0,1.0,0.6735439182299784
q_1861,WithoutText,1.0,1.0,1.0,1.0,0.6735439182299784
q_1862,AliasAwareFusion,1.0,1.0,1.0,1.0,0.737690958061405
q_1862,WithoutEntity,1.0,1.0,1.0,1.0,0.7978637366933587
q_1862,WithoutPhrase,1.0,1.0,1.0,1.0,0.7450415668113265
q_1862,WithoutText,1.0,1.0,1.0,1.0,0.6735439182299784
q_1863,AliasAwareFusion,0.0,0.0,1.0,0.1666666666666666,0.2399211845064163
q_1863,WithoutEntity,0.0,0.0,0.0,0.0,0.0
q_1863,WithoutPhrase,0.0,0.0,1.0,0.1111111111111111,0.2027569227842713
q_1863,WithoutText,1.0,1.0,1.0,1.0,0.6735439182299784
q_1864,AliasAwareFusion,1.0,1.0,1.0,1.0,0.6735439182299784
q_1864,WithoutEntity,1.0,1.0,1.0,1.0,0.6735439182299784
q_1864,WithoutPhrase,1.0,1.0,1.0,1.0,0.6735439182299784
q_1864,WithoutText,1.0,1.0,1.0,1.0,0.6735439182299784
q_1865,AliasAwareFusion,1.0,1.0,1.0,1.0,0.6735439182299784
q_1865,WithoutEntity,1.0,1.0,1.0,1.0,0.6735439182299784
q_1865,WithoutPhrase,1.0,1.0,1.0,1.0,0.6735439182299784
q_1865,WithoutText,1.0,1.0,1.0,1.0,0.6735439182299784
q_1866,AliasAwareFusion,1.0,1.0,1.0,1.0,0.6735439182299784
q_1866,WithoutEntity,1.0,1.0,1.0,1.0,0.7697644779771182
q_1866,WithoutPhrase,1.0,1.0,1.0,1.0,0.6735439182299784
q_1866,WithoutText,0.0,1.0,1.0,0.5,0.42495889834839423
q_1867,AliasAwareFusion,1.0,1.0,1.0,1.0,0.6735439182299784
q_1867,WithoutEntity,1.0,1.0,1.0,1.0,0.6735439182299784
q_1867,WithoutPhrase,1.0,1.0,1.0,1.0,0.6735439182299784
q_1867,WithoutText,1.0,1.0,1.0,1.0,0.6735439182299784
q_1868,AliasAwareFusion,1.0,1.0,1.0,1.0,0.7769555802171658
q_1868,WithoutEntity,1.0,1.0,1.0,1.0,0.7978637366933587
q_1868,WithoutPhrase,1.0,1.0,1.0,1.0,0.6735439182299784
q_1868,WithoutText,0.0,0.3333333333333333,0.3333333333333333,0.06666666666666667,0.21513993324752242
q_1869,AliasAwareFusion,0.0,1.0,1.0,0.5,0.7136205775898136
q_1869,WithoutEntity,0.0,1.0,1.0,0.5,0.7136205775898136
q_1869,WithoutPhrase,0.0,1.0,1.0,0.38888888888888884,0.6548292847675435
q_1869,WithoutText,0.0,0.0,1.0,0.12169312169312167,0.2403637020177304
q_1870,AliasAwareFusion,0.0,0.0,1.0,0.1111111111111111,0.2027569227842713
q_1870,WithoutEntity,0.0,0.0,0.0,0.0,0.0
q_1870,WithoutPhrase,1.0,1.0,1.0,1.0,0.6735439182299784
q_1870,WithoutText,0.0,0.0,0.0,0.0,0.0
q_1871,AliasAwareFusion,1.0,1.0,1.0,1.0,0.8178747578506881
q_1871,WithoutEntity,1.0,1.0,1.0,1.0,0.8178747578506881
q_1871,WithoutPhrase,1.0,1.0,1.0,1.0,0.8178747578506881
q_1871,WithoutText,1.0,1.0,1.0,1.0,0.7978637366933587
q_1872,AliasAwareFusion,0.0,0.0,0.0,0.0,0.0
q_1872,WithoutEntity,0.0,0.0,0.0,0.0,0.0
q_1872,WithoutPhrase,1.0,1.0,1.0,1.0,0.6735439182299784
q_1872,WithoutText,0.0,0.0,0.0,0.0,0.0
q_1873,AliasAwareFusion,0.0,0.0,0.0,0.0,0.0
q_1873,WithoutEntity,1.0,1.0,1.0,1.0,0.6735439182299784
q_1873,WithoutPhrase,0.0,0.0,0.0,0.0,0.0
q_1873,WithoutText,0.0,0.0,0.0,0.0,0.0
q_1874,AliasAwareFusion,1.0,1.0,1.0,1.0,0.8178747578506881
q_1874,WithoutEntity,1.0,1.0,1.0,1.0,0.8178747578506881
q_1874,WithoutPhrase,0.0,1.0,1.0,0.5,0.7136205775898136
q_1874,WithoutText,0.0,0.6666666666666666,1.0,0.20555555555555552,0.26352103882799666
q_1875,AliasAwareFusion,0.0,0.0,0.0,0.0,0.0
q_1875,WithoutEntity,0.0,0.0,0.0,0.0,0.0
q_1875,WithoutPhrase,0.0,0.0,0.0,0.0,0.0
q_1875,WithoutText,0.0,0.0,0.0,0.0,0.0
q_1876,AliasAwareFusion,0.0,1.0,1.0,0.5,0.4966392596877323
q_1876,WithoutEntity,0.0,0.0,0.0,0.0,0.0
q_1876,WithoutPhrase,1.0,1.0,1.0,1.0,0.7871546029909718
q_1876,WithoutText,0.0,0.0,0.0,0.0,0.0
q_1877,AliasAwareFusion,1.0,1.0,1.0,1.0,0.6735439182299784
q_1877,WithoutEntity,0.0,0.0,0.0,0.0,0.0
q_1877,WithoutPhrase,1.0,1.0,1.0,1.0,0.6735439182299784
q_1877,WithoutText,0.0,1.0,1.0,0.4444444444444444,0.39556325193725916
q_1878,AliasAwareFusion,1.0,1.0,1.0,1.0,0.6735439182299784
q_1878,WithoutEntity,1.0,1.0,1.0,1.0,0.6735439182299784
q_1878,WithoutPhrase,1.0,1.0,1.0,1.0,0.6735439182299784
q_1878,WithoutText,0.0,0.0,0.0,0.0,0.0
q_1879,AliasAwareFusion,1.0,1.0,1.0,1.0,0.6735439182299784
q_1879,WithoutEntity,1.0,1.0,1.0,1.0,0.6735439182299784
q_1879,WithoutPhrase,1.0,1.0,1.0,1.0,0.6735439182299784
q_1879,WithoutText,1.0,1.0,1.0,1.0,0.6735439182299784
q_1880,AliasAwareFusion,0.0,1.0,1.0,0.5,0.42495889834839423
q_1880,WithoutEntity,0.0,0.0,1.0,0.1666666666666666,0.2399211845064163
q_1880,WithoutPhrase,0.0,1.0,1.0,0.5,0.42495889834839423
q_1880,WithoutText,1.0,1.0,1.0,1.0,0.6735439182299784
q_1881,AliasAwareFusion,1.0,1.0,1.0,1.0,0.943107113117489
q_1881,WithoutEntity,1.0,1.0,1.0,1.0,0.95583058934618
q_1881,WithoutPhrase,1.0,1.0,1.0,1.0,0.9481794184064679
q_1881,WithoutText,1.0,1.0,1.0,1.0,0.7871546029909718
q_1882,AliasAwareFusion,1.0,1.0,1.0,1.0,0.6735439182299784
q_1882,WithoutEntity,1.0,1.0,1.0,1.0,0.7646065393046344
q_1882,WithoutPhrase,1.0,1.0,1.0,1.0,0.6735439182299784
q_1882,WithoutText,0.0,0.0,0.0,0.0,0.0
q_1883,AliasAwareFusion,1.0,1.0,1.0,1.0,0.6735439182299784
q_1883,WithoutEntity,0.0,1.0,1.0,0.5,0.42495889834839423
q_1883,WithoutPhrase,1.0,1.0,1.0,1.0,0.6735439182299784
q_1883,WithoutText,0.3333333333333333,1.0,1.0,0.611111111111111,0.4784249252311206
q_1884,AliasAwareFusion,1.0,1.0,1.0,1.0,0.9324441894571632
q_1884,WithoutEntity,1.0,1.0,1.0,1.0,0.8846711923905052
q_1884,WithoutPhrase,1.0,1.0,1.0,1.0,0.9324441894571632
q_1884,WithoutText,0.0,1.0,1.0,0.5,0.649724312783596
q_1885,AliasAwareFusion,1.0,1.0,1.0,1.0,0.6735439182299784
q_1885,WithoutEntity,1.0,1.0,1.0,1.0,0.6735439182299784
q_1885,WithoutPhrase,1.0,1.0,1.0,1.0,0.6735439182299784
q_1885,WithoutText,0.0,1.0,1.0,0.5,0.42495889834839423
q_1886,AliasAwareFusion,1.0,1.0,1.0,1.0,0.6735439182299784
q_1886,WithoutEntity,1.0,1.0,1.0,1.0,0.6735439182299784
q_1886,WithoutPhrase,1.0,1.0,1.0,1.0,0.6735439182299784
q_1886,WithoutText,1.0,1.0,1.0,1.0,0.6735439182299784
q_1887,AliasAwareFusion,1.0,1.0,1.0,1.0,0.7871546029909718
q_1887,WithoutEntity,1.0,1.0,1.0,1.0,0.7871546029909718
q_1887,WithoutPhrase,1.0,1.0,1.0,1.0,0.7871546029909718
q_1887,WithoutText,1.0,1.0,1.0,1.0,0.7871546029909718
q_1888,AliasAwareFusion,1.0,1.0,1.0,1.0,0.7842805712853451
q_1888,WithoutEntity,1.0,1.0,1.0,1.0,0.6735439182299784
q_1888,WithoutPhrase,1.0,1.0,1.0,1.0,0.8556691603792904
q_1888,WithoutText,0.0,0.0,0.0,0.0,0.0
q_1889,AliasAwareFusion,1.0,1.0,1.0,1.0,0.6735439182299784
q_1889,WithoutEntity,1.0,1.0,1.0,1.0,0.6735439182299784
q_1889,WithoutPhrase,1.0,1.0,1.0,1.0,0.6735439182299784
q_1889,WithoutText,0.0,1.0,1.0,0.27777777777777773,0.30564370398136576
q_1890,AliasAwareFusion,1.0,1.0,1.0,1.0,0.7978637366933587
q_1890,WithoutEntity,1.0,1.0,1.0,1.0,0.7852134991855584
q_1890,WithoutPhrase,1.0,1.0,1.0,1.0,0.8178747578506881
q_1890,WithoutText,1.0,1.0,1.0,1.0,0.7763672830184426
q_1891,AliasAwareFusion,1.0,1.0,1.0,1.0,0.6735439182299784
q_1891,WithoutEntity,1.0,1.0,1.0,1.0,0.6735439182299784
q_1891,WithoutPhrase,1.0,1.0,1.0,1.0,0.6735439182299784
q_1891,WithoutText,1.0,1.0,1.0,1.0,0.6735439182299784
q_1892,AliasAwareFusion,1.0,1.0,1.0,1.0,0.7871546029909718
q_1892,WithoutEntity,1.0,1.0,1.0,1.0,0.7871546029909718
q_1892,WithoutPhrase,1.0,1.0,1.0,1.0,0.7871546029909718
q_1892,WithoutText,0.0,1.0,1.0,0.5,0.4966392596877323
q_1893,AliasAwareFusion,1.0,1.0,1.0,1.0,0.6735439182299784
q_1893,WithoutEntity,1.0,1.0,1.0,1.0,0.6735439182299784
q_1893,WithoutPhrase,1.0,1.0,1.0,1.0,0.6735439182299784
q_1893,WithoutText,1.0,1.0,1.0,1.0,0.6735439182299784
q_1894,AliasAwareFusion,1.0,1.0,1.0,1.0,0.8556691603792904
q_1894,WithoutEntity,1.0,1.0,1.0,1.0,0.8438816804549312
q_1894,WithoutPhrase,1.0,1.0,1.0,1.0,0.8556691603792904
q_1894,WithoutText,0.0,0.0,0.0,0.0,0.2886616792414193
q_1895,AliasAwareFusion,0.0,0.6666666666666666,1.0,0.20555555555555552,0.32168922524439886
q_1895,WithoutEntity,1.0,1.0,1.0,1.0,0.8178747578506881
q_1895,WithoutPhrase,0.0,0.0,0.0,0.0,0.0
q_1895,WithoutText,0.0,0.0,0.6666666666666666,0.08888888888888886,0.17694653333139146
q_1896,AliasAwareFusion,1.0,1.0,1.0,1.0,0.6735439182299784
q_1896,WithoutEntity,1.0,1.0,1.0,1.0,0.6735439182299784
q_1896,WithoutPhrase,1.0,1.0,1.0,1.0,0.6735439182299784
q_1896,WithoutText,1.0,1.0,1.0,1.0,0.6735439182299784
q_1897,AliasAwareFusion,1.0,1.0,1.0,1.0,0.6735439182299784
q_1897,WithoutEntity,1.0,1.0,1.0,1.0,0.6735439182299784
q_1897,WithoutPhrase,0.0,1.0,1.0,0.5,0.42495889834839423
q_1897,WithoutText,1.0,1.0,1.0,1.0,0.6735439182299784
q_1898,AliasAwareFusion,1.0,1.0,1.0,1.0,0.8556691603792904
q_1898,WithoutEntity,1.0,1.0,1.0,1.0,0.8178747578506881
q_1898,WithoutPhrase,1.0,1.0,1.0,1.0,0.8556691603792904
q_1898,WithoutText,1.0,1.0,1.0,1.0,0.6735439182299784
q_1899,AliasAwareFusion,0.0,1.0,1.0,0.5,0.8579514172105233
q_1899,WithoutEntity,0.0,1.0,1.0,0.5,0.8579514172105233
q_1899,WithoutPhrase,1.0,1.0,1.0,1.0,1.0
q_1899,WithoutText,0.0,0.0,1.0,0.1111111111111111,0.4914186020256907
q_1900,AliasAwareFusion,1.0,1.0,1.0,1.0,0.7978637366933587
q_1900,WithoutEntity,1.0,1.0,1.0,1.0,0.8556691603792904
q_1900,WithoutPhrase,1.0,1.0,1.0,1.0,0.7697644779771182
q_1900,WithoutText,1.0,1.0,1.0,1.0,0.7763672830184426
q_1901,AliasAwareFusion,1.0,1.0,1.0,1.0,0.95583058934618
q_1901,WithoutEntity,1.0,1.0,1.0,1.0,0.9073218002554916
q_1901,WithoutPhrase,1.0,1.0,1.0,1.0,0.95583058934618
q_1901,WithoutText,1.0,1.0,1.0,1.0,0.9073218002554916
q_1902,AliasAwareFusion,0.0,1.0,1.0,0.5,0.42495889834839423
q_1902,WithoutEntity,0.0,1.0,1.0,0.20000000000000004,0.2605623555630197
q_1902,WithoutPhrase,1.0,1.0,1.0,1.0,0.6735439182299784
q_1902,WithoutText,0.0,0.0,0.6666666666666666,0.09259259259259256,0.14755936909689585
q_1903,AliasAwareFusion,1.0,1.0,1.0,1.0,0.7871546029909718
q_1903,WithoutEntity,1.0,1.0,1.0,1.0,0.7871546029909718
q_1903,WithoutPhrase,1.0,1.0,1.0,1.0,0.7871546029909718
q_1903,WithoutText,0.0,0.0,1.0,0.1666666666666666,0.280390126950546
q_1904,AliasAwareFusion,1.0,1.0,1.0,1.0,0.7871546029909718
q_1904,WithoutEntity,0.0,1.0,1.0,0.3333333333333333,0.3935773014954859
q_1904,WithoutPhrase,1.0,1.0,1.0,1.0,0.7871546029909718
q_1904,WithoutText,0.0,0.0,0.0,0.0,0.0
q_1905,AliasAwareFusion,1.0,1.0,1.0,1.0,0.6735439182299784
q_1905,WithoutEntity,1.0,1.0,1.0,1.0,0.6735439182299784
q_1905,WithoutPhrase,1.0,1.0,1.0,1.0,0.6735439182299784
q_1905,WithoutText,1.0,1.0,1.0,1.0,0.6735439182299784
q_1906,AliasAwareFusion,1.0,1.0,1.0,1.0,0.7604397422803805
q_1906,WithoutEntity,1.0,1.0,1.0,1.0,0.6735439182299784
q_1906,WithoutPhrase,1.0,1.0,1.0,1.0,0.7581371516964795
q_1906,WithoutText,1.0,1.0,1.0,1.0,0.7697644779771182
q_1907,AliasAwareFusion,1.0,1.0,1.0,1.0,0.7852134991855584
q_1907,WithoutEntity,1.0,1.0,1.0,1.0,0.6735439182299784
q_1907,WithoutPhrase,0.0,1.0,1.0,0.5,0.5366284793039741
q_1907,WithoutText,0.3333333333333333,1.0,1.0,0.6666666666666666,0.5947163956926577
q_1908,AliasAwareFusion,1.0,1.0,1.0,1.0,0.6735439182299784
q_1908,WithoutEntity,1.0,1.0,1.0,1.0,0.6735439182299784
q_1908,WithoutPhrase,1.0,1.0,1.0,1.0,0.6735439182299784
q_1908,WithoutText,1.0,1.0,1.0,1.0,0.6735439182299784
q_1909,AliasAwareFusion,1.0,1.0,1.0,1.0,0.7381725801843518
q_1909,WithoutEntity,1.0,1.0,1.0,1.0,0.8178747578506881
q_1909,WithoutPhrase,1.0,1.0,1.0,1.0,0.737690958061405
q_1909,WithoutText,0.0,1.0,1.0,0.5,0.42495889834839423
q_1910,AliasAwareFusion,1.0,1.0,1.0,1.0,1.0
q_1910,WithoutEntity,0.0,1.0,1.0,0.3333333333333333,0.7309292742059025
q_1910,WithoutPhrase,1.0,1.0,1.0,1.0,1.0
q_1910,WithoutText,1.0,1.0,1.0,1.0,0.9480351227165077
q_1911,AliasAwareFusion,1.0,1.0,1.0,1.0,0.8178747578506881
q_1911,WithoutEntity,1.0,1.0,1.0,1.0,0.6735439182299784
q_1911,WithoutPhrase,1.0,1.0,1.0,1.0,0.8556691603792904
q_1911,WithoutText,1.0,1.0,1.0,1.0,0.6735439182299784
q_1912,AliasAwareFusion,1.0,1.0,1.0,1.0,0.7871546029909718
q_1912,WithoutEntity,1.0,1.0,1.0,1.0,1.0
q_1912,WithoutPhrase,1.0,1.0,1.0,1.0,0.7871546029909718
q_1912,WithoutText,0.0,0.0,0.0,0.0,0.0
q_1913,AliasAwareFusion,0.0,1.0,1.0,0.5,0.4966392596877323
q_1913,WithoutEntity,0.0,1.0,1.0,0.25,0.3390090350877799
q_1913,WithoutPhrase,1.0,1.0,1.0,1.0,0.7871546029909718
q_1913,WithoutText,0.0,1.0,1.0,0.4166666666666667,0.4440958514877482
q_1914,AliasAwareFusion,1.0,1.0,1.0,1.0,0.8556691603792904
q_1914,WithoutEntity,1.0,1.0,1.0,1.0,0.7852134991855584
q_1914,WithoutPhrase,1.0,1.0,1.0,1.0,0.8556691603792904
q_1914,WithoutText,1.0,1.0,1.0,1.0,0.8556691603792904
q_1915,AliasAwareFusion,1.0,1.0,1.0,1.0,0.7871546029909718
q_1915,WithoutEntity,1.0,1.0,1.0,1.0,0.7871546029909718
q_1915,WithoutPhrase,1.0,1.0,1.0,1.0,0.8996052605611106
q_1915,WithoutText,1.0,1.0,1.0,1.0,0.7871546029909718
q_1916,AliasAwareFusion,1.0,1.0,1.0,1.0,0.6735439182299784
q_1916,WithoutEntity,1.0,1.0,1.0,1.0,0.95188972012643
q_1916,WithoutPhrase,1.0,1.0,1.0,1.0,0.6735439182299784
q_1916,WithoutText,1.0,1.0,1.0,1.0,0.6735439182299784
q_1917,AliasAwareFusion,1.0,1.0,1.0,1.0,0.6735439182299784
q_1917,WithoutEntity,1.0,1.0,1.0,1.0,0.6735439182299784
q_1917,WithoutPhrase,1.0,1.0,1.0,1.0,0.6735439182299784
q_1917,WithoutText,1.0,1.0,1.0,1.0,0.6735439182299784
q_1918,AliasAwareFusion,1.0,1.0,1.0,1.0,0.7978637366933587
q_1918,WithoutEntity,1.0,1.0,1.0,1.0,0.8556691603792904
q_1918,WithoutPhrase,1.0,1.0,1.0,1.0,0.7763672830184426
q_1918,WithoutText,1.0,1.0,1.0,1.0,0.7291718770130123
q_1919,AliasAwareFusion,1.0,1.0,1.0,1.0,0.6735439182299784
q_1919,WithoutEntity,1.0,1.0,1.0,1.0,0.6735439182299784
q_1919,WithoutPhrase,1.0,1.0,1.0,1.0,0.6735439182299784
q_1919,WithoutText,0.3333333333333333,1.0,1.0,0.6666666666666666,0.5078205716422556
q_1920,AliasAwareFusion,1.0,1.0,1.0,1.0,0.6735439182299784
q_1920,WithoutEntity,1.0,1.0,1.0,1.0,0.6735439182299784
q_1920,WithoutPhrase,1.0,1.0,1.0,1.0,0.6735439182299784
q_1920,WithoutText,0.0,0.0,0.0,0.0,0.0
q_1921,AliasAwareFusion,1.0,1.0,1.0,1.0,0.6735439182299784
q_1921,WithoutEntity,1.0,1.0,1.0,1.0,0.6735439182299784
q_1921,WithoutPhrase,1.0,1.0,1.0,1.0,0.6735439182299784
q_1921,WithoutText,1.0,1.0,1.0,1.0,0.6735439182299784
q_1922,AliasAwareFusion,1.0,1.0,1.0,1.0,0.7871546029909718
q_1922,WithoutEntity,1.0,1.0,1.0,1.0,0.7871546029909718
q_1922,WithoutPhrase,1.0,1.0,1.0,1.0,0.7871546029909718
q_1922,WithoutText,0.0,1.0,1.0,0.25,0.3390090350877799
q_1923,AliasAwareFusion,1.0,1.0,1.0,1.0,0.6735439182299784
q_1923,WithoutEntity,1.0,1.0,1.0,1.0,0.6735439182299784
q_1923,WithoutPhrase,1.0,1.0,1.0,1.0,0.6735439182299784
q_1923,WithoutText,1.0,1.0,1.0,1.0,0.6735439182299784
q_1924,AliasAwareFusion,1.0,1.0,1.0,1.0,0.6735439182299784
q_1924,WithoutEntity,1.0,1.0,1.0,1.0,0.6735439182299784
q_1924,WithoutPhrase,1.0,1.0,1.0,1.0,0.6735439182299784
q_1924,WithoutText,1.0,1.0,1.0,1.0,0.6735439182299784
q_1925,AliasAwareFusion,1.0,1.0,1.0,1.0,0.7871546029909718
q_1925,WithoutEntity,1.0,1.0,1.0,1.0,0.7871546029909718
q_1925,WithoutPhrase,1.0,1.0,1.0,1.0,0.7871546029909718
q_1925,WithoutText,1.0,1.0,1.0,1.0,0.7871546029909718
q_1926,AliasAwareFusion,0.6666666666666666,1.0,1.0,0.8333333333333334,0.590682244936117
q_1926,WithoutEntity,0.0,0.0,1.0,0.1666666666666666,0.2399211845064163
q_1926,WithoutPhrase,1.0,1.0,1.0,1.0,0.6735439182299784
q_1926,WithoutText,1.0,1.0,1.0,1.0,0.6735439182299784
q_1927,AliasAwareFusion,1.0,1.0,1.0,1.0,0.8003173312432018
q_1927,WithoutEntity,1.0,1.0,1.0,1.0,0.6735439182299784
q_1927,WithoutPhrase,1.0,1.0,1.0,1.0,0.8178747578506881
q_1927,WithoutText,0.0,1.0,1.0,0.3055555555555555,0.4240311963366416
q_1928,AliasAwareFusion,1.0,1.0,1.0,1.0,0.8556691603792904
q_1928,WithoutEntity,1.0,1.0,1.0,1.0,0.8556691603792904
q_1928,WithoutPhrase,1.0,1.0,1.0,1.0,0.8556691603792904
q_1928,WithoutText,1.0,1.0,1.0,1.0,0.8430710262030896
q_1929,AliasAwareFusion,1.0,1.0,1.0,1.0,0.6735439182299784
q_1929,WithoutEntity,1.0,1.0,1.0,1.0,0.6735439182299784
q_1929,WithoutPhrase,1.0,1.0,1.0,1.0,0.6735439182299784
q_1929,WithoutText,0.0,1.0,1.0,0.5,0.42495889834839423
q_1930,AliasAwareFusion,1.0,1.0,1.0,1.0,0.7871546029909718
q_1930,WithoutEntity,1.0,1.0,1.0,1.0,0.7871546029909718
q_1930,WithoutPhrase,1.0,1.0,1.0,1.0,0.7871546029909718
q_1930,WithoutText,1.0,1.0,1.0,1.0,0.7871546029909718
q_1931,AliasAwareFusion,1.0,1.0,1.0,1.0,0.7871546029909718
q_1931,WithoutEntity,1.0,1.0,1.0,1.0,0.7871546029909718
q_1931,WithoutPhrase,1.0,1.0,1.0,1.0,0.7871546029909718
q_1931,WithoutText,1.0,1.0,1.0,1.0,0.8196601327908163
q_1932,AliasAwareFusion,0.0,1.0,1.0,0.3333333333333333,0.3367719591149892
q_1932,WithoutEntity,0.0,1.0,1.0,0.3333333333333333,0.3367719591149892
q_1932,WithoutPhrase,0.0,1.0,1.0,0.25,0.290079576414554
q_1932,WithoutText,0.0,0.3333333333333333,1.0,0.19444444444444442,0.25664064847579554
q_1933,AliasAwareFusion,1.0,1.0,1.0,1.0,0.8556691603792904
q_1933,WithoutEntity,1.0,1.0,1.0,1.0,0.9391110985538408
q_1933,WithoutPhrase,1.0,1.0,1.0,1.0,0.8556691603792904
q_1933,WithoutText,1.0,1.0,1.0,1.0,0.8112044174649116
q_1934,AliasAwareFusion,1.0,1.0,1.0,1.0,0.7871546029909718
q_1934,WithoutEntity,1.0,1.0,1.0,1.0,0.9324441894571632
q_1934,WithoutPhrase,1.0,1.0,1.0,1.0,0.7871546029909718
q_1934,WithoutText,1.0,1.0,1.0,1.0,0.7871546029909718
q_1935,AliasAwareFusion,1.0,1.0,1.0,1.0,0.7871546029909718
q_1935,WithoutEntity,0.0,1.0,1.0,0.25,0.3390090350877799
q_1935,WithoutPhrase,1.0,1.0,1.0,1.0,0.7871546029909718
q_1935,WithoutText,0.0,0.0,1.0,0.1428571428571428,0.2623848676636572
q_1936,AliasAwareFusion,0.0,0.0,1.0,0.1263227513227513,0.35758117674353
q_1936,WithoutEntity,0.0,0.0,0.0,0.0,0.09622055974713968
q_1936,WithoutPhrase,0.0,0.3333333333333333,1.0,0.17777777777777773,0.5354632541000368
q_1936,WithoutText,0.0,0.0,0.0,0.0,0.07149764858134797
q_1937,AliasAwareFusion,1.0,1.0,1.0,1.0,0.8556691603792904
q_1937,WithoutEntity,1.0,1.0,1.0,1.0,0.8556691603792904
q_1937,WithoutPhrase,1.0,1.0,1.0,1.0,0.8556691603792904
q_1937,WithoutText,1.0,1.0,1.0,1.0,0.6735439182299784
q_1938,AliasAwareFusion,1.0,1.0,1.0,1.0,0.7978637366933587
q_1938,WithoutEntity,1.0,1.0,1.0,1.0,0.7978637366933587
q_1938,WithoutPhrase,1.0,1.0,1.0,1.0,0.7978637366933587
q_1938,WithoutText,0.0,1.0,1.0,0.2611111111111111,0.29580463036418764
q_1939,AliasAwareFusion,1.0,1.0,1.0,1.0,0.6735439182299784
q_1939,WithoutEntity,1.0,1.0,1.0,1.0,0.6735439182299784
q_1939,WithoutPhrase,1.0,1.0,1.0,1.0,0.6735439182299784
q_1939,WithoutText,1.0,1.0,1.0,1.0,0.6735439182299784
q_1940,AliasAwareFusion,1.0,1.0,1.0,1.0,0.6735439182299784
q_1940,WithoutEntity,1.0,1.0,1.0,1.0,0.6735439182299784
q_1940,WithoutPhrase,1.0,1.0,1.0,1.0,0.6735439182299784
q_1940,WithoutText,0.0,1.0,1.0,0.5,0.42495889834839423
q_1941,AliasAwareFusion,1.0,1.0,1.0,1.0,0.7894302450214918
q_1941,WithoutEntity,1.0,1.0,1.0,1.0,0.6735439182299784
q_1941,WithoutPhrase,1.0,1.0,1.0,1.0,0.7710581027724218
q_1941,WithoutText,0.0,0.0,0.0,0.0,0.0
q_1942,AliasAwareFusion,1.0,1.0,1.0,1.0,0.6735439182299784
q_1942,WithoutEntity,1.0,1.0,1.0,1.0,0.8178747578506881
q_1942,WithoutPhrase,1.0,1.0,1.0,1.0,0.6735439182299784
q_1942,WithoutText,1.0,1.0,1.0,1.0,0.6735439182299784
q_1943,AliasAwareFusion,1.0,1.0,1.0,1.0,0.6735439182299784
q_1943,WithoutEntity,1.0,1.0,1.0,1.0,0.6735439182299784
q_1943,WithoutPhrase,1.0,1.0,1.0,1.0,0.6735439182299784
q_1943,WithoutText,1.0,1.0,1.0,1.0,0.6735439182299784
q_1944,AliasAwareFusion,1.0,1.0,1.0,1.0,0.6735439182299784
q_1944,WithoutEntity,1.0,1.0,1.0,1.0,0.6735439182299784
q_1944,WithoutPhrase,1.0,1.0,1.0,1.0,0.6735439182299784
q_1944,WithoutText,0.0,1.0,1.0,0.25,0.290079576414554
q_1945,AliasAwareFusion,1.0,1.0,1.0,1.0,0.7978637366933587
q_1945,WithoutEntity,1.0,1.0,1.0,1.0,0.7978637366933587
q_1945,WithoutPhrase,1.0,1.0,1.0,1.0,0.7978637366933587
q_1945,WithoutText,0.0,0.0,1.0,0.125,0.2993752732245991
q_1946,AliasAwareFusion,1.0,1.0,1.0,1.0,0.9324441894571632
q_1946,WithoutEntity,1.0,1.0,1.0,1.0,0.7871546029909718
q_1946,WithoutPhrase,1.0,1.0,1.0,1.0,0.95583058934618
q_1946,WithoutText,1.0,1.0,1.0,1.0,0.8846711923905052
q_1947,AliasAwareFusion,0.0,1.0,1.0,0.3055555555555555,0.32120783154817745
q_1947,WithoutEntity,0.0,1.0,1.0,0.3333333333333333,0.3367719591149892
q_1947,WithoutPhrase,0.0,1.0,1.0,0.2888888888888889,0.3113687579309994
q_1947,WithoutText,0.0,0.0,0.6666666666666666,0.0787037037037037,0.13841212398615613
q_1948,AliasAwareFusion,1.0,1.0,1.0,1.0,0.8515023633550364
q_1948,WithoutEntity,1.0,1.0,1.0,1.0,0.8515023633550364
q_1948,WithoutPhrase,1.0,1.0,1.0,1.0,0.8515023633550364
q_1948,WithoutText,0.0,0.0,0.0,0.0,0.0
q_1949,AliasAwareFusion,1.0,1.0,1.0,1.0,0.6735439182299784
q_1949,WithoutEntity,1.0,1.0,1.0,1.0,0.6735439182299784
q_1949,WithoutPhrase,0.0,1.0,1.0,0.5,0.42495889834839423
q_1949,WithoutText,1.0,1.0,1.0,1.0,0.6735439182299784
q_1950,AliasAwareFusion,1.0,1.0,1.0,1.0,0.7604397422803805
q_1950,WithoutEntity,1.0,1.0,1.0,1.0,0.8178747578506881
q_1950,WithoutPhrase,1.0,1.0,1.0,1.0,0.7632176069632165
q_1950,WithoutText,1.0,1.0,1.0,1.0,0.6735439182299784
q_1951,AliasAwareFusion,1.0,1.0,1.0,1.0,0.6735439182299784
q_1951,WithoutEntity,1.0,1.0,1.0,1.0,0.6735439182299784
q_1951,WithoutPhrase,1.0,1.0,1.0,1.0,0.6735439182299784
q_1951,WithoutText,0.0,1.0,1.0,0.20000000000000004,0.2605623555630197
q_1952,AliasAwareFusion,1.0,1.0,1.0,1.0,0.8045340770791353
q_1952,WithoutEntity,1.0,1.0,1.0,1.0,0.6735439182299784
q_1952,WithoutPhrase,1.0,1.0,1.0,1.0,0.7697644779771182
q_1952,WithoutText,1.0,1.0,1.0,1.0,0.7978637366933587
q_1953,AliasAwareFusion,1.0,1.0,1.0,1.0,0.6735439182299784
q_1953,WithoutEntity,1.0,1.0,1.0,1.0,0.6735439182299784
q_1953,WithoutPhrase,1.0,1.0,1.0,1.0,0.6735439182299784
q_1953,WithoutText,0.0,0.0,0.0,0.0,0.0
q_1954,AliasAwareFusion,1.0,1.0,1.0,1.0,0.6735439182299784
q_1954,WithoutEntity,1.0,1.0,1.0,1.0,0.6735439182299784
q_1954,WithoutPhrase,1.0,1.0,1.0,1.0,0.6735439182299784
q_1954,WithoutText,1.0,1.0,1.0,1.0,0.6735439182299784
q_1955,AliasAwareFusion,1.0,1.0,1.0,1.0,0.6735439182299784
q_1955,WithoutEntity,1.0,1.0,1.0,1.0,0.6735439182299784
q_1955,WithoutPhrase,1.0,1.0,1.0,1.0,0.6735439182299784
q_1955,WithoutText,1.0,1.0,1.0,1.0,0.6735439182299784
q_1956,AliasAwareFusion,0.0,1.0,1.0,0.5,0.42495889834839423
q_1956,WithoutEntity,1.0,1.0,1.0,1.0,0.8178747578506881
q_1956,WithoutPhrase,0.0,1.0,1.0,0.3055555555555555,0.3501731062316448
q_1956,WithoutText,0.0,1.0,1.0,0.20000000000000004,0.2605623555630197
q_1957,AliasAwareFusion,1.0,1.0,1.0,1.0,0.7871546029909718
q_1957,WithoutEntity,1.0,1.0,1.0,1.0,0.7871546029909718
q_1957,WithoutPhrase,1.0,1.0,1.0,1.0,0.7871546029909718
q_1957,WithoutText,1.0,1.0,1.0,1.0,0.7871546029909718
q_1958,AliasAwareFusion,1.0,1.0,1.0,1.0,0.6735439182299784
q_1958,WithoutEntity,1.0,1.0,1.0,1.0,0.6735439182299784
q_1958,WithoutPhrase,1.0,1.0,1.0,1.0,0.6735439182299784
q_1958,WithoutText,0.6666666666666666,1.0,1.0,0.8333333333333334,0.590682244936117
q_1959,AliasAwareFusion,1.0,1.0,1.0,1.0,0.6735439182299784
q_1959,WithoutEntity,1.0,1.0,1.0,1.0,0.6735439182299784
q_1959,WithoutPhrase,1.0,1.0,1.0,1.0,0.6735439182299784
q_1959,WithoutText,1.0,1.0,1.0,1.0,0.6735439182299784
q_1960,AliasAwareFusion,1.0,1.0,1.0,1.0,0.6735439182299784
q_1960,WithoutEntity,1.0,1.0,1.0,1.0,0.6735439182299784
q_1960,WithoutPhrase,1.0,1.0,1.0,1.0,0.6735439182299784
q_1960,WithoutText,1.0,1.0,1.0,1.0,0.6735439182299784
q_1961,AliasAwareFusion,1.0,1.0,1.0,1.0,0.6735439182299784
q_1961,WithoutEntity,1.0,1.0,1.0,1.0,0.6735439182299784
q_1961,WithoutPhrase,0.3333333333333333,1.0,1.0,0.5277777777777778,0.4334651512531739
q_1961,WithoutText,0.0,0.0,0.0,0.0,0.0
q_1962,AliasAwareFusion,1.0,1.0,1.0,1.0,0.6735439182299784
q_1962,WithoutEntity,1.0,1.0,1.0,1.0,0.6735439182299784
q_1962,WithoutPhrase,1.0,1.0,1.0,1.0,0.6735439182299784
q_1962,WithoutText,1.0,1.0,1.0,1.0,0.6735439182299784
q_1963,AliasAwareFusion,1.0,1.0,1.0,1.0,0.8556691603792904
q_1963,WithoutEntity,1.0,1.0,1.0,1.0,0.8556691603792904
q_1963,WithoutPhrase,1.0,1.0,1.0,1.0,0.8556691603792904
q_1963,WithoutText,1.0,1.0,1.0,1.0,0.8178747578506881
q_1964,AliasAwareFusion,0.0,1.0,1.0,0.5,0.42495889834839423
q_1964,WithoutEntity,0.0,1.0,1.0,0.25,0.290079576414554
q_1964,WithoutPhrase,0.0,0.0,0.0,0.0,0.0
q_1964,WithoutText,0.0,1.0,1.0,0.5,0.42495889834839423
q_1965,AliasAwareFusion,1.0,1.0,1.0,1.0,0.7871546029909718
q_1965,WithoutEntity,1.0,1.0,1.0,1.0,0.7871546029909718
q_1965,WithoutPhrase,1.0,1.0,1.0,1.0,0.7871546029909718
q_1965,WithoutText,1.0,1.0,1.0,1.0,0.7871546029909718
q_1966,AliasAwareFusion,1.0,1.0,1.0,1.0,0.8430710262030896
q_1966,WithoutEntity,1.0,1.0,1.0,1.0,0.8556691603792904
q_1966,WithoutPhrase,1.0,1.0,1.0,1.0,0.8178747578506881
q_1966,WithoutText,1.0,1.0,1.0,1.0,0.7842805712853451
q_1967,AliasAwareFusion,1.0,1.0,1.0,1.0,0.6735439182299784
q_1967,WithoutEntity,1.0,1.0,1.0,1.0,0.7763672830184426
q_1967,WithoutPhrase,1.0,1.0,1.0,1.0,0.6735439182299784
q_1967,WithoutText,1.0,1.0,1.0,1.0,0.6735439182299784
q_1968,AliasAwareFusion,1.0,1.0,1.0,1.0,0.7569858564045292
q_1968,WithoutEntity,1.0,1.0,1.0,1.0,0.6735439182299784
q_1968,WithoutPhrase,1.0,1.0,1.0,1.0,0.6735439182299784
q_1968,WithoutText,1.0,1.0,1.0,1.0,0.8813056748679097
q_1969,AliasAwareFusion,1.0,1.0,1.0,1.0,0.6735439182299784
q_1969,WithoutEntity,1.0,1.0,1.0,1.0,0.6735439182299784
q_1969,WithoutPhrase,1.0,1.0,1.0,1.0,0.6735439182299784
q_1969,WithoutText,1.0,1.0,1.0,1.0,0.6735439182299784
q_1970,AliasAwareFusion,1.0,1.0,1.0,1.0,0.7871546029909718
q_1970,WithoutEntity,1.0,1.0,1.0,1.0,0.7871546029909718
q_1970,WithoutPhrase,1.0,1.0,1.0,1.0,0.7871546029909718
q_1970,WithoutText,1.0,1.0,1.0,1.0,0.7871546029909718
q_1971,AliasAwareFusion,1.0,1.0,1.0,1.0,0.6735439182299784
q_1971,WithoutEntity,1.0,1.0,1.0,1.0,0.6735439182299784
q_1971,WithoutPhrase,1.0,1.0,1.0,1.0,0.6735439182299784
q_1971,WithoutText,1.0,1.0,1.0,1.0,0.6735439182299784
q_1972,AliasAwareFusion,1.0,1.0,1.0,1.0,1.0
q_1972,WithoutEntity,1.0,1.0,1.0,1.0,1.0
q_1972,WithoutPhrase,1.0,1.0,1.0,1.0,1.0
q_1972,WithoutText,1.0,1.0,1.0,1.0,1.0
q_1973,AliasAwareFusion,1.0,1.0,1.0,1.0,0.6735439182299784
q_1973,WithoutEntity,1.0,1.0,1.0,1.0,0.6735439182299784
q_1973,WithoutPhrase,1.0,1.0,1.0,1.0,0.6735439182299784
q_1973,WithoutText,1.0,1.0,1.0,1.0,0.6735439182299784
q_1974,AliasAwareFusion,1.0,1.0,1.0,1.0,0.6735439182299784
q_1974,WithoutEntity,1.0,1.0,1.0,1.0,0.7604397422803805
q_1974,WithoutPhrase,1.0,1.0,1.0,1.0,0.6735439182299784
q_1974,WithoutText,0.0,0.0,0.0,0.0,0.0
q_1975,AliasAwareFusion,1.0,1.0,1.0,1.0,0.7871546029909718
q_1975,WithoutEntity,0.0,1.0,1.0,0.5,0.4966392596877323
q_1975,WithoutPhrase,1.0,1.0,1.0,1.0,0.7871546029909718
q_1975,WithoutText,0.0,1.0,1.0,0.20000000000000004,0.3045129678946485
q_1976,AliasAwareFusion,1.0,1.0,1.0,1.0,0.6735439182299784
q_1976,WithoutEntity,1.0,1.0,1.0,1.0,0.6735439182299784
q_1976,WithoutPhrase,1.0,1.0,1.0,1.0,0.6735439182299784
q_1976,WithoutText,0.0,0.0,1.0,0.1428571428571428,0.2245146394099928
q_1977,AliasAwareFusion,1.0,1.0,1.0,1.0,0.7871546029909718
q_1977,WithoutEntity,0.0,0.0,0.0,0.0,0.0
q_1977,WithoutPhrase,1.0,1.0,1.0,1.0,0.7871546029909718
q_1977,WithoutText,0.0,0.0,1.0,0.1111111111111111,0.236957146725255
q_1978,AliasAwareFusion,0.0,0.0,0.0,0.0,0.0
q_1978,WithoutEntity,0.0,0.0,0.0,0.0,0.0
q_1978,WithoutPhrase,0.0,0.0,0.0,0.0,0.0
q_1978,WithoutText,0.0,0.0,1.0,0.125,0.21247944917419712
q_1979,AliasAwareFusion,1.0,1.0,1.0,1.0,0.6735439182299784
q_1979,WithoutEntity,1.0,1.0,1.0,1.0,0.6735439182299784
q_1979,WithoutPhrase,1.0,1.0,1.0,1.0,0.6735439182299784
q_1979,WithoutText,1.0,1.0,1.0,1.0,0.6735439182299784
q_1980,AliasAwareFusion,1.0,1.0,1.0,1.0,0.6735439182299784
q_1980,WithoutEntity,1.0,1.0,1.0,1.0,0.6735439182299784
q_1980,WithoutPhrase,1.0,1.0,1.0,1.0,0.6735439182299784
q_1980,WithoutText,1.0,1.0,1.0,1.0,0.6735439182299784
q_1981,AliasAwareFusion,0.0,0.3333333333333333,1.0,0.17777777777777773,0.24680157485861742
q_1981,WithoutEntity,0.0,0.0,0.0,0.0,0.0
q_1981,WithoutPhrase,0.0,0.0,0.0,0.0,0.0
q_1981,WithoutText,1.0,1.0,1.0,1.0,0.6735439182299784
q_1982,AliasAwareFusion,1.0,1.0,1.0,1.0,0.6735439182299784
q_1982,WithoutEntity,1.0,1.0,1.0,1.0,0.6735439182299784
q_1982,WithoutPhrase,1.0,1.0,1.0,1.0,0.6735439182299784
q_1982,WithoutText,1.0,1.0,1.0,1.0,0.6735439182299784
q_1983,AliasAwareFusion,1.0,1.0,1.0,1.0,0.7871546029909718
q_1983,WithoutEntity,1.0,1.0,1.0,1.0,0.7871546029909718
q_1983,WithoutPhrase,1.0,1.0,1.0,1.0,0.7871546029909718
q_1983,WithoutText,1.0,1.0,1.0,1.0,0.7871546029909718
q_1984,AliasAwareFusion,0.0,1.0,1.0,0.25,0.290079576414554
q_1984,WithoutEntity,0.0,0.0,1.0,0.10000000000000002,0.1946978557406183
q_1984,WithoutPhrase,0.0,1.0,1.0,0.20000000000000004,0.2605623555630197
q_1984,WithoutText,0.0,1.0,1.0,0.5,0.42495889834839423
q_1985,AliasAwareFusion,1.0,1.0,1.0,1.0,0.6735439182299784
q_1985,WithoutEntity,1.0,1.0,1.0,1.0,0.6735439182299784
q_1985,WithoutPhrase,1.0,1.0,1.0,1.0,0.6735439182299784
q_1985,WithoutText,0.0,0.0,0.6666666666666666,0.07037037037037037,0.13248492617496319
q_1986,AliasAwareFusion,1.0,1.0,1.0,1.0,0.9421945763140686
q_1986,WithoutEntity,1.0,1.0,1.0,1.0,0.929544338806268
q_1986,WithoutPhrase,1.0,1.0,1.0,1.0,0.9799889788426704
q_1986,WithoutText,1.0,1.0,1.0,1.0,0.8082812964242819
q_1987,AliasAwareFusion,1.0,1.0,1.0,1.0,0.929544338806268
q_1987,WithoutEntity,1.0,1.0,1.0,1.0,0.7978637366933587
q_1987,WithoutPhrase,1.0,1.0,1.0,1.0,0.929544338806268
q_1987,WithoutText,1.0,1.0,1.0,1.0,0.9130285008694828
q_1988,AliasAwareFusion,1.0,1.0,1.0,1.0,1.0
q_1988,WithoutEntity,0.0,0.0,0.0,0.0,0.0
q_1988,WithoutPhrase,1.0,1.0,1.0,1.0,1.0
q_1988,WithoutText,0.0,0.0,0.0,0.0,0.12123638838475825
q_1989,AliasAwareFusion,1.0,1.0,1.0,1.0,0.6735439182299784
q_1989,WithoutEntity,1.0,1.0,1.0,1.0,0.6735439182299784
q_1989,WithoutPhrase,1.0,1.0,1.0,1.0,0.7581371516964795
q_1989,WithoutText,1.0,1.0,1.0,1.0,0.6735439182299784
q_1990,AliasAwareFusion,1.0,1.0,1.0,1.0,0.7871546029909718
q_1990,WithoutEntity,1.0,1.0,1.0,1.0,0.95583058934618
q_1990,WithoutPhrase,1.0,1.0,1.0,1.0,0.7871546029909718
q_1990,WithoutText,0.0,1.0,1.0,0.5,0.4966392596877323
q_1991,AliasAwareFusion,1.0,1.0,1.0,1.0,0.7871546029909718
q_1991,WithoutEntity,1.0,1.0,1.0,1.0,0.7871546029909718
q_1991,WithoutPhrase,1.0,1.0,1.0,1.0,0.7871546029909718
q_1991,WithoutText,1.0,1.0,1.0,1.0,0.7871546029909718
q_1992,AliasAwareFusion,1.0,1.0,1.0,1.0,0.7871546029909718
q_1992,WithoutEntity,1.0,1.0,1.0,1.0,0.7871546029909718
q_1992,WithoutPhrase,1.0,1.0,1.0,1.0,0.7871546029909718
q_1992,WithoutText,1.0,1.0,1.0,1.0,0.7871546029909718
q_1993,AliasAwareFusion,1.0,1.0,1.0,1.0,0.7871546029909718
q_1993,WithoutEntity,0.0,1.0,1.0,0.3333333333333333,0.3935773014954859
q_1993,WithoutPhrase,1.0,1.0,1.0,1.0,0.7871546029909718
q_1993,WithoutText,0.0,0.0,0.0,0.0,0.0
q_1994,AliasAwareFusion,0.0,1.0,1.0,0.25,0.290079576414554
q_1994,WithoutEntity,0.0,1.0,1.0,0.25,0.290079576414554
q_1994,WithoutPhrase,0.0,1.0,1.0,0.20000000000000004,0.2605623555630197
q_1994,WithoutText,1.0,1.0,1.0,1.0,0.7646065393046344
q_1995,AliasAwareFusion,1.0,1.0,1.0,1.0,0.7871546029909718
q_1995,WithoutEntity,0.0,1.0,1.0,0.3333333333333333,0.3935773014954859
q_1995,WithoutPhrase,1.0,1.0,1.0,1.0,0.7871546029909718
q_1995,WithoutText,0.0,1.0,1.0,0.5,0.4966392596877323
q_1996,AliasAwareFusion,1.0,1.0,1.0,1.0,0.7871546029909718
q_1996,WithoutEntity,1.0,1.0,1.0,1.0,0.7871546029909718
q_1996,WithoutPhrase,1.0,1.0,1.0,1.0,0.7871546029909718
q_1996,WithoutText,1.0,1.0,1.0,1.0,0.7871546029909718
q_1997,AliasAwareFusion,1.0,1.0,1.0,1.0,0.6735439182299784
q_1997,WithoutEntity,1.0,1.0,1.0,1.0,0.6735439182299784
q_1997,WithoutPhrase,1.0,1.0,1.0,1.0,0.6735439182299784
q_1997,WithoutText,1.0,1.0,1.0,1.0,0.6735439182299784
q_1998,AliasAwareFusion,1.0,1.0,1.0,1.0,0.6735439182299784
q_1998,WithoutEntity,1.0,1.0,1.0,1.0,0.6735439182299784
q_1998,WithoutPhrase,1.0,1.0,1.0,1.0,0.6735439182299784
q_1998,WithoutText,1.0,1.0,1.0,1.0,0.6735439182299784
q_1999,AliasAwareFusion,1.0,1.0,1.0,1.0,0.7871546029909718
q_1999,WithoutEntity,1.0,1.0,1.0,1.0,0.7871546029909718
q_1999,WithoutPhrase,1.0,1.0,1.0,1.0,0.7871546029909718
q_1999,WithoutText,1.0,1.0,1.0,1.0,0.7871546029909718
q_2000,AliasAwareFusion,0.0,1.0,1.0,0.2888888888888889,0.5290061457776803
q_2000,WithoutEntity,1.0,1.0,1.0,1.0,0.7852134991855584
q_2000,WithoutPhrase,0.0,1.0,1.0,0.27777777777777773,0.5861904408915922
q_2000,WithoutText,0.0,0.0,0.3333333333333333,0.03333333333333333,0.1655217150215621
q_2001,AliasAwareFusion,1.0,1.0,1.0,1.0,0.95583058934618
q_2001,WithoutEntity,1.0,1.0,1.0,1.0,1.0
q_2001,WithoutPhrase,1.0,1.0,1.0,1.0,0.95583058934618
q_2001,WithoutText,1.0,1.0,1.0,1.0,0.9191420501242539
q_2002,AliasAwareFusion,1.0,1.0,1.0,1.0,0.7871546029909718
q_2002,WithoutEntity,1.0,1.0,1.0,1.0,0.7871546029909718
q_2002,WithoutPhrase,1.0,1.0,1.0,1.0,0.7871546029909718
q_2002,WithoutText,1.0,1.0,1.0,1.0,0.7871546029909718
q_2003,AliasAwareFusion,1.0,1.0,1.0,1.0,0.6735439182299784
q_2003,WithoutEntity,1.0,1.0,1.0,1.0,0.6735439182299784
q_2003,WithoutPhrase,0.0,1.0,1.0,0.5,0.42495889834839423
q_2003,WithoutText,1.0,1.0,1.0,1.0,0.6735439182299784
q_2004,AliasAwareFusion,1.0,1.0,1.0,1.0,0.7871546029909718
q_2004,WithoutEntity,1.0,1.0,1.0,1.0,0.7871546029909718
q_2004,WithoutPhrase,1.0,1.0,1.0,1.0,0.7871546029909718
q_2004,WithoutText,1.0,1.0,1.0,1.0,0.7871546029909718
q_2005,AliasAwareFusion,1.0,1.0,1.0,1.0,0.6735439182299784
q_2005,WithoutEntity,1.0,1.0,1.0,1.0,0.6735439182299784
q_2005,WithoutPhrase,1.0,1.0,1.0,1.0,0.6735439182299784
q_2005,WithoutText,1.0,1.0,1.0,1.0,0.6735439182299784
q_2006,AliasAwareFusion,0.0,1.0,1.0,0.5,0.5492787168117745
q_2006,WithoutEntity,0.0,1.0,1.0,0.5,0.5692897379691039
q_2006,WithoutPhrase,0.0,1.0,1.0,0.5,0.5492787168117745
q_2006,WithoutText,0.0,1.0,1.0,0.3333333333333333,0.3367719591149892
q_2007,AliasAwareFusion,1.0,1.0,1.0,1.0,0.7871546029909718
q_2007,WithoutEntity,0.0,1.0,1.0,0.25,0.3390090350877799
q_2007,WithoutPhrase,1.0,1.0,1.0,1.0,0.7871546029909718
q_2007,WithoutText,1.0,1.0,1.0,1.0,0.7871546029909718
q_2008,AliasAwareFusion,1.0,1.0,1.0,1.0,0.7871546029909718
q_2008,WithoutEntity,1.0,1.0,1.0,1.0,0.7871546029909718
q_2008,WithoutPhrase,1.0,1.0,1.0,1.0,0.7871546029909718
q_2008,WithoutText,1.0,1.0,1.0,1.0,0.7871546029909718
q_2009,AliasAwareFusion,1.0,1.0,1.0,1.0,0.6735439182299784
q_2009,WithoutEntity,1.0,1.0,1.0,1.0,0.6735439182299784
q_2009,WithoutPhrase,1.0,1.0,1.0,1.0,0.6735439182299784
q_2009,WithoutText,0.0,0.0,0.0,0.0,0.0
q_2010,AliasAwareFusion,0.0,0.0,1.0,0.15873015873015867,0.2743883738549164
q_2010,WithoutEntity,0.0,0.0,1.0,0.1428571428571428,0.2623848676636572
q_2010,WithoutPhrase,0.0,1.0,1.0,0.3333333333333333,0.3935773014954859
q_2010,WithoutText,0.0,0.0,0.0,0.0,0.0
q_2011,AliasAwareFusion,1.0,1.0,1.0,1.0,0.6735439182299784
q_2011,WithoutEntity,1.0,1.0,1.0,1.0,0.6735439182299784
q_2011,WithoutPhrase,1.0,1.0,1.0,1.0,0.6735439182299784
q_2011,WithoutText,0.0,1.0,1.0,0.25,0.290079576414554
q_2012,AliasAwareFusion,1.0,1.0,1.0,1.0,0.7871546029909718
q_2012,WithoutEntity,1.0,1.0,1.0,1.0,0.7871546029909718
q_2012,WithoutPhrase,1.0,1.0,1.0,1.0,0.7871546029909718
q_2012,WithoutText,0.0,1.0,1.0,0.5,0.4966392596877323
q_2013,AliasAwareFusion,0.0,1.0,1.0,0.3333333333333333,0.3367719591149892
q_2013,WithoutEntity,0.0,0.0,1.0,0.1111111111111111,0.2027569227842713
q_2013,WithoutPhrase,0.0,1.0,1.0,0.3333333333333333,0.3367719591149892
q_2013,WithoutText,0.0,1.0,1.0,0.38888888888888884,0.3661676055261242
q_2014,AliasAwareFusion,1.0,1.0,1.0,1.0,0.7871546029909718
q_2014,WithoutEntity,1.0,1.0,1.0,1.0,0.7871546029909718
q_2014,WithoutPhrase,1.0,1.0,1.0,1.0,0.7871546029909718
q_2014,WithoutText,1.0,1.0,1.0,1.0,0.7871546029909718
q_2015,AliasAwareFusion,1.0,1.0,1.0,1.0,0.6735439182299784
q_2015,WithoutEntity,1.0,1.0,1.0,1.0,0.6735439182299784
q_2015,WithoutPhrase,1.0,1.0,1.0,1.0,0.6735439182299784
q_2015,WithoutText,0.0,1.0,1.0,0.5,0.42495889834839423
q_2016,AliasAwareFusion,1.0,1.0,1.0,1.0,0.7871546029909718
q_2016,WithoutEntity,1.0,1.0,1.0,1.0,0.7871546029909718
q_2016,WithoutPhrase,1.0,1.0,1.0,1.0,0.7871546029909718
q_2016,WithoutText,1.0,1.0,1.0,1.0,0.7871546029909718
q_2017,AliasAwareFusion,0.0,1.0,1.0,0.3333333333333333,0.3367719591149892
q_2017,WithoutEntity,0.0,1.0,1.0,0.3333333333333333,0.3367719591149892
q_2017,WithoutPhrase,0.0,1.0,1.0,0.25,0.290079576414554
q_2017,WithoutText,1.0,1.0,1.0,1.0,0.6735439182299784
q_2018,AliasAwareFusion,1.0,1.0,1.0,1.0,0.8196601327908163
q_2018,WithoutEntity,1.0,1.0,1.0,1.0,0.7871546029909718
q_2018,WithoutPhrase,1.0,1.0,1.0,1.0,0.7871546029909718
q_2018,WithoutText,1.0,1.0,1.0,1.0,0.9011170887947357
q_2019,AliasAwareFusion,1.0,1.0,1.0,1.0,0.6735439182299784
q_2019,WithoutEntity,1.0,1.0,1.0,1.0,0.6735439182299784
q_2019,WithoutPhrase,1.0,1.0,1.0,1.0,0.6735439182299784
q_2019,WithoutText,1.0,1.0,1.0,1.0,0.6735439182299784
q_2020,AliasAwareFusion,1.0,1.0,1.0,1.0,0.6735439182299784
q_2020,WithoutEntity,1.0,1.0,1.0,1.0,0.6735439182299784
q_2020,WithoutPhrase,1.0,1.0,1.0,1.0,0.6735439182299784
q_2020,WithoutText,0.0,1.0,1.0,0.5,0.42495889834839423
q_2021,AliasAwareFusion,1.0,1.0,1.0,1.0,0.6735439182299784
q_2021,WithoutEntity,1.0,1.0,1.0,1.0,0.6735439182299784
q_2021,WithoutPhrase,1.0,1.0,1.0,1.0,0.6735439182299784
q_2021,WithoutText,1.0,1.0,1.0,1.0,0.6735439182299784
q_2022,AliasAwareFusion,0.0,0.0,0.0,0.0,0.0
q_2022,WithoutEntity,0.0,1.0,1.0,0.5,0.5492787168117745
q_2022,WithoutPhrase,0.0,0.0,0.0,0.0,0.0
q_2022,WithoutText,0.0,0.0,0.0,0.0,0.0
q_2023,AliasAwareFusion,1.0,1.0,1.0,1.0,0.7871546029909718
q_2023,WithoutEntity,1.0,1.0,1.0,1.0,0.7871546029909718
q_2023,WithoutPhrase,1.0,1.0,1.0,1.0,0.7871546029909718
q_2023,WithoutText,1.0,1.0,1.0,1.0,0.7871546029909718
q_2024,AliasAwareFusion,1.0,1.0,1.0,1.0,0.6735439182299784
q_2024,WithoutEntity,1.0,1.0,1.0,1.0,0.6735439182299784
q_2024,WithoutPhrase,1.0,1.0,1.0,1.0,0.6735439182299784
q_2024,WithoutText,1.0,1.0,1.0,1.0,0.6735439182299784
q_2025,AliasAwareFusion,0.0,0.3333333333333333,1.0,0.22222222222222218,0.31811918513219267
q_2025,WithoutEntity,0.0,0.0,0.0,0.0,0.0
q_2025,WithoutPhrase,0.0,1.0,1.0,0.24444444444444446,0.33420107909492763
q_2025,WithoutText,0.0,1.0,1.0,0.3055555555555555,0.3753878793595839
q_2026,AliasAwareFusion,1.0,1.0,1.0,1.0,0.8196601327908163
q_2026,WithoutEntity,1.0,1.0,1.0,1.0,0.9073218002554916
q_2026,WithoutPhrase,1.0,1.0,1.0,1.0,0.8521656625906607
q_2026,WithoutText,0.0,1.0,1.0,0.3333333333333333,0.3935773014954859
q_2027,AliasAwareFusion,0.0,0.0,0.0,0.0,0.0
q_2027,WithoutEntity,0.0,0.0,0.0,0.0,0.0
q_2027,WithoutPhrase,0.0,0.0,0.0,0.0,0.0
q_2027,WithoutText,0.0,0.0,0.0,0.0,0.0
q_2028,AliasAwareFusion,1.0,1.0,1.0,1.0,0.8556691603792904
q_2028,WithoutEntity,1.0,1.0,1.0,1.0,0.8178747578506881
q_2028,WithoutPhrase,1.0,1.0,1.0,1.0,0.8556691603792904
q_2028,WithoutText,1.0,1.0,1.0,1.0,0.8556691603792904
q_2029,AliasAwareFusion,0.0,0.0,0.0,0.0,0.0
q_2029,WithoutEntity,0.0,0.0,0.0,0.0,0.0
q_2029,WithoutPhrase,0.0,0.0,1.0,0.1037037037037037,0.23067818797435913
q_2029,WithoutText,0.0,0.0,0.0,0.0,0.0
q_2030,AliasAwareFusion,1.0,1.0,1.0,1.0,0.7871546029909718
q_2030,WithoutEntity,1.0,1.0,1.0,1.0,0.7871546029909718
q_2030,WithoutPhrase,1.0,1.0,1.0,1.0,0.7871546029909718
q_2030,WithoutText,1.0,1.0,1.0,1.0,0.7871546029909718
q_2031,AliasAwareFusion,1.0,1.0,1.0,1.0,0.6735439182299784
q_2031,WithoutEntity,0.0,0.0,0.0,0.0,0.0
q_2031,WithoutPhrase,1.0,1.0,1.0,1.0,0.6735439182299784
q_2031,WithoutText,0.0,0.0,0.3333333333333333,0.03333333333333333,0.06489928524687276
q_2032,AliasAwareFusion,1.0,1.0,1.0,1.0,0.6735439182299784
q_2032,WithoutEntity,1.0,1.0,1.0,1.0,0.6735439182299784
q_2032,WithoutPhrase,1.0,1.0,1.0,1.0,0.6735439182299784
q_2032,WithoutText,1.0,1.0,1.0,1.0,0.6735439182299784
q_2033,AliasAwareFusion,0.0,0.0,1.0,0.11574074074074074,0.20599776491424657
q_2033,WithoutEntity,0.0,0.0,0.0,0.0,0.0
q_2033,WithoutPhrase,0.0,0.0,1.0,0.13690476190476186,0.22050290933139424
q_2033,WithoutText,0.0,0.0,0.0,0.0,0.0
q_2034,AliasAwareFusion,1.0,1.0,1.0,1.0,0.7871546029909718
q_2034,WithoutEntity,1.0,1.0,1.0,1.0,0.7871546029909718
q_2034,WithoutPhrase,1.0,1.0,1.0,1.0,0.7871546029909718
q_2034,WithoutText,0.0,1.0,1.0,0.5,0.4966392596877323
