question_id,Strict-Hit@1,Strict-Hit@5,Strict-Hit@10,Strict-MRR@10,nDCG@10,model
q_0001,1.0,1.0,1.0,1.0,0.7871546029909718,Full adaptation
q_0002,1.0,1.0,1.0,1.0,0.8556691603792904,Full adaptation
q_0003,1.0,1.0,1.0,1.0,0.7871546029909718,Full adaptation
q_0004,1.0,1.0,1.0,1.0,0.7871546029909718,Full adaptation
q_0005,1.0,1.0,1.0,1.0,0.6735439182299784,Full adaptation
q_0006,1.0,1.0,1.0,1.0,0.6735439182299784,Full adaptation
q_0007,1.0,1.0,1.0,1.0,0.6735439182299784,Full adaptation
q_0008,0.0,0.0,0.0,0.0,0.0,Full adaptation
q_0009,1.0,1.0,1.0,1.0,0.6735439182299784,Full adaptation
q_0010,1.0,1.0,1.0,1.0,0.6735439182299784,Full adaptation
q_0011,0.0,1.0,1.0,0.20000000000000004,0.3045129678946485,Full adaptation
q_0012,1.0,1.0,1.0,1.0,0.6735439182299784,Full adaptation
q_0013,0.0,0.0,1.0,0.11428571428571427,0.2046367836304098,Full adaptation
q_0014,1.0,1.0,1.0,1.0,0.7871546029909718,Full adaptation
q_0015,1.0,1.0,1.0,1.0,0.7604397422803805,Full adaptation
q_0016,1.0,1.0,1.0,1.0,0.9095333176489385,Full adaptation
q_0017,0.0,0.0,0.0,0.0,0.0,Full adaptation
q_0018,1.0,1.0,1.0,1.0,0.6735439182299784,Full adaptation
q_0019,0.0,1.0,1.0,0.25,0.6875599495793138,Full adaptation
q_0020,1.0,1.0,1.0,1.0,0.7871546029909718,Full adaptation
q_0021,1.0,1.0,1.0,1.0,0.95583058934618,Full adaptation
q_0022,0.0,0.0,0.0,0.0,0.0,Full adaptation
q_0023,1.0,1.0,1.0,1.0,0.9402396560868356,Full adaptation
q_0024,1.0,1.0,1.0,1.0,0.7871546029909718,Full adaptation
q_0025,1.0,1.0,1.0,1.0,0.6735439182299784,Full adaptation
q_0026,0.0,1.0,1.0,0.20000000000000004,0.549224034804439,Full adaptation
q_0027,1.0,1.0,1.0,1.0,0.6735439182299784,Full adaptation
q_0028,1.0,1.0,1.0,1.0,0.7871546029909718,Full adaptation
q_0029,1.0,1.0,1.0,1.0,0.6735439182299784,Full adaptation
q_0030,1.0,1.0,1.0,1.0,0.6735439182299784,Full adaptation
q_0031,1.0,1.0,1.0,1.0,0.7428406317975517,Full adaptation
q_0032,0.6666666666666666,1.0,1.0,0.7777777777777777,0.6559621691591432,Full adaptation
q_0033,1.0,1.0,1.0,1.0,0.6735439182299784,Full adaptation
q_0034,1.0,1.0,1.0,1.0,0.7871546029909718,Full adaptation
q_0035,1.0,1.0,1.0,1.0,0.6735439182299784,Full adaptation
q_0036,1.0,1.0,1.0,1.0,0.7871546029909718,Full adaptation
q_0037,1.0,1.0,1.0,1.0,0.7871546029909718,Full adaptation
q_0038,1.0,1.0,1.0,1.0,0.7894302450214918,Full adaptation
q_0039,0.0,0.0,1.0,0.10833333333333334,0.20062505355181123,Full adaptation
q_0040,1.0,1.0,1.0,1.0,0.7871546029909718,Full adaptation
q_0041,1.0,1.0,1.0,1.0,0.6735439182299784,Full adaptation
q_0042,0.0,0.0,1.0,0.1666666666666666,0.2399211845064163,Full adaptation
q_0043,1.0,1.0,1.0,1.0,0.7871546029909718,Full adaptation
q_0044,0.0,1.0,1.0,0.25,0.3863001361616938,Full adaptation
q_0045,1.0,1.0,1.0,1.0,0.7978637366933587,Full adaptation
q_0046,0.0,1.0,1.0,0.5,0.606355969255108,Full adaptation
q_0047,1.0,1.0,1.0,1.0,0.7685267872092371,Full adaptation
q_0048,1.0,1.0,1.0,1.0,0.7871546029909718,Full adaptation
q_0049,1.0,1.0,1.0,1.0,0.6735439182299784,Full adaptation
q_0050,0.0,1.0,1.0,0.4444444444444444,0.39556325193725916,Full adaptation
q_0051,1.0,1.0,1.0,1.0,0.7013578976214955,Full adaptation
q_0052,1.0,1.0,1.0,1.0,0.6735439182299784,Full adaptation
q_0053,0.0,1.0,1.0,0.5,0.42495889834839423,Full adaptation
q_0054,1.0,1.0,1.0,1.0,0.7871546029909718,Full adaptation
q_0055,1.0,1.0,1.0,1.0,0.8045340770791353,Full adaptation
q_0056,0.0,1.0,1.0,0.3333333333333333,0.3367719591149892,Full adaptation
q_0057,1.0,1.0,1.0,1.0,0.7871546029909718,Full adaptation
q_0058,0.0,1.0,1.0,0.5,0.42495889834839423,Full adaptation
q_0059,1.0,1.0,1.0,1.0,0.9852768631153933,Full adaptation
q_0060,1.0,1.0,1.0,1.0,0.8556691603792904,Full adaptation
q_0061,0.0,0.0,1.0,0.125,0.2993752732245991,Full adaptation
q_0062,1.0,1.0,1.0,1.0,0.6735439182299784,Full adaptation
q_0063,1.0,1.0,1.0,1.0,0.9467317814539461,Full adaptation
q_0064,1.0,1.0,1.0,1.0,0.6735439182299784,Full adaptation
q_0065,1.0,1.0,1.0,1.0,1.0,Full adaptation
q_0066,0.0,0.0,1.0,0.1111111111111111,0.236957146725255,Full adaptation
q_0067,1.0,1.0,1.0,1.0,0.6735439182299784,Full adaptation
q_0068,1.0,1.0,1.0,1.0,0.95583058934618,Full adaptation
q_0069,1.0,1.0,1.0,1.0,0.7760226523169526,Full adaptation
q_0070,0.0,1.0,1.0,0.5,0.42495889834839423,Full adaptation
q_0071,1.0,1.0,1.0,1.0,0.6735439182299784,Full adaptation
q_0072,1.0,1.0,1.0,1.0,0.8304728920268888,Full adaptation
q_0073,0.0,1.0,1.0,0.5,0.6090899172578711,Full adaptation
q_0074,1.0,1.0,1.0,1.0,0.6735439182299784,Full adaptation
q_0075,1.0,1.0,1.0,1.0,1.0,Full adaptation
q_0076,0.0,0.3333333333333333,1.0,0.19444444444444442,0.29992976299629065,Full adaptation
q_0077,0.0,0.0,1.0,0.1666666666666666,0.2399211845064163,Full adaptation
q_0078,0.3333333333333333,1.0,1.0,0.6666666666666666,0.5934777074554788,Full adaptation
q_0079,1.0,1.0,1.0,1.0,0.8554200671156208,Full adaptation
q_0080,1.0,1.0,1.0,1.0,0.6735439182299784,Full adaptation
q_0081,1.0,1.0,1.0,1.0,0.7871546029909718,Full adaptation
q_0082,1.0,1.0,1.0,1.0,0.7680451650862903,Full adaptation
q_0083,1.0,1.0,1.0,1.0,0.7871546029909718,Full adaptation
q_0084,1.0,1.0,1.0,1.0,0.9584925251677544,Full adaptation
q_0085,0.0,0.0,0.0,0.0,0.11245065757013879,Full adaptation
q_0086,1.0,1.0,1.0,1.0,0.7871546029909718,Full adaptation
q_0087,1.0,1.0,1.0,1.0,0.6735439182299784,Full adaptation
q_0088,0.0,1.0,1.0,0.5,0.42495889834839423,Full adaptation
q_0089,0.0,0.0,0.0,0.0,0.1243198184633803,Full adaptation
q_0090,1.0,1.0,1.0,1.0,0.6735439182299784,Full adaptation
q_0091,1.0,1.0,1.0,1.0,0.7871546029909718,Full adaptation
q_0092,0.0,1.0,1.0,0.5,0.42495889834839423,Full adaptation
q_0093,0.0,1.0,1.0,0.3333333333333333,0.3367719591149892,Full adaptation
q_0094,1.0,1.0,1.0,1.0,0.6735439182299784,Full adaptation
q_0095,0.6666666666666666,1.0,1.0,0.8333333333333334,0.6592311547950932,Full adaptation
q_0096,1.0,1.0,1.0,1.0,0.6735439182299784,Full adaptation
q_0097,1.0,1.0,1.0,1.0,0.6735439182299784,Full adaptation
q_0098,1.0,1.0,1.0,1.0,0.7871546029909718,Full adaptation
q_0099,0.0,1.0,1.0,0.4444444444444444,0.39556325193725916,Full adaptation
q_0100,1.0,1.0,1.0,1.0,0.75928844698843,Full adaptation
q_0101,0.0,1.0,1.0,0.5,0.4966392596877323,Full adaptation
q_0102,1.0,1.0,1.0,1.0,0.8430710262030896,Full adaptation
q_0103,1.0,1.0,1.0,1.0,0.9673387413348701,Full adaptation
q_0104,0.0,1.0,1.0,0.3333333333333333,0.3367719591149892,Full adaptation
q_0105,1.0,1.0,1.0,1.0,0.6735439182299784,Full adaptation
q_0106,0.0,1.0,1.0,0.3333333333333333,0.3367719591149892,Full adaptation
q_0107,1.0,1.0,1.0,1.0,0.8556691603792904,Full adaptation
q_0108,1.0,1.0,1.0,1.0,0.9073218002554916,Full adaptation
q_0109,0.0,1.0,1.0,0.38888888888888884,0.3661676055261242,Full adaptation
q_0110,1.0,1.0,1.0,1.0,0.6735439182299784,Full adaptation
q_0111,0.0,0.0,1.0,0.13690476190476186,0.2576964550570602,Full adaptation
q_0112,1.0,1.0,1.0,1.0,0.7871546029909718,Full adaptation
q_0113,1.0,1.0,1.0,1.0,0.6735439182299784,Full adaptation
q_0114,0.0,1.0,1.0,0.5,0.4966392596877323,Full adaptation
q_0115,1.0,1.0,1.0,1.0,0.8556691603792904,Full adaptation
q_0116,1.0,1.0,1.0,1.0,0.7793160217408145,Full adaptation
q_0117,0.0,0.0,1.0,0.15079365079365073,0.22965015444213396,Full adaptation
q_0118,1.0,1.0,1.0,1.0,0.7871546029909718,Full adaptation
q_0119,1.0,1.0,1.0,1.0,0.7793160217408145,Full adaptation
q_0120,0.0,1.0,1.0,0.4444444444444444,0.4622852736236502,Full adaptation
q_0121,1.0,1.0,1.0,1.0,0.6735439182299784,Full adaptation
q_0122,1.0,1.0,1.0,1.0,0.9324441894571632,Full adaptation
q_0123,1.0,1.0,1.0,1.0,0.8112044174649116,Full adaptation
q_0124,1.0,1.0,1.0,1.0,0.6735439182299784,Full adaptation
q_0125,1.0,1.0,1.0,1.0,0.7871546029909718,Full adaptation
q_0126,0.0,1.0,1.0,0.3333333333333333,0.5188972012643011,Full adaptation
q_0127,1.0,1.0,1.0,1.0,0.6735439182299784,Full adaptation
q_0128,1.0,1.0,1.0,1.0,0.6735439182299784,Full adaptation
q_0129,1.0,1.0,1.0,1.0,0.8178747578506881,Full adaptation
q_0130,1.0,1.0,1.0,1.0,0.6735439182299784,Full adaptation
q_0131,1.0,1.0,1.0,1.0,0.7871546029909718,Full adaptation
q_0132,1.0,1.0,1.0,1.0,0.6735439182299784,Full adaptation
q_0133,0.0,0.0,0.0,0.0,0.0,Full adaptation
q_0134,1.0,1.0,1.0,1.0,0.6735439182299784,Full adaptation
q_0135,1.0,1.0,1.0,1.0,0.7871546029909718,Full adaptation
q_0136,0.0,1.0,1.0,0.25,0.290079576414554,Full adaptation
q_0137,1.0,1.0,1.0,1.0,0.6735439182299784,Full adaptation
q_0138,1.0,1.0,1.0,1.0,0.7871546029909718,Full adaptation
q_0139,1.0,1.0,1.0,1.0,0.7871546029909718,Full adaptation
q_0140,1.0,1.0,1.0,1.0,0.6735439182299784,Full adaptation
q_0141,0.0,1.0,1.0,0.5,0.7136205775898136,Full adaptation
q_0142,1.0,1.0,1.0,1.0,0.6735439182299784,Full adaptation
q_0143,1.0,1.0,1.0,1.0,0.6735439182299784,Full adaptation
q_0144,1.0,1.0,1.0,1.0,0.8178747578506881,Full adaptation
q_0145,1.0,1.0,1.0,1.0,1.0,Full adaptation
q_0146,1.0,1.0,1.0,1.0,0.7871546029909718,Full adaptation
q_0147,0.0,1.0,1.0,0.5,0.42495889834839423,Full adaptation
q_0148,1.0,1.0,1.0,1.0,0.6735439182299784,Full adaptation
q_0149,1.0,1.0,1.0,1.0,0.914214040525235,Full adaptation
q_0150,1.0,1.0,1.0,1.0,0.6735439182299784,Full adaptation
q_0151,1.0,1.0,1.0,1.0,0.7216541981035484,Full adaptation
q_0152,1.0,1.0,1.0,1.0,0.6735439182299784,Full adaptation
q_0153,1.0,1.0,1.0,1.0,0.6735439182299784,Full adaptation
q_0154,1.0,1.0,1.0,1.0,0.7871546029909718,Full adaptation
q_0155,0.0,0.0,1.0,0.1428571428571428,0.2245146394099928,Full adaptation
q_0156,1.0,1.0,1.0,1.0,0.7646065393046344,Full adaptation
q_0157,1.0,1.0,1.0,1.0,0.6735439182299784,Full adaptation
q_0158,1.0,1.0,1.0,1.0,0.7871546029909718,Full adaptation
q_0159,1.0,1.0,1.0,1.0,0.6735439182299784,Full adaptation
q_0160,1.0,1.0,1.0,1.0,0.7871546029909718,Full adaptation
q_0161,1.0,1.0,1.0,1.0,0.6735439182299784,Full adaptation
q_0162,1.0,1.0,1.0,1.0,0.8556691603792904,Full adaptation
q_0163,0.0,1.0,1.0,0.25,0.3390090350877799,Full adaptation
q_0164,1.0,1.0,1.0,1.0,0.6735439182299784,Full adaptation
q_0165,1.0,1.0,1.0,1.0,0.8178747578506881,Full adaptation
q_0166,1.0,1.0,1.0,1.0,0.7763672830184426,Full adaptation
q_0167,1.0,1.0,1.0,1.0,0.6735439182299784,Full adaptation
q_0168,1.0,1.0,1.0,1.0,0.7871546029909718,Full adaptation
q_0169,1.0,1.0,1.0,1.0,0.8556691603792904,Full adaptation
q_0170,1.0,1.0,1.0,1.0,0.6735439182299784,Full adaptation
q_0171,1.0,1.0,1.0,1.0,0.7871546029909718,Full adaptation
q_0172,1.0,1.0,1.0,1.0,0.6735439182299784,Full adaptation
q_0173,0.0,0.0,0.0,0.0,0.0,Full adaptation
q_0174,0.0,0.0,0.0,0.0,0.0,Full adaptation
q_0175,1.0,1.0,1.0,1.0,0.7871546029909718,Full adaptation
q_0176,1.0,1.0,1.0,1.0,0.7646065393046344,Full adaptation
q_0177,1.0,1.0,1.0,1.0,0.7871546029909718,Full adaptation
q_0178,0.0,0.0,1.0,0.1666666666666666,0.280390126950546,Full adaptation
q_0179,1.0,1.0,1.0,1.0,1.0,Full adaptation
q_0180,1.0,1.0,1.0,1.0,0.8556691603792904,Full adaptation
q_0181,0.0,1.0,1.0,0.20000000000000004,0.2605623555630197,Full adaptation
q_0182,0.0,1.0,1.0,0.5,0.4966392596877323,Full adaptation
q_0183,1.0,1.0,1.0,1.0,1.0,Full adaptation
q_0184,1.0,1.0,1.0,1.0,0.7871546029909718,Full adaptation
q_0185,1.0,1.0,1.0,1.0,0.8178747578506881,Full adaptation
q_0186,1.0,1.0,1.0,1.0,0.6735439182299784,Full adaptation
q_0187,1.0,1.0,1.0,1.0,0.6735439182299784,Full adaptation
q_0188,1.0,1.0,1.0,1.0,0.6735439182299784,Full adaptation
q_0189,1.0,1.0,1.0,1.0,0.6735439182299784,Full adaptation
q_0190,1.0,1.0,1.0,1.0,0.7871546029909718,Full adaptation
q_0191,1.0,1.0,1.0,1.0,0.7871546029909718,Full adaptation
q_0192,1.0,1.0,1.0,1.0,0.7871546029909718,Full adaptation
q_0193,0.0,1.0,1.0,0.5,0.7136205775898136,Full adaptation
q_0194,1.0,1.0,1.0,1.0,0.7871546029909718,Full adaptation
q_0195,1.0,1.0,1.0,1.0,0.7871546029909718,Full adaptation
q_0196,0.0,0.0,1.0,0.10000000000000002,0.2275387085989112,Full adaptation
q_0197,0.0,0.0,0.0,0.0,0.0,Full adaptation
q_0198,1.0,1.0,1.0,1.0,0.7978637366933587,Full adaptation
q_0199,0.0,1.0,1.0,0.25,0.3390090350877799,Full adaptation
q_0200,0.0,1.0,1.0,0.5,0.4966392596877323,Full adaptation
q_0201,1.0,1.0,1.0,1.0,0.8556691603792904,Full adaptation
q_0202,0.0,0.0,1.0,0.125,0.21247944917419712,Full adaptation
q_0203,1.0,1.0,1.0,1.0,0.7871546029909718,Full adaptation
q_0204,0.0,1.0,1.0,0.3055555555555555,0.32120783154817745,Full adaptation
q_0205,1.0,1.0,1.0,1.0,0.6735439182299784,Full adaptation
q_0206,1.0,1.0,1.0,1.0,0.6735439182299784,Full adaptation
q_0207,0.0,1.0,1.0,0.25,0.3390090350877799,Full adaptation
q_0208,1.0,1.0,1.0,1.0,0.6735439182299784,Full adaptation
q_0209,0.0,0.0,0.0,0.0,0.0,Full adaptation
q_0210,0.0,1.0,1.0,0.25,0.3390090350877799,Full adaptation
q_0211,0.0,1.0,1.0,0.5,0.42495889834839423,Full adaptation
q_0212,1.0,1.0,1.0,1.0,0.6735439182299784,Full adaptation
q_0213,0.0,1.0,1.0,0.20000000000000004,0.2605623555630197,Full adaptation
q_0214,1.0,1.0,1.0,1.0,0.7871546029909718,Full adaptation
q_0215,0.0,1.0,1.0,0.3333333333333333,0.391552443287764,Full adaptation
q_0216,0.0,0.0,0.3333333333333333,0.041666666666666664,0.0708264830580657,Full adaptation
q_0217,0.0,1.0,1.0,0.38888888888888884,0.3661676055261242,Full adaptation
q_0218,0.3333333333333333,1.0,1.0,0.6666666666666666,0.5078205716422556,Full adaptation
q_0219,1.0,1.0,1.0,1.0,0.7871546029909718,Full adaptation
q_0220,0.0,1.0,1.0,0.5,0.5366284793039741,Full adaptation
q_0221,1.0,1.0,1.0,1.0,0.7978637366933587,Full adaptation
q_0222,0.0,0.0,0.0,0.0,0.0,Full adaptation
q_0223,1.0,1.0,1.0,1.0,0.7852134991855584,Full adaptation
q_0224,1.0,1.0,1.0,1.0,0.8889263577680148,Full adaptation
q_0225,1.0,1.0,1.0,1.0,0.7871546029909718,Full adaptation
q_0226,1.0,1.0,1.0,1.0,0.7871546029909718,Full adaptation
q_0227,1.0,1.0,1.0,1.0,0.914095317597828,Full adaptation
q_0228,1.0,1.0,1.0,1.0,0.8178747578506881,Full adaptation
q_0229,1.0,1.0,1.0,1.0,0.7978637366933587,Full adaptation
q_0230,1.0,1.0,1.0,1.0,0.6735439182299784,Full adaptation
q_0231,1.0,1.0,1.0,1.0,0.7871546029909718,Full adaptation
q_0232,0.0,1.0,1.0,0.5,0.42495889834839423,Full adaptation
q_0233,1.0,1.0,1.0,1.0,0.975772233006737,Full adaptation
q_0234,1.0,1.0,1.0,1.0,0.7871546029909718,Full adaptation
q_0235,1.0,1.0,1.0,1.0,0.7604397422803805,Full adaptation
q_0236,1.0,1.0,1.0,1.0,0.7871546029909718,Full adaptation
q_0237,0.0,1.0,1.0,0.5,0.4966392596877323,Full adaptation
q_0238,1.0,1.0,1.0,1.0,1.0,Full adaptation
q_0239,1.0,1.0,1.0,1.0,0.9414136891377417,Full adaptation
q_0240,1.0,1.0,1.0,1.0,0.6735439182299784,Full adaptation
q_0241,0.0,0.0,0.0,0.0,0.0,Full adaptation
q_0242,0.0,1.0,1.0,0.3333333333333333,0.3367719591149892,Full adaptation
q_0243,1.0,1.0,1.0,1.0,0.7871546029909718,Full adaptation
q_0244,1.0,1.0,1.0,1.0,0.7871546029909718,Full adaptation
q_0245,1.0,1.0,1.0,1.0,0.6735439182299784,Full adaptation
q_0246,0.0,0.0,1.0,0.1428571428571428,0.2623848676636572,Full adaptation
q_0247,0.0,1.0,1.0,0.25,0.3390090350877799,Full adaptation
q_0248,0.0,0.6666666666666666,1.0,0.3055555555555555,0.3486740934480068,Full adaptation
q_0249,0.0,1.0,1.0,0.3333333333333333,0.6254336383564085,Full adaptation
q_0250,1.0,1.0,1.0,1.0,0.6735439182299784,Full adaptation
q_0251,1.0,1.0,1.0,1.0,0.7871546029909718,Full adaptation
q_0252,1.0,1.0,1.0,1.0,0.7871546029909718,Full adaptation
q_0253,1.0,1.0,1.0,1.0,0.7871546029909718,Full adaptation
q_0254,1.0,1.0,1.0,1.0,0.7763672830184426,Full adaptation
q_0255,0.0,0.0,0.0,0.0,0.0,Full adaptation
q_0256,0.0,0.0,0.0,0.0,0.0,Full adaptation
q_0257,1.0,1.0,1.0,1.0,0.7871546029909718,Full adaptation
q_0258,1.0,1.0,1.0,1.0,0.8556691603792904,Full adaptation
q_0259,1.0,1.0,1.0,1.0,0.7871546029909718,Full adaptation
q_0260,1.0,1.0,1.0,1.0,0.6735439182299784,Full adaptation
q_0261,1.0,1.0,1.0,1.0,0.6735439182299784,Full adaptation
q_0262,1.0,1.0,1.0,1.0,0.7871546029909718,Full adaptation
q_0263,0.0,0.0,1.0,0.13095238095238093,0.21649117925279568,Full adaptation
q_0264,0.0,1.0,1.0,0.5,0.42495889834839423,Full adaptation
q_0265,1.0,1.0,1.0,1.0,0.7871546029909718,Full adaptation
q_0266,0.0,0.0,1.0,0.1074074074074074,0.488732246344473,Full adaptation
q_0267,0.0,0.0,0.0,0.0,0.0,Full adaptation
q_0268,1.0,1.0,1.0,1.0,0.6735439182299784,Full adaptation
q_0269,1.0,1.0,1.0,1.0,0.7871546029909718,Full adaptation
q_0270,1.0,1.0,1.0,1.0,0.7871546029909718,Full adaptation
q_0271,1.0,1.0,1.0,1.0,0.6735439182299784,Full adaptation
q_0272,1.0,1.0,1.0,1.0,1.0,Full adaptation
q_0273,1.0,1.0,1.0,1.0,0.9176601606601068,Full adaptation
q_0274,1.0,1.0,1.0,1.0,0.7697644779771182,Full adaptation
q_0275,1.0,1.0,1.0,1.0,0.7871546029909718,Full adaptation
q_0276,1.0,1.0,1.0,1.0,0.7871546029909718,Full adaptation
q_0277,0.0,0.0,0.0,0.0,0.0,Full adaptation
q_0278,0.0,0.0,1.0,0.1428571428571428,0.2245146394099928,Full adaptation
q_0279,1.0,1.0,1.0,1.0,0.6735439182299784,Full adaptation
q_0280,1.0,1.0,1.0,1.0,0.7871546029909718,Full adaptation
q_0281,0.0,0.0,1.0,0.11203703703703705,0.2033114092330289,Full adaptation
q_0282,1.0,1.0,1.0,1.0,0.7871546029909718,Full adaptation
q_0283,1.0,1.0,1.0,1.0,0.6735439182299784,Full adaptation
q_0284,1.0,1.0,1.0,1.0,0.7871546029909718,Full adaptation
q_0285,1.0,1.0,1.0,1.0,0.9643900026124981,Full adaptation
q_0286,1.0,1.0,1.0,1.0,0.7871546029909718,Full adaptation
q_0287,1.0,1.0,1.0,1.0,0.6735439182299784,Full adaptation
q_0288,0.0,1.0,1.0,0.5,0.42495889834839423,Full adaptation
q_0289,0.3333333333333333,1.0,1.0,0.6666666666666666,0.5934777074554788,Full adaptation
q_0290,1.0,1.0,1.0,1.0,0.6735439182299784,Full adaptation
q_0291,1.0,1.0,1.0,1.0,0.7604397422803805,Full adaptation
q_0292,1.0,1.0,1.0,1.0,0.8556691603792904,Full adaptation
q_0293,0.0,1.0,1.0,0.5,0.42495889834839423,Full adaptation
q_0294,1.0,1.0,1.0,1.0,0.7871546029909718,Full adaptation
q_0295,1.0,1.0,1.0,1.0,0.7871546029909718,Full adaptation
q_0296,0.0,1.0,1.0,0.20000000000000004,0.4338584698671967,Full adaptation
q_0297,0.0,1.0,1.0,0.25,0.6077065303394407,Full adaptation
q_0298,1.0,1.0,1.0,1.0,0.8556691603792904,Full adaptation
q_0299,0.0,1.0,1.0,0.5,0.4966392596877323,Full adaptation
q_0300,1.0,1.0,1.0,1.0,0.7871546029909718,Full adaptation
q_0301,1.0,1.0,1.0,1.0,0.7013578976214955,Full adaptation
q_0302,0.0,1.0,1.0,0.2888888888888889,0.3113687579309994,Full adaptation
q_0303,0.0,1.0,1.0,0.4444444444444444,0.39556325193725916,Full adaptation
q_0304,0.0,0.0,0.0,0.0,0.0,Full adaptation
q_0305,1.0,1.0,1.0,1.0,0.6735439182299784,Full adaptation
q_0306,1.0,1.0,1.0,1.0,0.6735439182299784,Full adaptation
q_0307,1.0,1.0,1.0,1.0,0.6735439182299784,Full adaptation
q_0308,1.0,1.0,1.0,1.0,0.6735439182299784,Full adaptation
q_0309,0.0,0.0,1.0,0.13425925925925922,0.21838585215496156,Full adaptation
q_0310,1.0,1.0,1.0,1.0,0.9278636071974576,Full adaptation
q_0311,0.0,0.0,0.0,0.0,0.0,Full adaptation
q_0312,1.0,1.0,1.0,1.0,0.7871546029909718,Full adaptation
q_0313,0.0,0.0,1.0,0.1428571428571428,0.2245146394099928,Full adaptation
q_0314,1.0,1.0,1.0,1.0,0.6735439182299784,Full adaptation
q_0315,1.0,1.0,1.0,1.0,0.6735439182299784,Full adaptation
q_0316,1.0,1.0,1.0,1.0,0.7871546029909718,Full adaptation
q_0317,1.0,1.0,1.0,1.0,0.7871546029909718,Full adaptation
q_0318,1.0,1.0,1.0,1.0,0.6735439182299784,Full adaptation
q_0319,1.0,1.0,1.0,1.0,0.7871546029909718,Full adaptation
q_0320,0.0,1.0,1.0,0.3333333333333333,0.3367719591149892,Full adaptation
q_0321,0.0,0.0,0.0,0.0,0.0,Full adaptation
q_0322,1.0,1.0,1.0,1.0,0.6735439182299784,Full adaptation
q_0323,1.0,1.0,1.0,1.0,0.762066311671266,Full adaptation
q_0324,1.0,1.0,1.0,1.0,0.6735439182299784,Full adaptation
q_0325,1.0,1.0,1.0,1.0,0.7871546029909718,Full adaptation
q_0326,0.0,1.0,1.0,0.5,0.42495889834839423,Full adaptation
q_0327,0.0,1.0,1.0,0.5,0.7136205775898136,Full adaptation
q_0328,0.0,0.0,0.3333333333333333,0.03333333333333333,0.06489928524687276,Full adaptation
q_0329,1.0,1.0,1.0,1.0,0.7871546029909718,Full adaptation
q_0330,0.0,0.0,1.0,0.10000000000000002,0.1946978557406183,Full adaptation
q_0331,1.0,1.0,1.0,1.0,0.7871546029909718,Full adaptation
q_0332,1.0,1.0,1.0,1.0,0.6735439182299784,Full adaptation
q_0333,0.0,0.0,1.0,0.1666666666666666,0.2399211845064163,Full adaptation
q_0334,0.0,1.0,1.0,0.3333333333333333,0.8075588805057204,Full adaptation
q_0335,0.0,1.0,1.0,0.5,0.42495889834839423,Full adaptation
q_0336,1.0,1.0,1.0,1.0,0.9095333176489385,Full adaptation
q_0337,1.0,1.0,1.0,1.0,0.8556691603792904,Full adaptation
q_0338,1.0,1.0,1.0,1.0,0.8556691603792904,Full adaptation
q_0339,0.0,0.0,0.0,0.0,0.0,Full adaptation
q_0340,0.0,1.0,1.0,0.5,0.4966392596877323,Full adaptation
q_0341,1.0,1.0,1.0,1.0,0.6735439182299784,Full adaptation
q_0342,0.0,0.0,0.0,0.0,0.0,Full adaptation
q_0343,1.0,1.0,1.0,1.0,0.6735439182299784,Full adaptation
q_0344,0.0,0.0,1.0,0.11574074074074074,0.20599776491424657,Full adaptation
q_0345,1.0,1.0,1.0,1.0,0.6735439182299784,Full adaptation
q_0346,1.0,1.0,1.0,1.0,1.0,Full adaptation
q_0347,1.0,1.0,1.0,1.0,1.0,Full adaptation
q_0348,1.0,1.0,1.0,1.0,0.7871546029909718,Full adaptation
q_0349,1.0,1.0,1.0,1.0,0.9852768631153933,Full adaptation
q_0350,1.0,1.0,1.0,1.0,0.6735439182299784,Full adaptation
q_0351,0.0,1.0,1.0,0.5,0.4966392596877323,Full adaptation
q_0352,0.0,1.0,1.0,0.2888888888888889,0.3113687579309994,Full adaptation
q_0353,0.0,0.0,0.0,0.0,0.1821252421493118,Full adaptation
q_0354,0.0,0.0,0.0,0.0,0.0,Full adaptation
q_0355,0.0,1.0,1.0,0.3333333333333333,0.3367719591149892,Full adaptation
q_0356,0.0,1.0,1.0,0.5,0.42495889834839423,Full adaptation
q_0357,1.0,1.0,1.0,1.0,0.7871546029909718,Full adaptation
q_0358,1.0,1.0,1.0,1.0,0.6735439182299784,Full adaptation
q_0359,1.0,1.0,1.0,1.0,0.7871546029909718,Full adaptation
q_0360,1.0,1.0,1.0,1.0,0.6735439182299784,Full adaptation
q_0361,1.0,1.0,1.0,1.0,0.6735439182299784,Full adaptation
q_0362,0.0,0.0,0.0,0.0,0.0,Full adaptation
q_0363,1.0,1.0,1.0,1.0,0.6735439182299784,Full adaptation
q_0364,0.6666666666666666,1.0,1.0,0.8333333333333334,0.6903161552232252,Full adaptation
q_0365,1.0,1.0,1.0,1.0,0.6735439182299784,Full adaptation
q_0366,1.0,1.0,1.0,1.0,0.7871546029909718,Full adaptation
q_0367,1.0,1.0,1.0,1.0,0.8556691603792904,Full adaptation
q_0368,1.0,1.0,1.0,1.0,0.7871546029909718,Full adaptation
q_0369,1.0,1.0,1.0,1.0,0.7871546029909718,Full adaptation
q_0370,1.0,1.0,1.0,1.0,0.95583058934618,Full adaptation
q_0371,1.0,1.0,1.0,1.0,0.7871546029909718,Full adaptation
q_0372,1.0,1.0,1.0,1.0,0.7871546029909718,Full adaptation
q_0373,1.0,1.0,1.0,1.0,0.7871546029909718,Full adaptation
q_0374,1.0,1.0,1.0,1.0,0.6735439182299784,Full adaptation
q_0375,0.0,0.0,1.0,0.1666666666666666,0.2399211845064163,Full adaptation
q_0376,0.0,1.0,1.0,0.5,0.42495889834839423,Full adaptation
q_0377,1.0,1.0,1.0,1.0,0.9627582596011144,Full adaptation
q_0378,0.0,0.0,1.0,0.1111111111111111,0.2027569227842713,Full adaptation
q_0379,1.0,1.0,1.0,1.0,0.7871546029909718,Full adaptation
q_0380,0.0,1.0,1.0,0.5,0.42495889834839423,Full adaptation
q_0381,0.0,0.0,0.0,0.0,0.0,Full adaptation
q_0382,1.0,1.0,1.0,1.0,0.7871546029909718,Full adaptation
q_0383,1.0,1.0,1.0,1.0,0.95583058934618,Full adaptation
q_0384,1.0,1.0,1.0,1.0,0.6735439182299784,Full adaptation
q_0385,0.0,0.0,0.0,0.0,0.0,Full adaptation
q_0386,0.0,1.0,1.0,0.3611111111111111,0.4340454161338632,Full adaptation
q_0387,0.0,0.0,1.0,0.10000000000000002,0.1946978557406183,Full adaptation
q_0388,0.0,1.0,1.0,0.20000000000000004,0.7313492769537508,Full adaptation
q_0389,1.0,1.0,1.0,1.0,0.7871546029909718,Full adaptation
q_0390,1.0,1.0,1.0,1.0,0.8556691603792904,Full adaptation
q_0391,0.0,1.0,1.0,0.5,0.4966392596877323,Full adaptation
q_0392,0.0,1.0,1.0,0.3333333333333333,0.3935773014954859,Full adaptation
q_0393,0.0,1.0,1.0,0.38888888888888884,0.42793128755956805,Full adaptation
q_0394,1.0,1.0,1.0,1.0,0.6735439182299784,Full adaptation
q_0395,1.0,1.0,1.0,1.0,0.7871546029909718,Full adaptation
q_0396,1.0,1.0,1.0,1.0,0.6735439182299784,Full adaptation
q_0397,1.0,1.0,1.0,1.0,0.7871546029909718,Full adaptation
q_0398,0.0,0.0,0.0,0.0,0.0,Full adaptation
q_0399,1.0,1.0,1.0,1.0,0.7871546029909718,Full adaptation
q_0400,1.0,1.0,1.0,1.0,0.6735439182299784,Full adaptation
q_0401,0.0,0.0,0.0,0.0,0.09654267536021256,Full adaptation
q_0402,1.0,1.0,1.0,1.0,0.6735439182299784,Full adaptation
q_0403,1.0,1.0,1.0,1.0,0.7871546029909718,Full adaptation
q_0404,0.0,1.0,1.0,0.5,0.42495889834839423,Full adaptation
q_0405,1.0,1.0,1.0,1.0,0.6735439182299784,Full adaptation
q_0406,0.0,1.0,1.0,0.3333333333333333,0.3367719591149892,Full adaptation
q_0407,0.0,1.0,1.0,0.3333333333333333,0.3935773014954859,Full adaptation
q_0408,1.0,1.0,1.0,1.0,0.7871546029909718,Full adaptation
q_0409,1.0,1.0,1.0,1.0,1.0,Full adaptation
q_0410,1.0,1.0,1.0,1.0,0.7871546029909718,Full adaptation
q_0411,1.0,1.0,1.0,1.0,0.7871546029909718,Full adaptation
q_0412,0.0,1.0,1.0,0.5,0.5492787168117745,Full adaptation
q_0413,0.0,1.0,1.0,0.5,0.42495889834839423,Full adaptation
q_0414,0.0,1.0,1.0,0.5,0.4966392596877323,Full adaptation
q_0415,1.0,1.0,1.0,1.0,0.7871546029909718,Full adaptation
q_0416,0.0,0.0,0.0,0.0,0.0,Full adaptation
q_0417,1.0,1.0,1.0,1.0,0.7871546029909718,Full adaptation
q_0418,1.0,1.0,1.0,1.0,0.8556691603792904,Full adaptation
q_0419,1.0,1.0,1.0,1.0,1.0,Full adaptation
q_0420,1.0,1.0,1.0,1.0,0.7871546029909718,Full adaptation
q_0421,0.0,0.0,0.0,0.0,0.06242772694059853,Full adaptation
q_0422,1.0,1.0,1.0,1.0,0.9673387413348701,Full adaptation
q_0423,1.0,1.0,1.0,1.0,0.7894302450214918,Full adaptation
q_0424,1.0,1.0,1.0,1.0,0.7871546029909718,Full adaptation
q_0425,0.0,1.0,1.0,0.4444444444444444,0.4622852736236502,Full adaptation
q_0426,1.0,1.0,1.0,1.0,0.6735439182299784,Full adaptation
q_0427,1.0,1.0,1.0,1.0,0.6735439182299784,Full adaptation
q_0428,1.0,1.0,1.0,1.0,0.7793160217408145,Full adaptation
q_0429,0.0,0.0,0.0,0.0,0.0,Full adaptation
q_0430,0.0,0.0,0.0,0.0,0.0,Full adaptation
q_0431,1.0,1.0,1.0,1.0,0.9225881702591257,Full adaptation
q_0432,1.0,1.0,1.0,1.0,0.7871546029909718,Full adaptation
q_0433,0.0,1.0,1.0,0.3333333333333333,0.3935773014954859,Full adaptation
q_0434,0.0,0.3333333333333333,1.0,0.17857142857142852,0.2879262568050314,Full adaptation
q_0435,0.0,1.0,1.0,0.5,0.4966392596877323,Full adaptation
q_0436,0.0,0.6666666666666666,1.0,0.20555555555555552,0.26352103882799666,Full adaptation
q_0437,0.0,0.0,0.0,0.0,0.0,Full adaptation
q_0438,0.0,1.0,1.0,0.3333333333333333,0.3935773014954859,Full adaptation
q_0439,1.0,1.0,1.0,1.0,1.0,Full adaptation
q_0440,0.0,1.0,1.0,0.3333333333333333,0.3350393503925007,Full adaptation
q_0441,1.0,1.0,1.0,1.0,1.0,Full adaptation
q_0442,1.0,1.0,1.0,1.0,0.7871546029909718,Full adaptation
q_0443,1.0,1.0,1.0,1.0,0.6735439182299784,Full adaptation
q_0444,0.0,0.0,0.0,0.0,0.0,Full adaptation
q_0445,0.0,0.0,0.0,0.0,0.0,Full adaptation
q_0446,0.0,0.0,0.0,0.0,0.0,Full adaptation
q_0447,1.0,1.0,1.0,1.0,0.6735439182299784,Full adaptation
q_0448,1.0,1.0,1.0,1.0,0.6735439182299784,Full adaptation
q_0449,1.0,1.0,1.0,1.0,0.7871546029909718,Full adaptation
q_0450,0.0,1.0,1.0,0.5,0.4966392596877323,Full adaptation
q_0451,1.0,1.0,1.0,1.0,0.6735439182299784,Full adaptation
q_0452,1.0,1.0,1.0,1.0,1.0,Full adaptation
q_0453,0.0,1.0,1.0,0.3333333333333333,0.6254336383564085,Full adaptation
q_0454,1.0,1.0,1.0,1.0,1.0,Full adaptation
q_0455,0.0,1.0,1.0,0.5,0.4966392596877323,Full adaptation
q_0456,0.0,1.0,1.0,0.25,0.3390090350877799,Full adaptation
q_0457,1.0,1.0,1.0,1.0,0.7852134991855584,Full adaptation
q_0458,0.0,1.0,1.0,0.5,0.6174559518700963,Full adaptation
q_0459,1.0,1.0,1.0,1.0,0.7978637366933587,Full adaptation
q_0460,1.0,1.0,1.0,1.0,0.7871546029909718,Full adaptation
q_0461,1.0,1.0,1.0,1.0,0.7025091929134458,Full adaptation
q_0462,1.0,1.0,1.0,1.0,1.0,Full adaptation
q_0463,1.0,1.0,1.0,1.0,0.7871546029909718,Full adaptation
q_0464,1.0,1.0,1.0,1.0,0.7871546029909718,Full adaptation
q_0465,1.0,1.0,1.0,1.0,1.0,Full adaptation
q_0466,1.0,1.0,1.0,1.0,0.7871546029909718,Full adaptation
q_0467,1.0,1.0,1.0,1.0,0.7871546029909718,Full adaptation
q_0468,1.0,1.0,1.0,1.0,0.7871546029909718,Full adaptation
q_0469,1.0,1.0,1.0,1.0,0.6735439182299784,Full adaptation
q_0470,1.0,1.0,1.0,1.0,0.7871546029909718,Full adaptation
q_0471,1.0,1.0,1.0,1.0,0.7871546029909718,Full adaptation
q_0472,1.0,1.0,1.0,1.0,0.6735439182299784,Full adaptation
q_0473,0.3333333333333333,0.6666666666666666,1.0,0.5555555555555555,0.44614133369492964,Full adaptation
q_0474,1.0,1.0,1.0,1.0,0.7871546029909718,Full adaptation
q_0475,0.0,1.0,1.0,0.3333333333333333,0.3367719591149892,Full adaptation
q_0476,1.0,1.0,1.0,1.0,0.7871546029909718,Full adaptation
q_0477,1.0,1.0,1.0,1.0,1.0,Full adaptation
q_0478,1.0,1.0,1.0,1.0,0.7871546029909718,Full adaptation
q_0479,1.0,1.0,1.0,1.0,0.8556691603792904,Full adaptation
q_0480,1.0,1.0,1.0,1.0,0.7871546029909718,Full adaptation
q_0481,1.0,1.0,1.0,1.0,0.7871546029909718,Full adaptation
q_0482,1.0,1.0,1.0,1.0,0.7871546029909718,Full adaptation
q_0483,0.0,1.0,1.0,0.25,0.4722048185638658,Full adaptation
q_0484,1.0,1.0,1.0,1.0,0.7871546029909718,Full adaptation
q_0485,1.0,1.0,1.0,1.0,0.7871546029909718,Full adaptation
q_0486,1.0,1.0,1.0,1.0,0.6735439182299784,Full adaptation
q_0487,1.0,1.0,1.0,1.0,1.0,Full adaptation
q_0488,1.0,1.0,1.0,1.0,0.7871546029909718,Full adaptation
q_0489,1.0,1.0,1.0,1.0,0.7871546029909718,Full adaptation
q_0490,0.0,0.3333333333333333,1.0,0.19444444444444442,0.25664064847579554,Full adaptation
q_0491,1.0,1.0,1.0,1.0,0.6735439182299784,Full adaptation
q_0492,1.0,1.0,1.0,1.0,0.6735439182299784,Full adaptation
q_0493,1.0,1.0,1.0,1.0,0.6735439182299784,Full adaptation
q_0494,0.0,0.0,0.0,0.0,0.0,Full adaptation
q_0495,1.0,1.0,1.0,1.0,0.95188972012643,Full adaptation
q_0496,1.0,1.0,1.0,1.0,0.6735439182299784,Full adaptation
q_0497,1.0,1.0,1.0,1.0,0.7978637366933587,Full adaptation
q_0498,0.0,1.0,1.0,0.25,0.290079576414554,Full adaptation
q_0499,1.0,1.0,1.0,1.0,0.6735439182299784,Full adaptation
q_0500,1.0,1.0,1.0,1.0,0.6735439182299784,Full adaptation
q_0501,1.0,1.0,1.0,1.0,0.6735439182299784,Full adaptation
q_0502,1.0,1.0,1.0,1.0,0.6735439182299784,Full adaptation
q_0503,0.0,1.0,1.0,0.5,0.42495889834839423,Full adaptation
q_0504,1.0,1.0,1.0,1.0,0.8556691603792904,Full adaptation
q_0505,1.0,1.0,1.0,1.0,0.7978637366933587,Full adaptation
q_0506,1.0,1.0,1.0,1.0,1.0,Full adaptation
q_0507,1.0,1.0,1.0,1.0,0.7871546029909718,Full adaptation
q_0508,1.0,1.0,1.0,1.0,0.6735439182299784,Full adaptation
q_0509,1.0,1.0,1.0,1.0,0.7697644779771182,Full adaptation
q_0510,1.0,1.0,1.0,1.0,0.6735439182299784,Full adaptation
q_0511,1.0,1.0,1.0,1.0,0.7688571677586471,Full adaptation
q_0512,1.0,1.0,1.0,1.0,0.7852134991855584,Full adaptation
q_0513,1.0,1.0,1.0,1.0,0.8178747578506881,Full adaptation
q_0514,1.0,1.0,1.0,1.0,0.6735439182299784,Full adaptation
q_0515,1.0,1.0,1.0,1.0,0.7871546029909718,Full adaptation
q_0516,1.0,1.0,1.0,1.0,0.9402396560868356,Full adaptation
q_0517,0.6666666666666666,1.0,1.0,0.8333333333333334,0.590682244936117,Full adaptation
q_0518,1.0,1.0,1.0,1.0,0.6735439182299784,Full adaptation
q_0519,1.0,1.0,1.0,1.0,0.6735439182299784,Full adaptation
q_0520,1.0,1.0,1.0,1.0,0.6735439182299784,Full adaptation
q_0521,1.0,1.0,1.0,1.0,0.6735439182299784,Full adaptation
q_0522,1.0,1.0,1.0,1.0,0.7646065393046344,Full adaptation
q_0523,1.0,1.0,1.0,1.0,0.7604397422803805,Full adaptation
q_0524,0.6666666666666666,1.0,1.0,0.7333333333333334,0.5358833973409922,Full adaptation
q_0525,1.0,1.0,1.0,1.0,0.6735439182299784,Full adaptation
q_0526,1.0,1.0,1.0,1.0,0.6735439182299784,Full adaptation
q_0527,1.0,1.0,1.0,1.0,0.6735439182299784,Full adaptation
q_0528,0.0,1.0,1.0,0.3333333333333333,0.3657372337984565,Full adaptation
q_0529,1.0,1.0,1.0,1.0,0.6735439182299784,Full adaptation
q_0530,1.0,1.0,1.0,1.0,0.7013578976214955,Full adaptation
q_0531,1.0,1.0,1.0,1.0,0.7978637366933587,Full adaptation
q_0532,1.0,1.0,1.0,1.0,0.6735439182299784,Full adaptation
q_0533,1.0,1.0,1.0,1.0,0.6735439182299784,Full adaptation
q_0534,0.0,0.0,1.0,0.1448412698412698,0.3196408720903796,Full adaptation
q_0535,1.0,1.0,1.0,1.0,0.8556691603792904,Full adaptation
q_0536,0.3333333333333333,1.0,1.0,0.6666666666666666,0.5078205716422556,Full adaptation
q_0537,1.0,1.0,1.0,1.0,0.6735439182299784,Full adaptation
q_0538,1.0,1.0,1.0,1.0,0.6735439182299784,Full adaptation
q_0539,0.0,1.0,1.0,0.25,0.290079576414554,Full adaptation
q_0540,0.0,0.0,1.0,0.1666666666666666,0.2399211845064163,Full adaptation
q_0541,0.0,0.0,0.0,0.0,0.0,Full adaptation
q_0542,0.0,0.0,1.0,0.1666666666666666,0.2399211845064163,Full adaptation
q_0543,1.0,1.0,1.0,1.0,0.7741663480046679,Full adaptation
q_0544,0.0,0.0,0.3333333333333333,0.047619047619047596,0.07483821313666426,Full adaptation
q_0545,1.0,1.0,1.0,1.0,0.6735439182299784,Full adaptation
q_0546,1.0,1.0,1.0,1.0,0.95583058934618,Full adaptation
q_0547,1.0,1.0,1.0,1.0,0.8238025516411124,Full adaptation
q_0548,1.0,1.0,1.0,1.0,0.6735439182299784,Full adaptation
q_0549,1.0,1.0,1.0,1.0,0.6735439182299784,Full adaptation
q_0550,1.0,1.0,1.0,1.0,0.7871546029909718,Full adaptation
q_0551,1.0,1.0,1.0,1.0,0.9206981226391524,Full adaptation
q_0552,1.0,1.0,1.0,1.0,0.6735439182299784,Full adaptation
q_0553,1.0,1.0,1.0,1.0,0.6735439182299784,Full adaptation
q_0554,0.0,0.0,0.0,0.0,0.2886616792414193,Full adaptation
q_0555,0.0,0.0,0.0,0.0,0.0,Full adaptation
q_0556,0.0,0.0,0.0,0.0,0.0,Full adaptation
q_0557,0.0,1.0,1.0,0.27777777777777773,0.5570739246345879,Full adaptation
q_0558,1.0,1.0,1.0,1.0,0.6735439182299784,Full adaptation
q_0559,1.0,1.0,1.0,1.0,0.6735439182299784,Full adaptation
q_0560,1.0,1.0,1.0,1.0,0.7763672830184426,Full adaptation
q_0561,0.0,1.0,1.0,0.5,0.8579514172105233,Full adaptation
q_0562,0.0,0.0,0.0,0.0,0.0,Full adaptation
q_0563,0.0,0.0,0.0,0.0,0.0,Full adaptation
q_0564,1.0,1.0,1.0,1.0,0.7871546029909718,Full adaptation
q_0565,0.0,0.0,0.0,0.0,0.33735197271041645,Full adaptation
q_0566,1.0,1.0,1.0,1.0,0.7871546029909718,Full adaptation
q_0567,1.0,1.0,1.0,1.0,0.7632176069632165,Full adaptation
q_0568,1.0,1.0,1.0,1.0,0.6735439182299784,Full adaptation
q_0569,1.0,1.0,1.0,1.0,0.6735439182299784,Full adaptation
q_0570,1.0,1.0,1.0,1.0,0.6735439182299784,Full adaptation
q_0571,1.0,1.0,1.0,1.0,0.9852768631153933,Full adaptation
q_0572,1.0,1.0,1.0,1.0,0.9547927104902691,Full adaptation
q_0573,1.0,1.0,1.0,1.0,0.7398918930751798,Full adaptation
q_0574,1.0,1.0,1.0,1.0,0.7871546029909718,Full adaptation
q_0575,1.0,1.0,1.0,1.0,0.9673387413348701,Full adaptation
q_0576,1.0,1.0,1.0,1.0,0.9176601606601068,Full adaptation
q_0577,1.0,1.0,1.0,1.0,0.6735439182299784,Full adaptation
q_0578,1.0,1.0,1.0,1.0,0.6735439182299784,Full adaptation
q_0579,1.0,1.0,1.0,1.0,0.7871546029909718,Full adaptation
q_0580,1.0,1.0,1.0,1.0,0.7978637366933587,Full adaptation
q_0581,1.0,1.0,1.0,1.0,0.6735439182299784,Full adaptation
q_0582,1.0,1.0,1.0,1.0,0.6735439182299784,Full adaptation
q_0583,1.0,1.0,1.0,1.0,0.7871546029909718,Full adaptation
q_0584,1.0,1.0,1.0,1.0,0.6735439182299784,Full adaptation
q_0585,0.0,1.0,1.0,0.20000000000000004,0.2605623555630197,Full adaptation
q_0586,0.0,1.0,1.0,0.5,0.42495889834839423,Full adaptation
q_0587,1.0,1.0,1.0,1.0,0.6735439182299784,Full adaptation
q_0588,0.0,0.0,1.0,0.13690476190476186,0.22050290933139424,Full adaptation
q_0589,1.0,1.0,1.0,1.0,0.6735439182299784,Full adaptation
q_0590,0.0,0.6666666666666666,1.0,0.18888888888888888,0.296472020913281,Full adaptation
q_0591,1.0,1.0,1.0,1.0,0.6735439182299784,Full adaptation
q_0592,1.0,1.0,1.0,1.0,0.9824425733925134,Full adaptation
q_0593,1.0,1.0,1.0,1.0,0.8556691603792904,Full adaptation
q_0594,1.0,1.0,1.0,1.0,0.7871546029909718,Full adaptation
q_0595,0.0,1.0,1.0,0.5,0.42495889834839423,Full adaptation
q_0596,1.0,1.0,1.0,1.0,0.7871546029909718,Full adaptation
q_0597,1.0,1.0,1.0,1.0,0.8178747578506881,Full adaptation
q_0598,1.0,1.0,1.0,1.0,0.9176601606601068,Full adaptation
q_0599,1.0,1.0,1.0,1.0,0.6735439182299784,Full adaptation
q_0600,0.0,0.0,0.0,0.0,0.33735197271041645,Full adaptation
q_0601,0.6666666666666666,1.0,1.0,0.8333333333333334,0.9446637441327163,Full adaptation
q_0602,1.0,1.0,1.0,1.0,0.8556691603792904,Full adaptation
q_0603,1.0,1.0,1.0,1.0,0.7871546029909718,Full adaptation
q_0604,0.0,0.0,1.0,0.11428571428571427,0.23915409495382653,Full adaptation
q_0605,1.0,1.0,1.0,1.0,0.6735439182299784,Full adaptation
q_0606,1.0,1.0,1.0,1.0,0.732863399938331,Full adaptation
q_0607,1.0,1.0,1.0,1.0,0.7871546029909718,Full adaptation
q_0608,1.0,1.0,1.0,1.0,0.7697644779771182,Full adaptation
q_0609,0.0,1.0,1.0,0.25,0.290079576414554,Full adaptation
q_0610,1.0,1.0,1.0,1.0,0.8178747578506881,Full adaptation
q_0611,1.0,1.0,1.0,1.0,0.7978637366933587,Full adaptation
q_0612,0.0,1.0,1.0,0.4166666666666667,0.37999912437044747,Full adaptation
q_0613,0.0,1.0,1.0,0.5,0.6653152460429406,Full adaptation
q_0614,1.0,1.0,1.0,1.0,0.6735439182299784,Full adaptation
q_0615,1.0,1.0,1.0,1.0,0.75928844698843,Full adaptation
q_0616,1.0,1.0,1.0,1.0,0.6735439182299784,Full adaptation
q_0617,1.0,1.0,1.0,1.0,0.8556691603792904,Full adaptation
q_0618,1.0,1.0,1.0,1.0,0.7871546029909718,Full adaptation
q_0619,1.0,1.0,1.0,1.0,0.8556691603792904,Full adaptation
q_0620,1.0,1.0,1.0,1.0,0.8178747578506881,Full adaptation
q_0621,0.0,1.0,1.0,0.38888888888888884,0.3661676055261242,Full adaptation
q_0622,1.0,1.0,1.0,1.0,0.6735439182299784,Full adaptation
q_0623,1.0,1.0,1.0,1.0,0.7871546029909718,Full adaptation
q_0624,0.0,1.0,1.0,0.2611111111111111,0.500843884034668,Full adaptation
q_0625,1.0,1.0,1.0,1.0,0.7871546029909718,Full adaptation
q_0626,1.0,1.0,1.0,1.0,0.7569858564045292,Full adaptation
q_0627,1.0,1.0,1.0,1.0,0.8556691603792904,Full adaptation
q_0628,1.0,1.0,1.0,1.0,0.8556691603792904,Full adaptation
q_0629,1.0,1.0,1.0,1.0,0.7013578976214955,Full adaptation
q_0630,1.0,1.0,1.0,1.0,0.8598092211929934,Full adaptation
q_0631,1.0,1.0,1.0,1.0,0.6735439182299784,Full adaptation
q_0632,1.0,1.0,1.0,1.0,0.7871546029909718,Full adaptation
q_0633,1.0,1.0,1.0,1.0,0.7697644779771182,Full adaptation
q_0634,1.0,1.0,1.0,1.0,1.0,Full adaptation
q_0635,1.0,1.0,1.0,1.0,0.6735439182299784,Full adaptation
q_0636,1.0,1.0,1.0,1.0,0.6735439182299784,Full adaptation
q_0637,1.0,1.0,1.0,1.0,0.6735439182299784,Full adaptation
q_0638,1.0,1.0,1.0,1.0,0.8556691603792904,Full adaptation
q_0639,1.0,1.0,1.0,1.0,0.7871546029909718,Full adaptation
q_0640,0.0,0.0,1.0,0.1428571428571428,0.2245146394099928,Full adaptation
q_0641,0.0,0.0,1.0,0.1666666666666666,0.2399211845064163,Full adaptation
q_0642,0.0,1.0,1.0,0.5,0.42495889834839423,Full adaptation
q_0643,1.0,1.0,1.0,1.0,0.7871546029909718,Full adaptation
q_0644,1.0,1.0,1.0,1.0,0.6735439182299784,Full adaptation
q_0645,1.0,1.0,1.0,1.0,0.6735439182299784,Full adaptation
q_0646,0.0,1.0,1.0,0.5,0.42495889834839423,Full adaptation
q_0647,1.0,1.0,1.0,1.0,0.6735439182299784,Full adaptation
q_0648,1.0,1.0,1.0,1.0,0.7871546029909718,Full adaptation
q_0649,0.0,1.0,1.0,0.5,0.42495889834839423,Full adaptation
q_0650,0.0,1.0,1.0,0.3333333333333333,0.3367719591149892,Full adaptation
q_0651,1.0,1.0,1.0,1.0,0.7025091929134458,Full adaptation
q_0652,1.0,1.0,1.0,1.0,0.6735439182299784,Full adaptation
q_0653,1.0,1.0,1.0,1.0,0.7871546029909718,Full adaptation
q_0654,0.0,0.6666666666666666,1.0,0.21428571428571427,0.2682245974130336,Full adaptation
q_0655,0.0,1.0,1.0,0.3333333333333333,0.46109177757836955,Full adaptation
q_0656,1.0,1.0,1.0,1.0,0.95583058934618,Full adaptation
q_0657,1.0,1.0,1.0,1.0,0.6735439182299784,Full adaptation
q_0658,1.0,1.0,1.0,1.0,0.7871546029909718,Full adaptation
q_0659,1.0,1.0,1.0,1.0,0.6735439182299784,Full adaptation
q_0660,0.0,0.0,0.6666666666666666,0.09259259259259256,0.14755936909689585,Full adaptation
q_0661,0.0,0.0,0.0,0.0,0.0,Full adaptation
q_0662,0.0,1.0,1.0,0.5,0.4966392596877323,Full adaptation
q_0663,0.0,1.0,1.0,0.5,0.42495889834839423,Full adaptation
q_0664,1.0,1.0,1.0,1.0,0.6735439182299784,Full adaptation
q_0665,1.0,1.0,1.0,1.0,0.6735439182299784,Full adaptation
q_0666,0.0,1.0,1.0,0.38888888888888884,0.3661676055261242,Full adaptation
q_0667,1.0,1.0,1.0,1.0,0.7871546029909718,Full adaptation
q_0668,1.0,1.0,1.0,1.0,0.6735439182299784,Full adaptation
q_0669,1.0,1.0,1.0,1.0,0.6735439182299784,Full adaptation
q_0670,1.0,1.0,1.0,1.0,0.942564984429692,Full adaptation
q_0671,1.0,1.0,1.0,1.0,0.929544338806268,Full adaptation
q_0672,1.0,1.0,1.0,1.0,1.0,Full adaptation
q_0673,1.0,1.0,1.0,1.0,0.6735439182299784,Full adaptation
q_0674,1.0,1.0,1.0,1.0,0.8178747578506881,Full adaptation
q_0675,1.0,1.0,1.0,1.0,0.7871546029909718,Full adaptation
q_0676,0.0,1.0,1.0,0.5,0.42495889834839423,Full adaptation
q_0677,0.0,1.0,1.0,0.20000000000000004,0.3045129678946485,Full adaptation
q_0678,0.0,1.0,1.0,0.20000000000000004,0.3045129678946485,Full adaptation
q_0679,1.0,1.0,1.0,1.0,0.6735439182299784,Full adaptation
q_0680,1.0,1.0,1.0,1.0,0.7871546029909718,Full adaptation
q_0681,1.0,1.0,1.0,1.0,1.0,Full adaptation
q_0682,1.0,1.0,1.0,1.0,0.7871546029909718,Full adaptation
q_0683,1.0,1.0,1.0,1.0,0.6735439182299784,Full adaptation
q_0684,1.0,1.0,1.0,1.0,0.6735439182299784,Full adaptation
q_0685,1.0,1.0,1.0,1.0,0.6735439182299784,Full adaptation
q_0686,1.0,1.0,1.0,1.0,0.7871546029909718,Full adaptation
q_0687,0.0,1.0,1.0,0.5,0.42495889834839423,Full adaptation
q_0688,1.0,1.0,1.0,1.0,0.6735439182299784,Full adaptation
q_0689,1.0,1.0,1.0,1.0,0.6735439182299784,Full adaptation
q_0690,1.0,1.0,1.0,1.0,0.7871546029909718,Full adaptation
q_0691,0.0,0.0,1.0,0.13095238095238093,0.32816076020837553,Full adaptation
q_0692,0.0,1.0,1.0,0.5,0.5998155344440718,Full adaptation
q_0693,1.0,1.0,1.0,1.0,0.7871546029909718,Full adaptation
q_0694,1.0,1.0,1.0,1.0,0.6735439182299784,Full adaptation
q_0695,1.0,1.0,1.0,1.0,0.7871546029909718,Full adaptation
q_0696,1.0,1.0,1.0,1.0,0.7871546029909718,Full adaptation
q_0697,1.0,1.0,1.0,1.0,0.6735439182299784,Full adaptation
q_0698,0.0,1.0,1.0,0.5,0.4966392596877323,Full adaptation
q_0699,0.0,0.0,0.6666666666666666,0.075,0.15861944614759244,Full adaptation
q_0700,1.0,1.0,1.0,1.0,0.6735439182299784,Full adaptation
q_0701,1.0,1.0,1.0,1.0,0.7871546029909718,Full adaptation
q_0702,1.0,1.0,1.0,1.0,0.6735439182299784,Full adaptation
q_0703,0.0,1.0,1.0,0.4444444444444444,0.4622852736236502,Full adaptation
q_0704,1.0,1.0,1.0,1.0,0.7871546029909718,Full adaptation
q_0705,0.0,1.0,1.0,0.5,0.42495889834839423,Full adaptation
q_0706,1.0,1.0,1.0,1.0,0.7871546029909718,Full adaptation
q_0707,0.0,1.0,1.0,0.20000000000000004,0.2605623555630197,Full adaptation
q_0708,0.0,0.0,1.0,0.11203703703703705,0.2033114092330289,Full adaptation
q_0709,1.0,1.0,1.0,1.0,0.7871546029909718,Full adaptation
q_0710,0.0,1.0,1.0,0.3333333333333333,0.3367719591149892,Full adaptation
q_0711,0.0,0.0,1.0,0.13095238095238093,0.21649117925279568,Full adaptation
q_0712,1.0,1.0,1.0,1.0,0.6735439182299784,Full adaptation
q_0713,1.0,1.0,1.0,1.0,0.7871546029909718,Full adaptation
q_0714,1.0,1.0,1.0,1.0,0.7871546029909718,Full adaptation
q_0715,1.0,1.0,1.0,1.0,0.8178747578506881,Full adaptation
q_0716,1.0,1.0,1.0,1.0,0.6735439182299784,Full adaptation
q_0717,1.0,1.0,1.0,1.0,0.8526383985527914,Full adaptation
q_0718,1.0,1.0,1.0,1.0,0.6735439182299784,Full adaptation
q_0719,1.0,1.0,1.0,1.0,0.6735439182299784,Full adaptation
q_0720,1.0,1.0,1.0,1.0,0.6735439182299784,Full adaptation
q_0721,1.0,1.0,1.0,1.0,0.6735439182299784,Full adaptation
q_0722,1.0,1.0,1.0,1.0,0.7871546029909718,Full adaptation
q_0723,0.0,1.0,1.0,0.3333333333333333,0.3367719591149892,Full adaptation
q_0724,0.0,1.0,1.0,0.3333333333333333,0.3935773014954859,Full adaptation
q_0725,1.0,1.0,1.0,1.0,0.7871546029909718,Full adaptation
q_0726,1.0,1.0,1.0,1.0,0.9176601606601068,Full adaptation
q_0727,0.3333333333333333,1.0,1.0,0.6666666666666666,0.6521514112629653,Full adaptation
q_0728,0.0,1.0,1.0,0.5,0.4966392596877323,Full adaptation
q_0729,0.0,1.0,1.0,0.5,0.4966392596877323,Full adaptation
q_0730,1.0,1.0,1.0,1.0,0.6735439182299784,Full adaptation
q_0731,1.0,1.0,1.0,1.0,0.7871546029909718,Full adaptation
q_0732,1.0,1.0,1.0,1.0,0.6735439182299784,Full adaptation
q_0733,1.0,1.0,1.0,1.0,0.6735439182299784,Full adaptation
q_0734,0.0,1.0,1.0,0.5,0.42495889834839423,Full adaptation
q_0735,1.0,1.0,1.0,1.0,0.6735439182299784,Full adaptation
q_0736,1.0,1.0,1.0,1.0,0.6735439182299784,Full adaptation
q_0737,1.0,1.0,1.0,1.0,0.6735439182299784,Full adaptation
q_0738,1.0,1.0,1.0,1.0,0.6735439182299784,Full adaptation
q_0739,1.0,1.0,1.0,1.0,0.6735439182299784,Full adaptation
q_0740,1.0,1.0,1.0,1.0,0.6735439182299784,Full adaptation
q_0741,1.0,1.0,1.0,1.0,0.7871546029909718,Full adaptation
q_0742,1.0,1.0,1.0,1.0,0.7871546029909718,Full adaptation
q_0743,1.0,1.0,1.0,1.0,0.7871546029909718,Full adaptation
q_0744,1.0,1.0,1.0,1.0,0.7871546029909718,Full adaptation
q_0745,1.0,1.0,1.0,1.0,0.7871546029909718,Full adaptation
q_0746,1.0,1.0,1.0,1.0,0.7871546029909718,Full adaptation
q_0747,1.0,1.0,1.0,1.0,0.7871546029909718,Full adaptation
q_0748,1.0,1.0,1.0,1.0,0.7871546029909718,Full adaptation
q_0749,1.0,1.0,1.0,1.0,0.6735439182299784,Full adaptation
q_0750,1.0,1.0,1.0,1.0,0.6735439182299784,Full adaptation
q_0751,0.0,1.0,1.0,0.5,0.8339912323981488,Full adaptation
q_0752,1.0,1.0,1.0,1.0,0.7871546029909718,Full adaptation
q_0753,1.0,1.0,1.0,1.0,0.7871546029909718,Full adaptation
q_0754,1.0,1.0,1.0,1.0,0.6735439182299784,Full adaptation
q_0755,0.0,0.0,0.0,0.0,0.0,Full adaptation
q_0756,1.0,1.0,1.0,1.0,0.95583058934618,Full adaptation
q_0757,1.0,1.0,1.0,1.0,0.6735439182299784,Full adaptation
q_0758,1.0,1.0,1.0,1.0,0.7871546029909718,Full adaptation
q_0759,1.0,1.0,1.0,1.0,0.7871546029909718,Full adaptation
q_0760,1.0,1.0,1.0,1.0,0.7871546029909718,Full adaptation
q_0761,1.0,1.0,1.0,1.0,0.7871546029909718,Full adaptation
q_0762,1.0,1.0,1.0,1.0,0.7871546029909718,Full adaptation
q_0763,0.0,0.0,0.0,0.0,0.13543356726815386,Full adaptation
q_0764,0.0,0.0,0.0,0.0,0.0,Full adaptation
q_0765,1.0,1.0,1.0,1.0,0.6735439182299784,Full adaptation
q_0766,1.0,1.0,1.0,1.0,0.7871546029909718,Full adaptation
q_0767,0.0,0.0,0.0,0.0,0.0,Full adaptation
q_0768,1.0,1.0,1.0,1.0,0.7871546029909718,Full adaptation
q_0769,1.0,1.0,1.0,1.0,0.7871546029909718,Full adaptation
q_0770,1.0,1.0,1.0,1.0,0.7871546029909718,Full adaptation
q_0771,0.0,1.0,1.0,0.5,0.4966392596877323,Full adaptation
q_0772,1.0,1.0,1.0,1.0,0.7871546029909718,Full adaptation
q_0773,1.0,1.0,1.0,1.0,0.8129154654194025,Full adaptation
q_0774,1.0,1.0,1.0,1.0,0.7871546029909718,Full adaptation
q_0775,1.0,1.0,1.0,1.0,0.7871546029909718,Full adaptation
q_0776,1.0,1.0,1.0,1.0,0.7871546029909718,Full adaptation
q_0777,1.0,1.0,1.0,1.0,0.7871546029909718,Full adaptation
q_0778,1.0,1.0,1.0,1.0,0.6735439182299784,Full adaptation
q_0779,1.0,1.0,1.0,1.0,0.6735439182299784,Full adaptation
q_0780,0.0,1.0,1.0,0.3333333333333333,0.3935773014954859,Full adaptation
q_0781,1.0,1.0,1.0,1.0,0.7871546029909718,Full adaptation
q_0782,1.0,1.0,1.0,1.0,0.7871546029909718,Full adaptation
q_0783,1.0,1.0,1.0,1.0,0.6735439182299784,Full adaptation
q_0784,0.0,0.0,1.0,0.1666666666666666,0.280390126950546,Full adaptation
q_0785,1.0,1.0,1.0,1.0,0.7871546029909718,Full adaptation
q_0786,1.0,1.0,1.0,1.0,0.6735439182299784,Full adaptation
q_0787,0.0,0.0,0.0,0.0,0.0,Full adaptation
q_0788,1.0,1.0,1.0,1.0,0.6735439182299784,Full adaptation
q_0789,1.0,1.0,1.0,1.0,0.6735439182299784,Full adaptation
q_0790,1.0,1.0,1.0,1.0,1.0,Full adaptation
q_0791,0.0,1.0,1.0,0.2333333333333333,0.3275103460234028,Full adaptation
q_0792,1.0,1.0,1.0,1.0,0.8887076658732239,Full adaptation
q_0793,1.0,1.0,1.0,1.0,0.7871546029909718,Full adaptation
q_0794,1.0,1.0,1.0,1.0,0.7871546029909718,Full adaptation
q_0795,0.0,1.0,1.0,0.5,0.4966392596877323,Full adaptation
q_0796,1.0,1.0,1.0,1.0,0.9176601606601068,Full adaptation
q_0797,1.0,1.0,1.0,1.0,0.8556691603792904,Full adaptation
q_0798,1.0,1.0,1.0,1.0,0.7871546029909718,Full adaptation
q_0799,0.0,0.0,0.0,0.0,0.0,Full adaptation
q_0800,0.0,1.0,1.0,0.20000000000000004,0.2605623555630197,Full adaptation
q_0801,1.0,1.0,1.0,1.0,0.7303231723049627,Full adaptation
q_0802,0.0,1.0,1.0,0.5,0.42495889834839423,Full adaptation
q_0803,0.0,0.0,0.0,0.0,0.0,Full adaptation
q_0804,0.0,1.0,1.0,0.4444444444444444,0.39556325193725916,Full adaptation
q_0805,1.0,1.0,1.0,1.0,0.6735439182299784,Full adaptation
q_0806,1.0,1.0,1.0,1.0,0.7871546029909718,Full adaptation
q_0807,1.0,1.0,1.0,1.0,0.8178747578506881,Full adaptation
q_0808,1.0,1.0,1.0,1.0,0.9799889788426704,Full adaptation
q_0809,1.0,1.0,1.0,1.0,0.7871546029909718,Full adaptation
q_0810,1.0,1.0,1.0,1.0,0.9324441894571632,Full adaptation
q_0811,1.0,1.0,1.0,1.0,0.7978637366933587,Full adaptation
q_0812,1.0,1.0,1.0,1.0,1.0,Full adaptation
q_0813,1.0,1.0,1.0,1.0,0.7871546029909718,Full adaptation
q_0814,1.0,1.0,1.0,1.0,0.6735439182299784,Full adaptation
q_0815,1.0,1.0,1.0,1.0,0.8556691603792904,Full adaptation
q_0816,1.0,1.0,1.0,1.0,0.6735439182299784,Full adaptation
q_0817,1.0,1.0,1.0,1.0,0.7871546029909718,Full adaptation
q_0818,1.0,1.0,1.0,1.0,0.6735439182299784,Full adaptation
q_0819,1.0,1.0,1.0,1.0,0.6735439182299784,Full adaptation
q_0820,1.0,1.0,1.0,1.0,0.6735439182299784,Full adaptation
q_0821,0.0,1.0,1.0,0.4444444444444444,0.39556325193725916,Full adaptation
q_0822,1.0,1.0,1.0,1.0,0.7871546029909718,Full adaptation
q_0823,0.0,1.0,1.0,0.5,0.4966392596877323,Full adaptation
q_0824,1.0,1.0,1.0,1.0,0.6735439182299784,Full adaptation
q_0825,1.0,1.0,1.0,1.0,0.7871546029909718,Full adaptation
q_0826,1.0,1.0,1.0,1.0,0.7871546029909718,Full adaptation
q_0827,1.0,1.0,1.0,1.0,0.6735439182299784,Full adaptation
q_0828,1.0,1.0,1.0,1.0,0.6735439182299784,Full adaptation
q_0829,1.0,1.0,1.0,1.0,0.7871546029909718,Full adaptation
q_0830,1.0,1.0,1.0,1.0,0.6735439182299784,Full adaptation
q_0831,1.0,1.0,1.0,1.0,0.6735439182299784,Full adaptation
q_0832,1.0,1.0,1.0,1.0,0.6735439182299784,Full adaptation
q_0833,1.0,1.0,1.0,1.0,0.7871546029909718,Full adaptation
q_0834,1.0,1.0,1.0,1.0,0.7025091929134458,Full adaptation
q_0835,1.0,1.0,1.0,1.0,0.7697644779771182,Full adaptation
q_0836,1.0,1.0,1.0,1.0,0.7871546029909718,Full adaptation
q_0837,1.0,1.0,1.0,1.0,0.8556691603792904,Full adaptation
q_0838,0.3333333333333333,0.6666666666666666,0.6666666666666666,0.5,0.36616760552612426,Full adaptation
q_0839,1.0,1.0,1.0,1.0,0.6735439182299784,Full adaptation
q_0840,1.0,1.0,1.0,1.0,0.6735439182299784,Full adaptation
q_0841,1.0,1.0,1.0,1.0,0.7871546029909718,Full adaptation
q_0842,0.0,1.0,1.0,0.3333333333333333,0.46109177757836955,Full adaptation
q_0843,1.0,1.0,1.0,1.0,0.7871546029909718,Full adaptation
q_0844,0.0,1.0,1.0,0.25,0.290079576414554,Full adaptation
q_0845,1.0,1.0,1.0,1.0,0.9240700597232726,Full adaptation
q_0846,1.0,1.0,1.0,1.0,0.7978637366933587,Full adaptation
q_0847,1.0,1.0,1.0,1.0,0.6735439182299784,Full adaptation
q_0848,1.0,1.0,1.0,1.0,0.6735439182299784,Full adaptation
q_0849,1.0,1.0,1.0,1.0,1.0,Full adaptation
q_0850,1.0,1.0,1.0,1.0,0.7871546029909718,Full adaptation
q_0851,1.0,1.0,1.0,1.0,0.6735439182299784,Full adaptation
q_0852,1.0,1.0,1.0,1.0,1.0,Full adaptation
q_0853,1.0,1.0,1.0,1.0,0.6735439182299784,Full adaptation
q_0854,1.0,1.0,1.0,1.0,0.947062162003356,Full adaptation
q_0855,1.0,1.0,1.0,1.0,0.95583058934618,Full adaptation
q_0856,1.0,1.0,1.0,1.0,0.6735439182299784,Full adaptation
q_0857,1.0,1.0,1.0,1.0,1.0,Full adaptation
q_0858,0.0,0.0,0.0,0.0,0.0,Full adaptation
q_0859,0.0,0.0,1.0,0.11574074074074074,0.494659444155666,Full adaptation
q_0860,0.3333333333333333,1.0,1.0,0.6666666666666666,0.5078205716422556,Full adaptation
q_0861,1.0,1.0,1.0,1.0,0.7871546029909718,Full adaptation
q_0862,1.0,1.0,1.0,1.0,0.7871546029909718,Full adaptation
q_0863,1.0,1.0,1.0,1.0,0.947062162003356,Full adaptation
q_0864,1.0,1.0,1.0,1.0,0.7871546029909718,Full adaptation
q_0865,1.0,1.0,1.0,1.0,0.6735439182299784,Full adaptation
q_0866,1.0,1.0,1.0,1.0,0.7871546029909718,Full adaptation
q_0867,0.0,1.0,1.0,0.3333333333333333,0.3367719591149892,Full adaptation
q_0868,0.0,1.0,1.0,0.5,0.5194601452047061,Full adaptation
q_0869,1.0,1.0,1.0,1.0,0.6735439182299784,Full adaptation
q_0870,1.0,1.0,1.0,1.0,0.7894302450214918,Full adaptation
q_0871,1.0,1.0,1.0,1.0,0.6735439182299784,Full adaptation
q_0872,0.6666666666666666,1.0,1.0,0.8333333333333334,0.7350130845568267,Full adaptation
q_0873,1.0,1.0,1.0,1.0,0.7871546029909718,Full adaptation
q_0874,1.0,1.0,1.0,1.0,0.6735439182299784,Full adaptation
q_0875,1.0,1.0,1.0,1.0,0.770246100100065,Full adaptation
q_0876,0.0,1.0,1.0,0.5,0.4966392596877323,Full adaptation
q_0877,1.0,1.0,1.0,1.0,0.8178747578506881,Full adaptation
q_0878,0.0,1.0,1.0,0.5,0.42495889834839423,Full adaptation
q_0879,0.0,0.0,0.0,0.0,0.0,Full adaptation
q_0880,1.0,1.0,1.0,1.0,0.6735439182299784,Full adaptation
q_0881,0.0,1.0,1.0,0.20000000000000004,0.2605623555630197,Full adaptation
q_0882,1.0,1.0,1.0,1.0,1.0,Full adaptation
q_0883,1.0,1.0,1.0,1.0,0.8178747578506881,Full adaptation
q_0884,1.0,1.0,1.0,1.0,0.7871546029909718,Full adaptation
q_0885,0.0,0.0,1.0,0.11574074074074074,0.24074464109812535,Full adaptation
q_0886,1.0,1.0,1.0,1.0,0.8556691603792904,Full adaptation
q_0887,1.0,1.0,1.0,1.0,0.6735439182299784,Full adaptation
q_0888,1.0,1.0,1.0,1.0,0.6735439182299784,Full adaptation
q_0889,1.0,1.0,1.0,1.0,0.7978637366933587,Full adaptation
q_0890,1.0,1.0,1.0,1.0,0.9324441894571632,Full adaptation
q_0891,1.0,1.0,1.0,1.0,0.6735439182299784,Full adaptation
q_0892,1.0,1.0,1.0,1.0,0.7871546029909718,Full adaptation
q_0893,1.0,1.0,1.0,1.0,0.7604397422803805,Full adaptation
q_0894,1.0,1.0,1.0,1.0,0.8430710262030896,Full adaptation
q_0895,1.0,1.0,1.0,1.0,0.7871546029909718,Full adaptation
q_0896,1.0,1.0,1.0,1.0,0.6735439182299784,Full adaptation
q_0897,1.0,1.0,1.0,1.0,0.7978637366933587,Full adaptation
q_0898,1.0,1.0,1.0,1.0,0.6735439182299784,Full adaptation
q_0899,0.0,1.0,1.0,0.5,0.42495889834839423,Full adaptation
q_0900,1.0,1.0,1.0,1.0,0.8178747578506881,Full adaptation
q_0901,1.0,1.0,1.0,1.0,0.7606773793298481,Full adaptation
q_0902,1.0,1.0,1.0,1.0,0.7871546029909718,Full adaptation
q_0903,1.0,1.0,1.0,1.0,0.6735439182299784,Full adaptation
q_0904,1.0,1.0,1.0,1.0,0.7871546029909718,Full adaptation
q_0905,0.0,1.0,1.0,0.5,0.42495889834839423,Full adaptation
q_0906,1.0,1.0,1.0,1.0,0.6735439182299784,Full adaptation
q_0907,1.0,1.0,1.0,1.0,0.7871546029909718,Full adaptation
q_0908,1.0,1.0,1.0,1.0,0.7871546029909718,Full adaptation
q_0909,1.0,1.0,1.0,1.0,0.6735439182299784,Full adaptation
q_0910,0.6666666666666666,1.0,1.0,0.8333333333333334,0.8083196327827981,Full adaptation
q_0911,1.0,1.0,1.0,1.0,0.6735439182299784,Full adaptation
q_0912,1.0,1.0,1.0,1.0,0.6735439182299784,Full adaptation
q_0913,1.0,1.0,1.0,1.0,0.7763672830184426,Full adaptation
q_0914,1.0,1.0,1.0,1.0,1.0,Full adaptation
q_0915,0.0,1.0,1.0,0.25,0.3390090350877799,Full adaptation
q_0916,0.0,1.0,1.0,0.5,0.42495889834839423,Full adaptation
q_0917,0.0,1.0,1.0,0.5,0.42495889834839423,Full adaptation
q_0918,1.0,1.0,1.0,1.0,0.7685267872092371,Full adaptation
q_0919,1.0,1.0,1.0,1.0,0.7871546029909718,Full adaptation
q_0920,1.0,1.0,1.0,1.0,0.6735439182299784,Full adaptation
q_0921,1.0,1.0,1.0,1.0,0.6735439182299784,Full adaptation
q_0922,1.0,1.0,1.0,1.0,0.6735439182299784,Full adaptation
q_0923,0.0,1.0,1.0,0.3333333333333333,0.3367719591149892,Full adaptation
q_0924,1.0,1.0,1.0,1.0,0.7871546029909718,Full adaptation
q_0925,1.0,1.0,1.0,1.0,0.8178747578506881,Full adaptation
q_0926,1.0,1.0,1.0,1.0,0.7871546029909718,Full adaptation
q_0927,0.0,0.0,1.0,0.1428571428571428,0.3155772604846487,Full adaptation
q_0928,1.0,1.0,1.0,1.0,0.9176601606601068,Full adaptation
q_0929,1.0,1.0,1.0,1.0,0.6735439182299784,Full adaptation
q_0930,1.0,1.0,1.0,1.0,0.7871546029909718,Full adaptation
q_0931,1.0,1.0,1.0,1.0,0.8556691603792904,Full adaptation
q_0932,0.0,1.0,1.0,0.5,0.42495889834839423,Full adaptation
q_0933,1.0,1.0,1.0,1.0,0.6735439182299784,Full adaptation
q_0934,0.6666666666666666,1.0,1.0,0.7777777777777777,0.6254336383564085,Full adaptation
q_0935,0.0,1.0,1.0,0.5,0.4966392596877323,Full adaptation
q_0936,1.0,1.0,1.0,1.0,0.7871546029909718,Full adaptation
q_0937,0.0,0.0,0.0,0.0,0.0,Full adaptation
q_0938,1.0,1.0,1.0,1.0,1.0,Full adaptation
q_0939,1.0,1.0,1.0,1.0,0.6735439182299784,Full adaptation
q_0940,1.0,1.0,1.0,1.0,0.6735439182299784,Full adaptation
q_0941,0.0,1.0,1.0,0.5,0.4966392596877323,Full adaptation
q_0942,0.0,1.0,1.0,0.5,0.4966392596877323,Full adaptation
q_0943,1.0,1.0,1.0,1.0,1.0,Full adaptation
q_0944,1.0,1.0,1.0,1.0,0.8430710262030896,Full adaptation
q_0945,1.0,1.0,1.0,1.0,0.6735439182299784,Full adaptation
q_0946,1.0,1.0,1.0,1.0,0.6735439182299784,Full adaptation
q_0947,1.0,1.0,1.0,1.0,0.6735439182299784,Full adaptation
q_0948,1.0,1.0,1.0,1.0,0.6735439182299784,Full adaptation
q_0949,1.0,1.0,1.0,1.0,0.7871546029909718,Full adaptation
q_0950,1.0,1.0,1.0,1.0,0.7871546029909718,Full adaptation
q_0951,1.0,1.0,1.0,1.0,0.7871546029909718,Full adaptation
q_0952,0.0,0.0,0.0,0.0,0.1028233647884641,Full adaptation
q_0953,1.0,1.0,1.0,1.0,0.7871546029909718,Full adaptation
q_0954,1.0,1.0,1.0,1.0,0.7871546029909718,Full adaptation
q_0955,1.0,1.0,1.0,1.0,0.7871546029909718,Full adaptation
q_0956,1.0,1.0,1.0,1.0,0.7646065393046344,Full adaptation
q_0957,1.0,1.0,1.0,1.0,0.7871546029909718,Full adaptation
q_0958,1.0,1.0,1.0,1.0,0.8196601327908163,Full adaptation
q_0959,1.0,1.0,1.0,1.0,0.8556691603792904,Full adaptation
q_0960,1.0,1.0,1.0,1.0,0.7871546029909718,Full adaptation
q_0961,0.0,0.3333333333333333,0.6666666666666666,0.13888888888888887,0.17666692030699008,Full adaptation
q_0962,1.0,1.0,1.0,1.0,0.6735439182299784,Full adaptation
q_0963,1.0,1.0,1.0,1.0,0.6735439182299784,Full adaptation
q_0964,1.0,1.0,1.0,1.0,0.6735439182299784,Full adaptation
q_0965,0.0,0.0,0.0,0.0,0.0,Full adaptation
q_0966,1.0,1.0,1.0,1.0,0.7646065393046344,Full adaptation
q_0967,1.0,1.0,1.0,1.0,0.7871546029909718,Full adaptation
q_0968,0.0,1.0,1.0,0.5,0.42495889834839423,Full adaptation
q_0969,1.0,1.0,1.0,1.0,0.6735439182299784,Full adaptation
q_0970,1.0,1.0,1.0,1.0,0.6735439182299784,Full adaptation
q_0971,1.0,1.0,1.0,1.0,0.6735439182299784,Full adaptation
q_0972,0.0,1.0,1.0,0.27777777777777773,0.30564370398136576,Full adaptation
q_0973,1.0,1.0,1.0,1.0,0.6735439182299784,Full adaptation
q_0974,1.0,1.0,1.0,1.0,0.7871546029909718,Full adaptation
q_0975,0.0,1.0,1.0,0.5,0.42495889834839423,Full adaptation
q_0976,1.0,1.0,1.0,1.0,0.6735439182299784,Full adaptation
q_0977,0.0,1.0,1.0,0.3333333333333333,0.4278345801896451,Full adaptation
q_0978,0.0,1.0,1.0,0.5,0.42495889834839423,Full adaptation
q_0979,1.0,1.0,1.0,1.0,0.7871546029909718,Full adaptation
q_0980,1.0,1.0,1.0,1.0,0.6735439182299784,Full adaptation
q_0981,1.0,1.0,1.0,1.0,0.9081957404922364,Full adaptation
q_0982,1.0,1.0,1.0,1.0,0.9162962526116027,Full adaptation
q_0983,1.0,1.0,1.0,1.0,0.914095317597828,Full adaptation
q_0984,1.0,1.0,1.0,1.0,0.8556691603792904,Full adaptation
q_0985,0.0,1.0,1.0,0.38888888888888884,0.3661676055261242,Full adaptation
q_0986,1.0,1.0,1.0,1.0,0.6735439182299784,Full adaptation
q_0987,1.0,1.0,1.0,1.0,0.8376639942669364,Full adaptation
q_0988,0.0,1.0,1.0,0.5,0.6211265173238686,Full adaptation
q_0989,1.0,1.0,1.0,1.0,0.6735439182299784,Full adaptation
q_0990,1.0,1.0,1.0,1.0,0.7871546029909718,Full adaptation
q_0991,0.0,1.0,1.0,0.5,0.4966392596877323,Full adaptation
q_0992,1.0,1.0,1.0,1.0,1.0,Full adaptation
q_0993,1.0,1.0,1.0,1.0,0.95188972012643,Full adaptation
q_0994,1.0,1.0,1.0,1.0,0.6735439182299784,Full adaptation
q_0995,1.0,1.0,1.0,1.0,0.7871546029909718,Full adaptation
q_0996,1.0,1.0,1.0,1.0,0.7871546029909718,Full adaptation
q_0997,1.0,1.0,1.0,1.0,0.6735439182299784,Full adaptation
q_0998,1.0,1.0,1.0,1.0,0.7871546029909718,Full adaptation
q_0999,1.0,1.0,1.0,1.0,0.7871546029909718,Full adaptation
q_1000,1.0,1.0,1.0,1.0,0.6735439182299784,Full adaptation
q_1001,1.0,1.0,1.0,1.0,0.6735439182299784,Full adaptation
q_1002,1.0,1.0,1.0,1.0,0.95583058934618,Full adaptation
q_1003,1.0,1.0,1.0,1.0,0.7871546029909718,Full adaptation
q_1004,1.0,1.0,1.0,1.0,0.6735439182299784,Full adaptation
q_1005,1.0,1.0,1.0,1.0,0.7871546029909718,Full adaptation
q_1006,1.0,1.0,1.0,1.0,0.8556691603792904,Full adaptation
q_1007,1.0,1.0,1.0,1.0,0.7871546029909718,Full adaptation
q_1008,1.0,1.0,1.0,1.0,0.6735439182299784,Full adaptation
q_1009,0.0,1.0,1.0,0.5,0.42495889834839423,Full adaptation
q_1010,1.0,1.0,1.0,1.0,0.7871546029909718,Full adaptation
q_1011,1.0,1.0,1.0,1.0,0.8178747578506881,Full adaptation
q_1012,1.0,1.0,1.0,1.0,0.6735439182299784,Full adaptation
q_1013,1.0,1.0,1.0,1.0,0.6735439182299784,Full adaptation
q_1014,1.0,1.0,1.0,1.0,0.7871546029909718,Full adaptation
q_1015,0.0,1.0,1.0,0.4444444444444444,0.39556325193725916,Full adaptation
q_1016,1.0,1.0,1.0,1.0,0.6735439182299784,Full adaptation
q_1017,1.0,1.0,1.0,1.0,0.6735439182299784,Full adaptation
q_1018,1.0,1.0,1.0,1.0,0.6735439182299784,Full adaptation
q_1019,0.0,1.0,1.0,0.3444444444444444,0.3982431763592889,Full adaptation
q_1020,1.0,1.0,1.0,1.0,0.9543841298672239,Full adaptation
q_1021,1.0,1.0,1.0,1.0,0.6735439182299784,Full adaptation
q_1022,0.0,1.0,1.0,0.3333333333333333,0.3367719591149892,Full adaptation
q_1023,1.0,1.0,1.0,1.0,1.0,Full adaptation
q_1024,1.0,1.0,1.0,1.0,1.0,Full adaptation
q_1025,0.0,1.0,1.0,0.5,0.521179458095534,Full adaptation
q_1026,1.0,1.0,1.0,1.0,0.7871546029909718,Full adaptation
q_1027,1.0,1.0,1.0,1.0,0.7871546029909718,Full adaptation
q_1028,1.0,1.0,1.0,1.0,0.7871546029909718,Full adaptation
q_1029,1.0,1.0,1.0,1.0,0.6735439182299784,Full adaptation
q_1030,0.0,1.0,1.0,0.3333333333333333,0.3935773014954859,Full adaptation
q_1031,1.0,1.0,1.0,1.0,0.6735439182299784,Full adaptation
q_1032,1.0,1.0,1.0,1.0,0.6735439182299784,Full adaptation
q_1033,1.0,1.0,1.0,1.0,0.7871546029909718,Full adaptation
q_1034,1.0,1.0,1.0,1.0,0.7398918930751798,Full adaptation
q_1035,1.0,1.0,1.0,1.0,0.7871546029909718,Full adaptation
q_1036,1.0,1.0,1.0,1.0,0.8112044174649116,Full adaptation
q_1037,1.0,1.0,1.0,1.0,0.7978637366933587,Full adaptation
q_1038,0.0,1.0,1.0,0.3055555555555555,0.3753878793595839,Full adaptation
q_1039,1.0,1.0,1.0,1.0,0.6735439182299784,Full adaptation
q_1040,1.0,1.0,1.0,1.0,0.6735439182299784,Full adaptation
q_1041,1.0,1.0,1.0,1.0,0.7013578976214955,Full adaptation
q_1042,1.0,1.0,1.0,1.0,0.6735439182299784,Full adaptation
q_1043,1.0,1.0,1.0,1.0,0.7871546029909718,Full adaptation
q_1044,1.0,1.0,1.0,1.0,0.7871546029909718,Full adaptation
q_1045,1.0,1.0,1.0,1.0,0.9584925251677544,Full adaptation
q_1046,1.0,1.0,1.0,1.0,0.9673387413348701,Full adaptation
q_1047,1.0,1.0,1.0,1.0,0.7871546029909718,Full adaptation
q_1048,1.0,1.0,1.0,1.0,0.7871546029909718,Full adaptation
q_1049,1.0,1.0,1.0,1.0,0.6735439182299784,Full adaptation
q_1050,1.0,1.0,1.0,1.0,0.6735439182299784,Full adaptation
q_1051,1.0,1.0,1.0,1.0,0.6735439182299784,Full adaptation
q_1052,1.0,1.0,1.0,1.0,0.6735439182299784,Full adaptation
q_1053,1.0,1.0,1.0,1.0,0.6735439182299784,Full adaptation
q_1054,1.0,1.0,1.0,1.0,0.7871546029909718,Full adaptation
q_1055,1.0,1.0,1.0,1.0,0.6735439182299784,Full adaptation
q_1056,1.0,1.0,1.0,1.0,0.6735439182299784,Full adaptation
q_1057,1.0,1.0,1.0,1.0,0.6735439182299784,Full adaptation
q_1058,1.0,1.0,1.0,1.0,0.6735439182299784,Full adaptation
q_1059,1.0,1.0,1.0,1.0,0.8304728920268888,Full adaptation
q_1060,0.0,0.0,0.0,0.0,0.0,Full adaptation
q_1061,1.0,1.0,1.0,1.0,0.7871546029909718,Full adaptation
q_1062,1.0,1.0,1.0,1.0,0.6735439182299784,Full adaptation
q_1063,1.0,1.0,1.0,1.0,0.6735439182299784,Full adaptation
q_1064,1.0,1.0,1.0,1.0,0.7871546029909718,Full adaptation
q_1065,1.0,1.0,1.0,1.0,0.7871546029909718,Full adaptation
q_1066,1.0,1.0,1.0,1.0,0.6735439182299784,Full adaptation
q_1067,1.0,1.0,1.0,1.0,0.9324441894571632,Full adaptation
q_1068,1.0,1.0,1.0,1.0,0.8556691603792904,Full adaptation
q_1069,1.0,1.0,1.0,1.0,0.7871546029909718,Full adaptation
q_1070,1.0,1.0,1.0,1.0,0.6735439182299784,Full adaptation
q_1071,1.0,1.0,1.0,1.0,0.7871546029909718,Full adaptation
q_1072,1.0,1.0,1.0,1.0,0.7852134991855584,Full adaptation
q_1073,1.0,1.0,1.0,1.0,0.7871546029909718,Full adaptation
q_1074,1.0,1.0,1.0,1.0,0.6735439182299784,Full adaptation
q_1075,1.0,1.0,1.0,1.0,0.8721093232359604,Full adaptation
q_1076,1.0,1.0,1.0,1.0,0.9095333176489385,Full adaptation
q_1077,1.0,1.0,1.0,1.0,0.8556691603792904,Full adaptation
q_1078,1.0,1.0,1.0,1.0,0.8556691603792904,Full adaptation
q_1079,0.0,0.0,1.0,0.15079365079365073,0.22965015444213396,Full adaptation
q_1080,1.0,1.0,1.0,1.0,0.7842805712853451,Full adaptation
q_1081,1.0,1.0,1.0,1.0,0.6735439182299784,Full adaptation
q_1082,1.0,1.0,1.0,1.0,0.6735439182299784,Full adaptation
q_1083,1.0,1.0,1.0,1.0,0.6735439182299784,Full adaptation
q_1084,1.0,1.0,1.0,1.0,1.0,Full adaptation
q_1085,1.0,1.0,1.0,1.0,0.7871546029909718,Full adaptation
q_1086,1.0,1.0,1.0,1.0,0.7871546029909718,Full adaptation
q_1087,1.0,1.0,1.0,1.0,0.6735439182299784,Full adaptation
q_1088,1.0,1.0,1.0,1.0,0.7871546029909718,Full adaptation
q_1089,0.6666666666666666,1.0,1.0,0.8333333333333334,0.590682244936117,Full adaptation
q_1090,1.0,1.0,1.0,1.0,0.6735439182299784,Full adaptation
q_1091,1.0,1.0,1.0,1.0,0.7871546029909718,Full adaptation
q_1092,1.0,1.0,1.0,1.0,0.6735439182299784,Full adaptation
q_1093,1.0,1.0,1.0,1.0,0.7871546029909718,Full adaptation
q_1094,1.0,1.0,1.0,1.0,0.6735439182299784,Full adaptation
q_1095,1.0,1.0,1.0,1.0,0.6735439182299784,Full adaptation
q_1096,1.0,1.0,1.0,1.0,0.6735439182299784,Full adaptation
q_1097,1.0,1.0,1.0,1.0,1.0,Full adaptation
q_1098,1.0,1.0,1.0,1.0,0.7871546029909718,Full adaptation
q_1099,1.0,1.0,1.0,1.0,0.6735439182299784,Full adaptation
q_1100,1.0,1.0,1.0,1.0,0.7871546029909718,Full adaptation
q_1101,1.0,1.0,1.0,1.0,0.7871546029909718,Full adaptation
q_1102,1.0,1.0,1.0,1.0,0.7871546029909718,Full adaptation
q_1103,1.0,1.0,1.0,1.0,0.6735439182299784,Full adaptation
q_1104,1.0,1.0,1.0,1.0,0.7871546029909718,Full adaptation
q_1105,1.0,1.0,1.0,1.0,0.7871546029909718,Full adaptation
q_1106,1.0,1.0,1.0,1.0,0.6735439182299784,Full adaptation
q_1107,1.0,1.0,1.0,1.0,0.6735439182299784,Full adaptation
q_1108,1.0,1.0,1.0,1.0,0.7871546029909718,Full adaptation
q_1109,0.0,0.0,0.0,0.0,0.0,Full adaptation
q_1110,1.0,1.0,1.0,1.0,0.7871546029909718,Full adaptation
q_1111,1.0,1.0,1.0,1.0,0.6735439182299784,Full adaptation
q_1112,1.0,1.0,1.0,1.0,0.7871546029909718,Full adaptation
q_1113,1.0,1.0,1.0,1.0,0.95583058934618,Full adaptation
q_1114,1.0,1.0,1.0,1.0,0.6735439182299784,Full adaptation
q_1115,1.0,1.0,1.0,1.0,0.6735439182299784,Full adaptation
q_1116,0.0,1.0,1.0,0.3333333333333333,0.3367719591149892,Full adaptation
q_1117,1.0,1.0,1.0,1.0,0.914095317597828,Full adaptation
q_1118,0.0,1.0,1.0,0.4444444444444444,0.6149199526747683,Full adaptation
q_1119,1.0,1.0,1.0,1.0,0.7871546029909718,Full adaptation
q_1120,0.0,0.0,0.0,0.0,0.2886616792414193,Full adaptation
q_1121,1.0,1.0,1.0,1.0,0.7871546029909718,Full adaptation
q_1122,1.0,1.0,1.0,1.0,0.6735439182299784,Full adaptation
q_1123,1.0,1.0,1.0,1.0,0.7871546029909718,Full adaptation
q_1124,1.0,1.0,1.0,1.0,0.7871546029909718,Full adaptation
q_1125,1.0,1.0,1.0,1.0,0.6735439182299784,Full adaptation
q_1126,0.0,1.0,1.0,0.3333333333333333,0.3935773014954859,Full adaptation
q_1127,1.0,1.0,1.0,1.0,0.7871546029909718,Full adaptation
q_1128,1.0,1.0,1.0,1.0,0.6735439182299784,Full adaptation
q_1129,1.0,1.0,1.0,1.0,0.6735439182299784,Full adaptation
q_1130,1.0,1.0,1.0,1.0,0.7871546029909718,Full adaptation
q_1131,1.0,1.0,1.0,1.0,0.6735439182299784,Full adaptation
q_1132,1.0,1.0,1.0,1.0,0.6735439182299784,Full adaptation
q_1133,0.0,1.0,1.0,0.5,0.42495889834839423,Full adaptation
q_1134,0.0,1.0,1.0,0.3333333333333333,0.3935773014954859,Full adaptation
q_1135,1.0,1.0,1.0,1.0,0.7871546029909718,Full adaptation
q_1136,1.0,1.0,1.0,1.0,0.7871546029909718,Full adaptation
q_1137,1.0,1.0,1.0,1.0,0.6735439182299784,Full adaptation
q_1138,0.0,1.0,1.0,0.5,0.4966392596877323,Full adaptation
q_1139,1.0,1.0,1.0,1.0,0.7871546029909718,Full adaptation
q_1140,1.0,1.0,1.0,1.0,0.7871546029909718,Full adaptation
q_1141,1.0,1.0,1.0,1.0,0.7871546029909718,Full adaptation
q_1142,1.0,1.0,1.0,1.0,0.7710581027724218,Full adaptation
q_1143,1.0,1.0,1.0,1.0,0.7871546029909718,Full adaptation
q_1144,1.0,1.0,1.0,1.0,0.6735439182299784,Full adaptation
q_1145,1.0,1.0,1.0,1.0,0.7871546029909718,Full adaptation
q_1146,1.0,1.0,1.0,1.0,0.6735439182299784,Full adaptation
q_1147,0.6666666666666666,1.0,1.0,0.8333333333333334,0.590682244936117,Full adaptation
q_1148,1.0,1.0,1.0,1.0,0.6735439182299784,Full adaptation
q_1149,0.0,0.0,0.0,0.0,0.0,Full adaptation
q_1150,1.0,1.0,1.0,1.0,0.95583058934618,Full adaptation
q_1151,1.0,1.0,1.0,1.0,0.7871546029909718,Full adaptation
q_1152,1.0,1.0,1.0,1.0,0.7871546029909718,Full adaptation
q_1153,1.0,1.0,1.0,1.0,0.7871546029909718,Full adaptation
q_1154,1.0,1.0,1.0,1.0,0.7871546029909718,Full adaptation
q_1155,0.0,1.0,1.0,0.27777777777777773,0.30564370398136576,Full adaptation
q_1156,1.0,1.0,1.0,1.0,1.0,Full adaptation
q_1157,1.0,1.0,1.0,1.0,1.0,Full adaptation
q_1158,1.0,1.0,1.0,1.0,0.7871546029909718,Full adaptation
q_1159,0.0,0.0,0.0,0.0,0.0,Full adaptation
q_1160,1.0,1.0,1.0,1.0,0.8556691603792904,Full adaptation
q_1161,0.0,1.0,1.0,0.3333333333333333,0.3367719591149892,Full adaptation
q_1162,1.0,1.0,1.0,1.0,0.6735439182299784,Full adaptation
q_1163,1.0,1.0,1.0,1.0,0.7871546029909718,Full adaptation
q_1164,1.0,1.0,1.0,1.0,0.7871546029909718,Full adaptation
q_1165,1.0,1.0,1.0,1.0,0.6735439182299784,Full adaptation
q_1166,1.0,1.0,1.0,1.0,1.0,Full adaptation
q_1167,1.0,1.0,1.0,1.0,0.7852134991855584,Full adaptation
q_1168,1.0,1.0,1.0,1.0,1.0,Full adaptation
q_1169,1.0,1.0,1.0,1.0,0.7871546029909718,Full adaptation
q_1170,1.0,1.0,1.0,1.0,0.7978637366933587,Full adaptation
q_1171,1.0,1.0,1.0,1.0,0.7871546029909718,Full adaptation
q_1172,1.0,1.0,1.0,1.0,0.7878426664388757,Full adaptation
q_1173,0.0,1.0,1.0,0.5,0.6309297535714575,Full adaptation
q_1174,1.0,1.0,1.0,1.0,0.7871546029909718,Full adaptation
q_1175,1.0,1.0,1.0,1.0,0.7871546029909718,Full adaptation
q_1176,1.0,1.0,1.0,1.0,0.9324441894571632,Full adaptation
q_1177,1.0,1.0,1.0,1.0,1.0,Full adaptation
q_1178,1.0,1.0,1.0,1.0,0.7871546029909718,Full adaptation
q_1179,1.0,1.0,1.0,1.0,0.7871546029909718,Full adaptation
q_1180,1.0,1.0,1.0,1.0,1.0,Full adaptation
q_1181,0.0,1.0,1.0,0.3333333333333333,0.42021389728954,Full adaptation
q_1182,1.0,1.0,1.0,1.0,0.7871546029909718,Full adaptation
q_1183,1.0,1.0,1.0,1.0,0.7871546029909718,Full adaptation
q_1184,1.0,1.0,1.0,1.0,0.7871546029909718,Full adaptation
q_1185,1.0,1.0,1.0,1.0,0.6735439182299784,Full adaptation
q_1186,1.0,1.0,1.0,1.0,0.7871546029909718,Full adaptation
q_1187,1.0,1.0,1.0,1.0,0.6735439182299784,Full adaptation
q_1188,1.0,1.0,1.0,1.0,0.7871546029909718,Full adaptation
q_1189,0.0,0.0,0.0,0.0,0.0,Full adaptation
q_1190,1.0,1.0,1.0,1.0,0.7871546029909718,Full adaptation
q_1191,1.0,1.0,1.0,1.0,1.0,Full adaptation
q_1192,1.0,1.0,1.0,1.0,0.7871546029909718,Full adaptation
q_1193,1.0,1.0,1.0,1.0,0.7871546029909718,Full adaptation
q_1194,1.0,1.0,1.0,1.0,0.9324441894571632,Full adaptation
q_1195,1.0,1.0,1.0,1.0,0.7871546029909718,Full adaptation
q_1196,1.0,1.0,1.0,1.0,0.7871546029909718,Full adaptation
q_1197,1.0,1.0,1.0,1.0,0.6735439182299784,Full adaptation
q_1198,1.0,1.0,1.0,1.0,1.0,Full adaptation
q_1199,0.0,1.0,1.0,0.3333333333333333,0.3367719591149892,Full adaptation
q_1200,1.0,1.0,1.0,1.0,0.6735439182299784,Full adaptation
q_1201,1.0,1.0,1.0,1.0,0.7975784573686351,Full adaptation
q_1202,0.0,1.0,1.0,0.25,0.290079576414554,Full adaptation
q_1203,1.0,1.0,1.0,1.0,0.7936469908574253,Full adaptation
q_1204,0.0,1.0,1.0,0.5,0.42495889834839423,Full adaptation
q_1205,1.0,1.0,1.0,1.0,0.6735439182299784,Full adaptation
q_1206,1.0,1.0,1.0,1.0,0.6735439182299784,Full adaptation
q_1207,1.0,1.0,1.0,1.0,0.8556691603792904,Full adaptation
q_1208,1.0,1.0,1.0,1.0,0.6735439182299784,Full adaptation
q_1209,1.0,1.0,1.0,1.0,0.7871546029909718,Full adaptation
q_1210,0.0,0.0,0.0,0.0,0.0,Full adaptation
q_1211,1.0,1.0,1.0,1.0,0.7697644779771182,Full adaptation
q_1212,1.0,1.0,1.0,1.0,0.6735439182299784,Full adaptation
q_1213,1.0,1.0,1.0,1.0,0.7871546029909718,Full adaptation
q_1214,1.0,1.0,1.0,1.0,0.9176601606601068,Full adaptation
q_1215,1.0,1.0,1.0,1.0,0.6735439182299784,Full adaptation
q_1216,1.0,1.0,1.0,1.0,0.6735439182299784,Full adaptation
q_1217,1.0,1.0,1.0,1.0,0.7793160217408145,Full adaptation
q_1218,0.6666666666666666,1.0,1.0,0.75,0.6893107639835279,Full adaptation
q_1219,1.0,1.0,1.0,1.0,0.6735439182299784,Full adaptation
q_1220,1.0,1.0,1.0,1.0,0.6735439182299784,Full adaptation
q_1221,1.0,1.0,1.0,1.0,0.6735439182299784,Full adaptation
q_1222,1.0,1.0,1.0,1.0,0.6735439182299784,Full adaptation
q_1223,1.0,1.0,1.0,1.0,0.6735439182299784,Full adaptation
q_1224,1.0,1.0,1.0,1.0,0.6735439182299784,Full adaptation
q_1225,1.0,1.0,1.0,1.0,0.75928844698843,Full adaptation
q_1226,1.0,1.0,1.0,1.0,0.8178747578506881,Full adaptation
q_1227,0.0,0.0,0.0,0.0,0.0,Full adaptation
q_1228,1.0,1.0,1.0,1.0,0.6735439182299784,Full adaptation
q_1229,0.0,1.0,1.0,0.25,0.290079576414554,Full adaptation
q_1230,0.0,0.0,0.0,0.0,0.0,Full adaptation
q_1231,0.0,0.0,0.0,0.0,0.0,Full adaptation
q_1232,1.0,1.0,1.0,1.0,0.6735439182299784,Full adaptation
q_1233,1.0,1.0,1.0,1.0,0.6735439182299784,Full adaptation
q_1234,1.0,1.0,1.0,1.0,0.6735439182299784,Full adaptation
q_1235,1.0,1.0,1.0,1.0,0.6735439182299784,Full adaptation
q_1236,1.0,1.0,1.0,1.0,0.6735439182299784,Full adaptation
q_1237,0.0,1.0,1.0,0.5,0.6014387463181591,Full adaptation
q_1238,1.0,1.0,1.0,1.0,0.914095317597828,Full adaptation
q_1239,1.0,1.0,1.0,1.0,0.8178747578506881,Full adaptation
q_1240,1.0,1.0,1.0,1.0,0.6735439182299784,Full adaptation
q_1241,1.0,1.0,1.0,1.0,0.7978637366933587,Full adaptation
q_1242,1.0,1.0,1.0,1.0,0.6735439182299784,Full adaptation
q_1243,1.0,1.0,1.0,1.0,0.8556691603792904,Full adaptation
q_1244,1.0,1.0,1.0,1.0,1.0,Full adaptation
q_1245,1.0,1.0,1.0,1.0,0.8556691603792904,Full adaptation
q_1246,1.0,1.0,1.0,1.0,0.7646065393046344,Full adaptation
q_1247,0.0,0.3333333333333333,1.0,0.17857142857142852,0.2463696184115132,Full adaptation
q_1248,1.0,1.0,1.0,1.0,0.7569858564045292,Full adaptation
q_1249,1.0,1.0,1.0,1.0,0.6735439182299784,Full adaptation
q_1250,0.0,1.0,1.0,0.5,0.5969194701945576,Full adaptation
q_1251,0.3333333333333333,1.0,1.0,0.6666666666666666,0.5934777074554788,Full adaptation
q_1252,1.0,1.0,1.0,1.0,0.9547927104902691,Full adaptation
q_1253,1.0,1.0,1.0,1.0,0.7783445125585837,Full adaptation
q_1254,1.0,1.0,1.0,1.0,0.7871546029909718,Full adaptation
q_1255,0.0,1.0,1.0,0.5,0.5160215194230502,Full adaptation
q_1256,1.0,1.0,1.0,1.0,0.6735439182299784,Full adaptation
q_1257,1.0,1.0,1.0,1.0,0.6735439182299784,Full adaptation
q_1258,1.0,1.0,1.0,1.0,0.7871546029909718,Full adaptation
q_1259,1.0,1.0,1.0,1.0,0.7604397422803805,Full adaptation
q_1260,1.0,1.0,1.0,1.0,0.6735439182299784,Full adaptation
q_1261,1.0,1.0,1.0,1.0,0.6735439182299784,Full adaptation
q_1262,0.0,0.0,0.0,0.0,0.0,Full adaptation
q_1263,1.0,1.0,1.0,1.0,0.6735439182299784,Full adaptation
q_1264,0.0,1.0,1.0,0.3333333333333333,0.3367719591149892,Full adaptation
q_1265,1.0,1.0,1.0,1.0,0.6735439182299784,Full adaptation
q_1266,0.0,1.0,1.0,0.5,0.42495889834839423,Full adaptation
q_1267,0.0,1.0,1.0,0.2333333333333333,0.28024050279737595,Full adaptation
q_1268,1.0,1.0,1.0,1.0,0.8178747578506881,Full adaptation
q_1269,1.0,1.0,1.0,1.0,0.7871546029909718,Full adaptation
q_1270,1.0,1.0,1.0,1.0,0.6735439182299784,Full adaptation
q_1271,0.0,1.0,1.0,0.5,0.42495889834839423,Full adaptation
q_1272,1.0,1.0,1.0,1.0,1.0,Full adaptation
q_1273,1.0,1.0,1.0,1.0,0.8556691603792904,Full adaptation
q_1274,1.0,1.0,1.0,1.0,0.7871546029909718,Full adaptation
q_1275,1.0,1.0,1.0,1.0,0.6735439182299784,Full adaptation
q_1276,1.0,1.0,1.0,1.0,0.7871546029909718,Full adaptation
q_1277,1.0,1.0,1.0,1.0,0.8178747578506881,Full adaptation
q_1278,1.0,1.0,1.0,1.0,0.7871546029909718,Full adaptation
q_1279,1.0,1.0,1.0,1.0,0.6735439182299784,Full adaptation
q_1280,1.0,1.0,1.0,1.0,0.8246381555143514,Full adaptation
q_1281,1.0,1.0,1.0,1.0,1.0,Full adaptation
q_1282,1.0,1.0,1.0,1.0,0.8556691603792904,Full adaptation
q_1283,1.0,1.0,1.0,1.0,0.7871546029909718,Full adaptation
q_1284,1.0,1.0,1.0,1.0,0.6735439182299784,Full adaptation
q_1285,1.0,1.0,1.0,1.0,0.7871546029909718,Full adaptation
q_1286,1.0,1.0,1.0,1.0,0.8178747578506881,Full adaptation
q_1287,1.0,1.0,1.0,1.0,0.792059412274809,Full adaptation
q_1288,1.0,1.0,1.0,1.0,0.6735439182299784,Full adaptation
q_1289,1.0,1.0,1.0,1.0,0.6735439182299784,Full adaptation
q_1290,1.0,1.0,1.0,1.0,0.95583058934618,Full adaptation
q_1291,1.0,1.0,1.0,1.0,0.6735439182299784,Full adaptation
q_1292,1.0,1.0,1.0,1.0,0.8178747578506881,Full adaptation
q_1293,1.0,1.0,1.0,1.0,0.6735439182299784,Full adaptation
q_1294,1.0,1.0,1.0,1.0,0.6735439182299784,Full adaptation
q_1295,1.0,1.0,1.0,1.0,0.7871546029909718,Full adaptation
q_1296,1.0,1.0,1.0,1.0,0.6735439182299784,Full adaptation
q_1297,1.0,1.0,1.0,1.0,0.6735439182299784,Full adaptation
q_1298,1.0,1.0,1.0,1.0,0.8178747578506881,Full adaptation
q_1299,1.0,1.0,1.0,1.0,0.9324441894571632,Full adaptation
q_1300,1.0,1.0,1.0,1.0,0.6735439182299784,Full adaptation
q_1301,1.0,1.0,1.0,1.0,0.8556691603792904,Full adaptation
q_1302,1.0,1.0,1.0,1.0,0.6735439182299784,Full adaptation
q_1303,1.0,1.0,1.0,1.0,0.6735439182299784,Full adaptation
q_1304,1.0,1.0,1.0,1.0,1.0,Full adaptation
q_1305,1.0,1.0,1.0,1.0,0.6735439182299784,Full adaptation
q_1306,0.0,0.6666666666666666,1.0,0.17037037037037037,0.281994360838184,Full adaptation
q_1307,0.0,0.0,1.0,0.1666666666666666,0.2399211845064163,Full adaptation
q_1308,1.0,1.0,1.0,1.0,0.6735439182299784,Full adaptation
q_1309,1.0,1.0,1.0,1.0,0.8556691603792904,Full adaptation
q_1310,1.0,1.0,1.0,1.0,0.7871546029909718,Full adaptation
q_1311,1.0,1.0,1.0,1.0,0.6735439182299784,Full adaptation
q_1312,1.0,1.0,1.0,1.0,0.6735439182299784,Full adaptation
q_1313,1.0,1.0,1.0,1.0,0.7871546029909718,Full adaptation
q_1314,1.0,1.0,1.0,1.0,0.6735439182299784,Full adaptation
q_1315,1.0,1.0,1.0,1.0,0.6735439182299784,Full adaptation
q_1316,1.0,1.0,1.0,1.0,0.6735439182299784,Full adaptation
q_1317,1.0,1.0,1.0,1.0,0.8178747578506881,Full adaptation
q_1318,1.0,1.0,1.0,1.0,0.6735439182299784,Full adaptation
q_1319,1.0,1.0,1.0,1.0,0.7871546029909718,Full adaptation
q_1320,1.0,1.0,1.0,1.0,0.6735439182299784,Full adaptation
q_1321,1.0,1.0,1.0,1.0,0.9480351227165077,Full adaptation
q_1322,1.0,1.0,1.0,1.0,0.6735439182299784,Full adaptation
q_1323,1.0,1.0,1.0,1.0,0.8537896938447419,Full adaptation
q_1324,0.0,0.0,0.0,0.0,0.0,Full adaptation
q_1325,1.0,1.0,1.0,1.0,0.6735439182299784,Full adaptation
q_1326,1.0,1.0,1.0,1.0,0.7871546029909718,Full adaptation
q_1327,0.0,1.0,1.0,0.3333333333333333,0.6254336383564085,Full adaptation
q_1328,0.0,1.0,1.0,0.5,0.42495889834839423,Full adaptation
q_1329,1.0,1.0,1.0,1.0,0.6735439182299784,Full adaptation
q_1330,0.0,1.0,1.0,0.5,0.8339912323981488,Full adaptation
q_1331,1.0,1.0,1.0,1.0,0.6735439182299784,Full adaptation
q_1332,1.0,1.0,1.0,1.0,0.7871546029909718,Full adaptation
q_1333,1.0,1.0,1.0,1.0,0.6735439182299784,Full adaptation
q_1334,0.0,0.6666666666666666,1.0,0.23611111111111108,0.27977699490124674,Full adaptation
q_1335,0.0,0.0,0.0,0.0,0.0,Full adaptation
q_1336,1.0,1.0,1.0,1.0,0.6735439182299784,Full adaptation
q_1337,1.0,1.0,1.0,1.0,0.7871546029909718,Full adaptation
q_1338,1.0,1.0,1.0,1.0,0.6735439182299784,Full adaptation
q_1339,1.0,1.0,1.0,1.0,0.6735439182299784,Full adaptation
q_1340,1.0,1.0,1.0,1.0,0.6735439182299784,Full adaptation
q_1341,1.0,1.0,1.0,1.0,0.6735439182299784,Full adaptation
q_1342,0.0,1.0,1.0,0.5,0.42495889834839423,Full adaptation
q_1343,1.0,1.0,1.0,1.0,0.7871546029909718,Full adaptation
q_1344,1.0,1.0,1.0,1.0,0.6735439182299784,Full adaptation
q_1345,1.0,1.0,1.0,1.0,0.6735439182299784,Full adaptation
q_1346,1.0,1.0,1.0,1.0,0.6735439182299784,Full adaptation
q_1347,1.0,1.0,1.0,1.0,0.8178747578506881,Full adaptation
q_1348,1.0,1.0,1.0,1.0,0.9421945763140686,Full adaptation
q_1349,1.0,1.0,1.0,1.0,1.0,Full adaptation
q_1350,1.0,1.0,1.0,1.0,0.6735439182299784,Full adaptation
q_1351,1.0,1.0,1.0,1.0,0.6735439182299784,Full adaptation
q_1352,1.0,1.0,1.0,1.0,0.7871546029909718,Full adaptation
q_1353,0.0,1.0,1.0,0.5,0.7136205775898136,Full adaptation
q_1354,1.0,1.0,1.0,1.0,0.7871546029909718,Full adaptation
q_1355,1.0,1.0,1.0,1.0,0.7871546029909718,Full adaptation
q_1356,1.0,1.0,1.0,1.0,0.7871546029909718,Full adaptation
q_1357,1.0,1.0,1.0,1.0,0.7871546029909718,Full adaptation
q_1358,1.0,1.0,1.0,1.0,0.9275161798581445,Full adaptation
q_1359,1.0,1.0,1.0,1.0,0.6735439182299784,Full adaptation
q_1360,1.0,1.0,1.0,1.0,0.6735439182299784,Full adaptation
q_1361,1.0,1.0,1.0,1.0,0.6735439182299784,Full adaptation
q_1362,1.0,1.0,1.0,1.0,0.7871546029909718,Full adaptation
q_1363,0.0,1.0,1.0,0.3333333333333333,0.3367719591149892,Full adaptation
q_1364,1.0,1.0,1.0,1.0,0.6735439182299784,Full adaptation
q_1365,1.0,1.0,1.0,1.0,0.6735439182299784,Full adaptation
q_1366,1.0,1.0,1.0,1.0,0.6735439182299784,Full adaptation
q_1367,1.0,1.0,1.0,1.0,0.7871546029909718,Full adaptation
q_1368,1.0,1.0,1.0,1.0,0.9584925251677544,Full adaptation
q_1369,1.0,1.0,1.0,1.0,0.7871546029909718,Full adaptation
q_1370,1.0,1.0,1.0,1.0,0.7871546029909718,Full adaptation
q_1371,1.0,1.0,1.0,1.0,0.6735439182299784,Full adaptation
q_1372,1.0,1.0,1.0,1.0,0.7871546029909718,Full adaptation
q_1373,1.0,1.0,1.0,1.0,0.7871546029909718,Full adaptation
q_1374,1.0,1.0,1.0,1.0,0.6735439182299784,Full adaptation
q_1375,1.0,1.0,1.0,1.0,0.7871546029909718,Full adaptation
q_1376,1.0,1.0,1.0,1.0,0.7871546029909718,Full adaptation
q_1377,1.0,1.0,1.0,1.0,0.6735439182299784,Full adaptation
q_1378,0.0,1.0,1.0,0.5,0.4966392596877323,Full adaptation
q_1379,0.0,1.0,1.0,0.5,0.42495889834839423,Full adaptation
q_1380,1.0,1.0,1.0,1.0,0.7871546029909718,Full adaptation
q_1381,1.0,1.0,1.0,1.0,0.7871546029909718,Full adaptation
q_1382,1.0,1.0,1.0,1.0,0.7871546029909718,Full adaptation
q_1383,1.0,1.0,1.0,1.0,0.6735439182299784,Full adaptation
q_1384,1.0,1.0,1.0,1.0,0.6735439182299784,Full adaptation
q_1385,1.0,1.0,1.0,1.0,0.7871546029909718,Full adaptation
q_1386,1.0,1.0,1.0,1.0,0.6735439182299784,Full adaptation
q_1387,1.0,1.0,1.0,1.0,0.6735439182299784,Full adaptation
q_1388,1.0,1.0,1.0,1.0,0.6735439182299784,Full adaptation
q_1389,1.0,1.0,1.0,1.0,0.7871546029909718,Full adaptation
q_1390,1.0,1.0,1.0,1.0,0.7871546029909718,Full adaptation
q_1391,1.0,1.0,1.0,1.0,0.6735439182299784,Full adaptation
q_1392,1.0,1.0,1.0,1.0,0.6735439182299784,Full adaptation
q_1393,1.0,1.0,1.0,1.0,0.6735439182299784,Full adaptation
q_1394,0.0,1.0,1.0,0.5,0.4966392596877323,Full adaptation
q_1395,1.0,1.0,1.0,1.0,0.7871546029909718,Full adaptation
q_1396,1.0,1.0,1.0,1.0,0.6735439182299784,Full adaptation
q_1397,0.0,1.0,1.0,0.3333333333333333,0.3367719591149892,Full adaptation
q_1398,0.0,1.0,1.0,0.5,0.42495889834839423,Full adaptation
q_1399,1.0,1.0,1.0,1.0,0.6735439182299784,Full adaptation
q_1400,0.0,1.0,1.0,0.5,0.42495889834839423,Full adaptation
q_1401,1.0,1.0,1.0,1.0,0.6735439182299784,Full adaptation
q_1402,1.0,1.0,1.0,1.0,0.6735439182299784,Full adaptation
q_1403,1.0,1.0,1.0,1.0,0.7871546029909718,Full adaptation
q_1404,0.0,1.0,1.0,0.3333333333333333,0.3935773014954859,Full adaptation
q_1405,1.0,1.0,1.0,1.0,0.7871546029909718,Full adaptation
q_1406,1.0,1.0,1.0,1.0,0.7871546029909718,Full adaptation
q_1407,1.0,1.0,1.0,1.0,0.7871546029909718,Full adaptation
q_1408,0.0,1.0,1.0,0.5,0.4966392596877323,Full adaptation
q_1409,1.0,1.0,1.0,1.0,0.7871546029909718,Full adaptation
q_1410,1.0,1.0,1.0,1.0,0.6735439182299784,Full adaptation
q_1411,1.0,1.0,1.0,1.0,0.6735439182299784,Full adaptation
q_1412,1.0,1.0,1.0,1.0,0.7871546029909718,Full adaptation
q_1413,1.0,1.0,1.0,1.0,0.7871546029909718,Full adaptation
q_1414,1.0,1.0,1.0,1.0,0.7871546029909718,Full adaptation
q_1415,1.0,1.0,1.0,1.0,0.6735439182299784,Full adaptation
q_1416,1.0,1.0,1.0,1.0,0.7871546029909718,Full adaptation
q_1417,0.0,0.0,0.0,0.0,0.0,Full adaptation
q_1418,1.0,1.0,1.0,1.0,0.7871546029909718,Full adaptation
q_1419,1.0,1.0,1.0,1.0,0.7871546029909718,Full adaptation
q_1420,1.0,1.0,1.0,1.0,0.7871546029909718,Full adaptation
q_1421,1.0,1.0,1.0,1.0,0.7871546029909718,Full adaptation
q_1422,1.0,1.0,1.0,1.0,0.7871546029909718,Full adaptation
q_1423,0.0,1.0,1.0,0.3333333333333333,0.3935773014954859,Full adaptation
q_1424,1.0,1.0,1.0,1.0,0.8196601327908163,Full adaptation
q_1425,1.0,1.0,1.0,1.0,0.7871546029909718,Full adaptation
q_1426,1.0,1.0,1.0,1.0,1.0,Full adaptation
q_1427,1.0,1.0,1.0,1.0,0.8556691603792904,Full adaptation
q_1428,1.0,1.0,1.0,1.0,0.7871546029909718,Full adaptation
q_1429,1.0,1.0,1.0,1.0,0.7871546029909718,Full adaptation
q_1430,1.0,1.0,1.0,1.0,0.7871546029909718,Full adaptation
q_1431,1.0,1.0,1.0,1.0,0.7871546029909718,Full adaptation
q_1432,1.0,1.0,1.0,1.0,0.7871546029909718,Full adaptation
q_1433,1.0,1.0,1.0,1.0,0.6735439182299784,Full adaptation
q_1434,1.0,1.0,1.0,1.0,0.6735439182299784,Full adaptation
q_1435,0.3333333333333333,0.6666666666666666,0.6666666666666666,0.5,0.42793128755956805,Full adaptation
q_1436,1.0,1.0,1.0,1.0,0.7871546029909718,Full adaptation
q_1437,1.0,1.0,1.0,1.0,0.6735439182299784,Full adaptation
q_1438,1.0,1.0,1.0,1.0,0.7871546029909718,Full adaptation
q_1439,0.0,0.0,1.0,0.12037037037037036,0.2092386070442218,Full adaptation
q_1440,1.0,1.0,1.0,1.0,0.9324441894571632,Full adaptation
q_1441,1.0,1.0,1.0,1.0,0.7871546029909718,Full adaptation
q_1442,1.0,1.0,1.0,1.0,0.7871546029909718,Full adaptation
q_1443,0.0,0.0,0.0,0.0,0.0,Full adaptation
q_1444,1.0,1.0,1.0,1.0,0.7871546029909718,Full adaptation
q_1445,1.0,1.0,1.0,1.0,0.7871546029909718,Full adaptation
q_1446,1.0,1.0,1.0,1.0,0.7871546029909718,Full adaptation
q_1447,0.3333333333333333,1.0,1.0,0.5555555555555555,0.7021788123640359,Full adaptation
q_1448,1.0,1.0,1.0,1.0,0.7871546029909718,Full adaptation
q_1449,0.0,0.6666666666666666,1.0,0.18888888888888888,0.2536819652108186,Full adaptation
q_1450,1.0,1.0,1.0,1.0,0.6735439182299784,Full adaptation
q_1451,1.0,1.0,1.0,1.0,0.7871546029909718,Full adaptation
q_1452,1.0,1.0,1.0,1.0,0.9799889788426704,Full adaptation
q_1453,1.0,1.0,1.0,1.0,0.7871546029909718,Full adaptation
q_1454,0.0,0.0,1.0,0.10000000000000002,0.2275387085989112,Full adaptation
q_1455,0.0,1.0,1.0,0.5,0.5194601452047061,Full adaptation
q_1456,1.0,1.0,1.0,1.0,1.0,Full adaptation
q_1457,1.0,1.0,1.0,1.0,0.7871546029909718,Full adaptation
q_1458,0.0,0.0,0.0,0.0,0.0,Full adaptation
q_1459,1.0,1.0,1.0,1.0,0.8556691603792904,Full adaptation
q_1460,0.0,0.0,1.0,0.125,0.21247944917419712,Full adaptation
q_1461,1.0,1.0,1.0,1.0,0.6735439182299784,Full adaptation
q_1462,1.0,1.0,1.0,1.0,0.6735439182299784,Full adaptation
q_1463,1.0,1.0,1.0,1.0,0.6735439182299784,Full adaptation
q_1464,1.0,1.0,1.0,1.0,0.6735439182299784,Full adaptation
q_1465,1.0,1.0,1.0,1.0,0.7303231723049627,Full adaptation
q_1466,1.0,1.0,1.0,1.0,0.7871546029909718,Full adaptation
q_1467,1.0,1.0,1.0,1.0,0.8556691603792904,Full adaptation
q_1468,1.0,1.0,1.0,1.0,0.7871546029909718,Full adaptation
q_1469,1.0,1.0,1.0,1.0,0.6735439182299784,Full adaptation
q_1470,1.0,1.0,1.0,1.0,0.6735439182299784,Full adaptation
q_1471,1.0,1.0,1.0,1.0,0.6735439182299784,Full adaptation
q_1472,0.0,1.0,1.0,0.25,0.3390090350877799,Full adaptation
q_1473,1.0,1.0,1.0,1.0,0.6735439182299784,Full adaptation
q_1474,0.0,0.0,0.0,0.0,0.1443308396207096,Full adaptation
q_1475,1.0,1.0,1.0,1.0,0.6735439182299784,Full adaptation
q_1476,0.0,1.0,1.0,0.21666666666666667,0.7411883505709289,Full adaptation
q_1477,1.0,1.0,1.0,1.0,0.95583058934618,Full adaptation
q_1478,1.0,1.0,1.0,1.0,0.9421945763140686,Full adaptation
q_1479,1.0,1.0,1.0,1.0,0.95583058934618,Full adaptation
q_1480,0.0,1.0,1.0,0.3333333333333333,0.46109177757836955,Full adaptation
q_1481,1.0,1.0,1.0,1.0,1.0,Full adaptation
q_1482,1.0,1.0,1.0,1.0,0.7871546029909718,Full adaptation
q_1483,1.0,1.0,1.0,1.0,0.6735439182299784,Full adaptation
q_1484,1.0,1.0,1.0,1.0,0.8556691603792904,Full adaptation
q_1485,0.0,0.0,0.0,0.0,0.0,Full adaptation
q_1486,1.0,1.0,1.0,1.0,0.7871546029909718,Full adaptation
q_1487,1.0,1.0,1.0,1.0,0.6735439182299784,Full adaptation
q_1488,0.0,1.0,1.0,0.5,0.42495889834839423,Full adaptation
q_1489,1.0,1.0,1.0,1.0,0.6735439182299784,Full adaptation
q_1490,1.0,1.0,1.0,1.0,0.6735439182299784,Full adaptation
q_1491,1.0,1.0,1.0,1.0,0.7025091929134458,Full adaptation
q_1492,1.0,1.0,1.0,1.0,0.7871546029909718,Full adaptation
q_1493,1.0,1.0,1.0,1.0,0.7871546029909718,Full adaptation
q_1494,1.0,1.0,1.0,1.0,0.6735439182299784,Full adaptation
q_1495,1.0,1.0,1.0,1.0,0.6735439182299784,Full adaptation
q_1496,1.0,1.0,1.0,1.0,0.7871546029909718,Full adaptation
q_1497,1.0,1.0,1.0,1.0,0.6735439182299784,Full adaptation
q_1498,1.0,1.0,1.0,1.0,0.6735439182299784,Full adaptation
q_1499,0.0,1.0,1.0,0.5,0.42495889834839423,Full adaptation
q_1500,1.0,1.0,1.0,1.0,0.8935773014954859,Full adaptation
q_1501,1.0,1.0,1.0,1.0,0.7719654129908929,Full adaptation
q_1502,0.6666666666666666,1.0,1.0,0.8333333333333334,0.9526504724035078,Full adaptation
q_1503,1.0,1.0,1.0,1.0,0.7852134991855584,Full adaptation
q_1504,1.0,1.0,1.0,1.0,0.7871546029909718,Full adaptation
q_1505,1.0,1.0,1.0,1.0,0.7013578976214955,Full adaptation
q_1506,1.0,1.0,1.0,1.0,0.6735439182299784,Full adaptation
q_1507,1.0,1.0,1.0,1.0,0.6735439182299784,Full adaptation
q_1508,1.0,1.0,1.0,1.0,0.6735439182299784,Full adaptation
q_1509,1.0,1.0,1.0,1.0,0.9176601606601068,Full adaptation
q_1510,1.0,1.0,1.0,1.0,0.9036192866091396,Full adaptation
q_1511,1.0,1.0,1.0,1.0,0.8556691603792904,Full adaptation
q_1512,0.0,1.0,1.0,0.25,0.5518544320968081,Full adaptation
q_1513,0.6666666666666666,1.0,1.0,0.8333333333333334,0.590682244936117,Full adaptation
q_1514,1.0,1.0,1.0,1.0,0.8996052605611106,Full adaptation
q_1515,0.0,0.0,1.0,0.15079365079365073,0.6052076577339552,Full adaptation
q_1516,1.0,1.0,1.0,1.0,0.7852134991855584,Full adaptation
q_1517,0.0,0.3333333333333333,1.0,0.22222222222222218,0.27220477604260723,Full adaptation
q_1518,1.0,1.0,1.0,1.0,0.7910315863547334,Full adaptation
q_1519,1.0,1.0,1.0,1.0,0.6735439182299784,Full adaptation
q_1520,1.0,1.0,1.0,1.0,1.0,Full adaptation
q_1521,1.0,1.0,1.0,1.0,0.6735439182299784,Full adaptation
q_1522,1.0,1.0,1.0,1.0,0.6735439182299784,Full adaptation
q_1523,1.0,1.0,1.0,1.0,0.6735439182299784,Full adaptation
q_1524,0.0,1.0,1.0,0.3333333333333333,0.3367719591149892,Full adaptation
q_1525,1.0,1.0,1.0,1.0,1.0,Full adaptation
q_1526,1.0,1.0,1.0,1.0,0.7871546029909718,Full adaptation
q_1527,1.0,1.0,1.0,1.0,0.7291718770130123,Full adaptation
q_1528,1.0,1.0,1.0,1.0,0.7871546029909718,Full adaptation
q_1529,0.0,0.3333333333333333,1.0,0.16388888888888886,0.526316008989297,Full adaptation
q_1530,0.0,1.0,1.0,0.25,0.290079576414554,Full adaptation
q_1531,1.0,1.0,1.0,1.0,0.7871546029909718,Full adaptation
q_1532,1.0,1.0,1.0,1.0,0.9584925251677544,Full adaptation
q_1533,1.0,1.0,1.0,1.0,0.7871546029909718,Full adaptation
q_1534,1.0,1.0,1.0,1.0,0.6735439182299784,Full adaptation
q_1535,0.0,1.0,1.0,0.3333333333333333,0.3367719591149892,Full adaptation
q_1536,1.0,1.0,1.0,1.0,0.7871546029909718,Full adaptation
q_1537,0.0,1.0,1.0,0.3333333333333333,0.3367719591149892,Full adaptation
q_1538,0.0,0.6666666666666666,1.0,0.18095238095238095,0.5102414885522674,Full adaptation
q_1539,1.0,1.0,1.0,1.0,0.6735439182299784,Full adaptation
q_1540,1.0,1.0,1.0,1.0,0.8556691603792904,Full adaptation
q_1541,1.0,1.0,1.0,1.0,0.8178747578506881,Full adaptation
q_1542,1.0,1.0,1.0,1.0,0.6735439182299784,Full adaptation
q_1543,1.0,1.0,1.0,1.0,0.7871546029909718,Full adaptation
q_1544,1.0,1.0,1.0,1.0,0.8762761202602144,Full adaptation
q_1545,1.0,1.0,1.0,1.0,0.9891129137782899,Full adaptation
q_1546,0.0,1.0,1.0,0.5,0.42495889834839423,Full adaptation
q_1547,1.0,1.0,1.0,1.0,0.6735439182299784,Full adaptation
q_1548,1.0,1.0,1.0,1.0,0.7871546029909718,Full adaptation
q_1549,1.0,1.0,1.0,1.0,0.6735439182299784,Full adaptation
q_1550,1.0,1.0,1.0,1.0,0.7871546029909718,Full adaptation
q_1551,1.0,1.0,1.0,1.0,0.6735439182299784,Full adaptation
q_1552,0.6666666666666666,1.0,1.0,0.8333333333333334,0.8087851128263628,Full adaptation
q_1553,1.0,1.0,1.0,1.0,0.8556691603792904,Full adaptation
q_1554,1.0,1.0,1.0,1.0,0.6735439182299784,Full adaptation
q_1555,0.0,0.3333333333333333,1.0,0.1698412698412698,0.3109627733940495,Full adaptation
q_1556,1.0,1.0,1.0,1.0,0.8556691603792904,Full adaptation
q_1557,1.0,1.0,1.0,1.0,0.7871546029909718,Full adaptation
q_1558,1.0,1.0,1.0,1.0,0.6735439182299784,Full adaptation
q_1559,1.0,1.0,1.0,1.0,0.6735439182299784,Full adaptation
q_1560,1.0,1.0,1.0,1.0,0.7871546029909718,Full adaptation
q_1561,1.0,1.0,1.0,1.0,0.6735439182299784,Full adaptation
q_1562,1.0,1.0,1.0,1.0,0.8178747578506881,Full adaptation
q_1563,1.0,1.0,1.0,1.0,0.6735439182299784,Full adaptation
q_1564,1.0,1.0,1.0,1.0,0.6735439182299784,Full adaptation
q_1565,1.0,1.0,1.0,1.0,0.8178747578506881,Full adaptation
q_1566,0.0,0.0,1.0,0.12037037037037036,0.6095698672412211,Full adaptation
q_1567,1.0,1.0,1.0,1.0,0.7871546029909718,Full adaptation
q_1568,1.0,1.0,1.0,1.0,0.6735439182299784,Full adaptation
q_1569,1.0,1.0,1.0,1.0,0.7871546029909718,Full adaptation
q_1570,1.0,1.0,1.0,1.0,0.6735439182299784,Full adaptation
q_1571,1.0,1.0,1.0,1.0,0.7871546029909718,Full adaptation
q_1572,1.0,1.0,1.0,1.0,0.6735439182299784,Full adaptation
q_1573,1.0,1.0,1.0,1.0,0.7871546029909718,Full adaptation
q_1574,1.0,1.0,1.0,1.0,0.6735439182299784,Full adaptation
q_1575,0.0,1.0,1.0,0.5,0.7136205775898136,Full adaptation
q_1576,1.0,1.0,1.0,1.0,0.6735439182299784,Full adaptation
q_1577,1.0,1.0,1.0,1.0,0.6735439182299784,Full adaptation
q_1578,1.0,1.0,1.0,1.0,0.8178747578506881,Full adaptation
q_1579,1.0,1.0,1.0,1.0,1.0,Full adaptation
q_1580,1.0,1.0,1.0,1.0,0.7871546029909718,Full adaptation
q_1581,1.0,1.0,1.0,1.0,0.6735439182299784,Full adaptation
q_1582,1.0,1.0,1.0,1.0,0.6735439182299784,Full adaptation
q_1583,0.0,0.0,0.0,0.0,0.1821252421493118,Full adaptation
q_1584,1.0,1.0,1.0,1.0,0.6735439182299784,Full adaptation
q_1585,0.0,0.6666666666666666,1.0,0.20555555555555552,0.26352103882799666,Full adaptation
q_1586,1.0,1.0,1.0,1.0,0.7871546029909718,Full adaptation
q_1587,0.0,0.0,1.0,0.10000000000000002,0.1946978557406183,Full adaptation
q_1588,1.0,1.0,1.0,1.0,0.8556691603792904,Full adaptation
q_1589,1.0,1.0,1.0,1.0,0.7871546029909718,Full adaptation
q_1590,1.0,1.0,1.0,1.0,0.6735439182299784,Full adaptation
q_1591,1.0,1.0,1.0,1.0,0.6735439182299784,Full adaptation
q_1592,1.0,1.0,1.0,1.0,0.6735439182299784,Full adaptation
q_1593,1.0,1.0,1.0,1.0,0.7871546029909718,Full adaptation
q_1594,1.0,1.0,1.0,1.0,0.8556691603792904,Full adaptation
q_1595,1.0,1.0,1.0,1.0,0.6735439182299784,Full adaptation
q_1596,1.0,1.0,1.0,1.0,0.7871546029909718,Full adaptation
q_1597,1.0,1.0,1.0,1.0,0.6735439182299784,Full adaptation
q_1598,0.6666666666666666,1.0,1.0,0.8333333333333334,0.7350130845568267,Full adaptation
q_1599,0.0,0.0,1.0,0.12037037037037036,0.2092386070442218,Full adaptation
q_1600,0.0,1.0,1.0,0.20000000000000004,0.3045129678946485,Full adaptation
q_1601,1.0,1.0,1.0,1.0,0.7852134991855584,Full adaptation
q_1602,0.0,0.0,1.0,0.1111111111111111,0.236957146725255,Full adaptation
q_1603,1.0,1.0,1.0,1.0,1.0,Full adaptation
q_1604,1.0,1.0,1.0,1.0,0.6735439182299784,Full adaptation
q_1605,0.0,0.0,0.0,0.0,0.0,Full adaptation
q_1606,0.0,1.0,1.0,0.3333333333333333,0.3935773014954859,Full adaptation
q_1607,1.0,1.0,1.0,1.0,1.0,Full adaptation
q_1608,1.0,1.0,1.0,1.0,1.0,Full adaptation
q_1609,0.0,1.0,1.0,0.5,0.42495889834839423,Full adaptation
q_1610,1.0,1.0,1.0,1.0,0.6735439182299784,Full adaptation
q_1611,0.0,1.0,1.0,0.5,0.42495889834839423,Full adaptation
q_1612,1.0,1.0,1.0,1.0,0.6735439182299784,Full adaptation
q_1613,1.0,1.0,1.0,1.0,0.7871546029909718,Full adaptation
q_1614,0.0,0.0,0.0,0.0,0.1305055576691351,Full adaptation
q_1615,0.0,0.0,0.6666666666666666,0.07407407407407407,0.4238329610976002,Full adaptation
q_1616,1.0,1.0,1.0,1.0,0.6735439182299784,Full adaptation
q_1617,1.0,1.0,1.0,1.0,0.7697644779771182,Full adaptation
q_1618,1.0,1.0,1.0,1.0,0.7871546029909718,Full adaptation
q_1619,1.0,1.0,1.0,1.0,0.8556691603792904,Full adaptation
q_1620,1.0,1.0,1.0,1.0,0.6735439182299784,Full adaptation
q_1621,0.0,1.0,1.0,0.3333333333333333,0.3935773014954859,Full adaptation
q_1622,1.0,1.0,1.0,1.0,0.6735439182299784,Full adaptation
q_1623,1.0,1.0,1.0,1.0,0.6735439182299784,Full adaptation
q_1624,1.0,1.0,1.0,1.0,0.7871546029909718,Full adaptation
q_1625,1.0,1.0,1.0,1.0,0.6735439182299784,Full adaptation
q_1626,1.0,1.0,1.0,1.0,0.7871546029909718,Full adaptation
q_1627,0.0,0.0,0.0,0.0,0.0,Full adaptation
q_1628,1.0,1.0,1.0,1.0,0.6735439182299784,Full adaptation
q_1629,0.0,1.0,1.0,0.3333333333333333,0.3367719591149892,Full adaptation
q_1630,1.0,1.0,1.0,1.0,0.6735439182299784,Full adaptation
q_1631,1.0,1.0,1.0,1.0,0.8887076658732239,Full adaptation
q_1632,1.0,1.0,1.0,1.0,0.6735439182299784,Full adaptation
q_1633,1.0,1.0,1.0,1.0,0.6735439182299784,Full adaptation
q_1634,1.0,1.0,1.0,1.0,0.6735439182299784,Full adaptation
q_1635,0.0,1.0,1.0,0.5,0.7136205775898136,Full adaptation
q_1636,1.0,1.0,1.0,1.0,0.9047705819010902,Full adaptation
q_1637,1.0,1.0,1.0,1.0,0.7871546029909718,Full adaptation
q_1638,1.0,1.0,1.0,1.0,0.95583058934618,Full adaptation
q_1639,1.0,1.0,1.0,1.0,0.7978637366933587,Full adaptation
q_1640,1.0,1.0,1.0,1.0,0.7852134991855584,Full adaptation
q_1641,1.0,1.0,1.0,1.0,0.8556691603792904,Full adaptation
q_1642,1.0,1.0,1.0,1.0,0.7871546029909718,Full adaptation
q_1643,1.0,1.0,1.0,1.0,0.7871546029909718,Full adaptation
q_1644,1.0,1.0,1.0,1.0,0.7646065393046344,Full adaptation
q_1645,0.0,1.0,1.0,0.3333333333333333,0.3935773014954859,Full adaptation
q_1646,1.0,1.0,1.0,1.0,0.7871546029909718,Full adaptation
q_1647,1.0,1.0,1.0,1.0,0.6735439182299784,Full adaptation
q_1648,0.0,1.0,1.0,0.5,0.8339912323981488,Full adaptation
q_1649,1.0,1.0,1.0,1.0,0.9799889788426704,Full adaptation
q_1650,1.0,1.0,1.0,1.0,0.6735439182299784,Full adaptation
q_1651,1.0,1.0,1.0,1.0,0.6735439182299784,Full adaptation
q_1652,1.0,1.0,1.0,1.0,0.8556691603792904,Full adaptation
q_1653,1.0,1.0,1.0,1.0,0.7871546029909718,Full adaptation
q_1654,1.0,1.0,1.0,1.0,0.7871546029909718,Full adaptation
q_1655,1.0,1.0,1.0,1.0,0.6735439182299784,Full adaptation
q_1656,1.0,1.0,1.0,1.0,0.6735439182299784,Full adaptation
q_1657,1.0,1.0,1.0,1.0,0.7871546029909718,Full adaptation
q_1658,1.0,1.0,1.0,1.0,0.7871546029909718,Full adaptation
q_1659,1.0,1.0,1.0,1.0,0.6735439182299784,Full adaptation
q_1660,1.0,1.0,1.0,1.0,0.7871546029909718,Full adaptation
q_1661,1.0,1.0,1.0,1.0,0.8556691603792904,Full adaptation
q_1662,1.0,1.0,1.0,1.0,0.7871546029909718,Full adaptation
q_1663,0.0,0.0,0.0,0.0,0.0,Full adaptation
q_1664,1.0,1.0,1.0,1.0,0.7871546029909718,Full adaptation
q_1665,0.0,0.0,0.0,0.0,0.0,Full adaptation
q_1666,0.0,0.0,0.0,0.0,0.0,Full adaptation
q_1667,1.0,1.0,1.0,1.0,0.7871546029909718,Full adaptation
q_1668,1.0,1.0,1.0,1.0,0.6735439182299784,Full adaptation
q_1669,1.0,1.0,1.0,1.0,0.6735439182299784,Full adaptation
q_1670,1.0,1.0,1.0,1.0,0.6735439182299784,Full adaptation
q_1671,1.0,1.0,1.0,1.0,0.7871546029909718,Full adaptation
q_1672,0.0,1.0,1.0,0.4444444444444444,0.39556325193725916,Full adaptation
q_1673,1.0,1.0,1.0,1.0,1.0,Full adaptation
q_1674,1.0,1.0,1.0,1.0,0.9176601606601068,Full adaptation
q_1675,1.0,1.0,1.0,1.0,0.8178747578506881,Full adaptation
q_1676,1.0,1.0,1.0,1.0,0.7871546029909718,Full adaptation
q_1677,1.0,1.0,1.0,1.0,0.7871546029909718,Full adaptation
q_1678,1.0,1.0,1.0,1.0,0.6735439182299784,Full adaptation
q_1679,1.0,1.0,1.0,1.0,0.6735439182299784,Full adaptation
q_1680,1.0,1.0,1.0,1.0,0.7871546029909718,Full adaptation
q_1681,1.0,1.0,1.0,1.0,0.6735439182299784,Full adaptation
q_1682,1.0,1.0,1.0,1.0,0.6735439182299784,Full adaptation
q_1683,1.0,1.0,1.0,1.0,0.7871546029909718,Full adaptation
q_1684,1.0,1.0,1.0,1.0,0.6735439182299784,Full adaptation
q_1685,1.0,1.0,1.0,1.0,0.7871546029909718,Full adaptation
q_1686,1.0,1.0,1.0,1.0,0.737690958061405,Full adaptation
q_1687,1.0,1.0,1.0,1.0,0.7871546029909718,Full adaptation
q_1688,1.0,1.0,1.0,1.0,0.8178747578506881,Full adaptation
q_1689,1.0,1.0,1.0,1.0,0.7871546029909718,Full adaptation
q_1690,1.0,1.0,1.0,1.0,0.6735439182299784,Full adaptation
q_1691,1.0,1.0,1.0,1.0,0.6735439182299784,Full adaptation
q_1692,1.0,1.0,1.0,1.0,0.8556691603792904,Full adaptation
q_1693,0.6666666666666666,1.0,1.0,0.8333333333333334,0.6903161552232252,Full adaptation
q_1694,1.0,1.0,1.0,1.0,0.6735439182299784,Full adaptation
q_1695,1.0,1.0,1.0,1.0,0.7871546029909718,Full adaptation
q_1696,0.0,1.0,1.0,0.3333333333333333,0.4356750759988506,Full adaptation
q_1697,1.0,1.0,1.0,1.0,0.9562915901539796,Full adaptation
q_1698,0.0,1.0,1.0,0.5,0.7136205775898136,Full adaptation
q_1699,1.0,1.0,1.0,1.0,0.7871546029909718,Full adaptation
q_1700,1.0,1.0,1.0,1.0,0.6735439182299784,Full adaptation
q_1701,0.0,1.0,1.0,0.3333333333333333,0.3367719591149892,Full adaptation
q_1702,1.0,1.0,1.0,1.0,0.7871546029909718,Full adaptation
q_1703,1.0,1.0,1.0,1.0,0.6735439182299784,Full adaptation
q_1704,1.0,1.0,1.0,1.0,0.6735439182299784,Full adaptation
q_1705,1.0,1.0,1.0,1.0,0.6735439182299784,Full adaptation
q_1706,0.0,1.0,1.0,0.5,0.7136205775898136,Full adaptation
q_1707,1.0,1.0,1.0,1.0,0.8178747578506881,Full adaptation
q_1708,0.0,1.0,1.0,0.5,0.4966392596877323,Full adaptation
q_1709,1.0,1.0,1.0,1.0,0.7871546029909718,Full adaptation
q_1710,1.0,1.0,1.0,1.0,0.6735439182299784,Full adaptation
q_1711,1.0,1.0,1.0,1.0,0.7871546029909718,Full adaptation
q_1712,1.0,1.0,1.0,1.0,0.7871546029909718,Full adaptation
q_1713,0.0,1.0,1.0,0.25,0.3390090350877799,Full adaptation
q_1714,1.0,1.0,1.0,1.0,0.7871546029909718,Full adaptation
q_1715,0.0,1.0,1.0,0.3055555555555555,0.6933114489641475,Full adaptation
q_1716,1.0,1.0,1.0,1.0,0.9799889788426704,Full adaptation
q_1717,0.0,0.0,0.0,0.0,0.0,Full adaptation
q_1718,1.0,1.0,1.0,1.0,0.7317121046463807,Full adaptation
q_1719,1.0,1.0,1.0,1.0,0.7852134991855584,Full adaptation
q_1720,1.0,1.0,1.0,1.0,0.7871546029909718,Full adaptation
q_1721,1.0,1.0,1.0,1.0,0.6735439182299784,Full adaptation
q_1722,1.0,1.0,1.0,1.0,0.6735439182299784,Full adaptation
q_1723,1.0,1.0,1.0,1.0,0.7871546029909718,Full adaptation
q_1724,1.0,1.0,1.0,1.0,0.7871546029909718,Full adaptation
q_1725,1.0,1.0,1.0,1.0,0.6735439182299784,Full adaptation
q_1726,1.0,1.0,1.0,1.0,0.8178747578506881,Full adaptation
q_1727,1.0,1.0,1.0,1.0,0.6735439182299784,Full adaptation
q_1728,1.0,1.0,1.0,1.0,0.7753957738362117,Full adaptation
q_1729,1.0,1.0,1.0,1.0,0.6735439182299784,Full adaptation
q_1730,1.0,1.0,1.0,1.0,0.6735439182299784,Full adaptation
q_1731,1.0,1.0,1.0,1.0,0.9861641750559181,Full adaptation
q_1732,1.0,1.0,1.0,1.0,1.0,Full adaptation
q_1733,0.0,1.0,1.0,0.38888888888888884,0.42793128755956805,Full adaptation
q_1734,1.0,1.0,1.0,1.0,0.6735439182299784,Full adaptation
q_1735,1.0,1.0,1.0,1.0,0.7871546029909718,Full adaptation
q_1736,0.0,1.0,1.0,0.5,0.42495889834839423,Full adaptation
q_1737,0.0,1.0,1.0,0.5,0.42495889834839423,Full adaptation
q_1738,1.0,1.0,1.0,1.0,0.7871546029909718,Full adaptation
q_1739,1.0,1.0,1.0,1.0,0.7632176069632165,Full adaptation
q_1740,1.0,1.0,1.0,1.0,0.6735439182299784,Full adaptation
q_1741,1.0,1.0,1.0,1.0,0.6735439182299784,Full adaptation
q_1742,1.0,1.0,1.0,1.0,0.6735439182299784,Full adaptation
q_1743,0.3333333333333333,1.0,1.0,0.6666666666666666,0.5934777074554788,Full adaptation
q_1744,1.0,1.0,1.0,1.0,0.7871546029909718,Full adaptation
q_1745,1.0,1.0,1.0,1.0,0.9073218002554916,Full adaptation
q_1746,1.0,1.0,1.0,1.0,0.95583058934618,Full adaptation
q_1747,1.0,1.0,1.0,1.0,0.7871546029909718,Full adaptation
q_1748,1.0,1.0,1.0,1.0,0.7871546029909718,Full adaptation
q_1749,1.0,1.0,1.0,1.0,0.7871546029909718,Full adaptation
q_1750,1.0,1.0,1.0,1.0,0.6735439182299784,Full adaptation
q_1751,0.0,0.0,1.0,0.1666666666666666,0.2399211845064163,Full adaptation
q_1752,1.0,1.0,1.0,1.0,0.6735439182299784,Full adaptation
q_1753,1.0,1.0,1.0,1.0,0.6735439182299784,Full adaptation
q_1754,1.0,1.0,1.0,1.0,0.7871546029909718,Full adaptation
q_1755,1.0,1.0,1.0,1.0,0.6735439182299784,Full adaptation
q_1756,1.0,1.0,1.0,1.0,0.7871546029909718,Full adaptation
q_1757,0.0,1.0,1.0,0.25,0.4017491573701339,Full adaptation
q_1758,1.0,1.0,1.0,1.0,0.7871546029909718,Full adaptation
q_1759,1.0,1.0,1.0,1.0,0.9176601606601068,Full adaptation
q_1760,1.0,1.0,1.0,1.0,0.7871546029909718,Full adaptation
q_1761,1.0,1.0,1.0,1.0,0.6735439182299784,Full adaptation
q_1762,0.0,0.0,1.0,0.10000000000000002,0.2275387085989112,Full adaptation
q_1763,1.0,1.0,1.0,1.0,0.7569858564045292,Full adaptation
q_1764,0.0,1.0,1.0,0.3333333333333333,0.8075588805057204,Full adaptation
q_1765,1.0,1.0,1.0,1.0,0.7871546029909718,Full adaptation
q_1766,1.0,1.0,1.0,1.0,0.6735439182299784,Full adaptation
q_1767,1.0,1.0,1.0,1.0,0.7871546029909718,Full adaptation
q_1768,1.0,1.0,1.0,1.0,0.7871546029909718,Full adaptation
q_1769,0.0,1.0,1.0,0.3333333333333333,0.3935773014954859,Full adaptation
q_1770,1.0,1.0,1.0,1.0,0.6735439182299784,Full adaptation
q_1771,1.0,1.0,1.0,1.0,0.7871546029909718,Full adaptation
q_1772,1.0,1.0,1.0,1.0,0.6735439182299784,Full adaptation
q_1773,1.0,1.0,1.0,1.0,0.7871546029909718,Full adaptation
q_1774,1.0,1.0,1.0,1.0,1.0,Full adaptation
q_1775,1.0,1.0,1.0,1.0,0.7871546029909718,Full adaptation
q_1776,1.0,1.0,1.0,1.0,0.7978637366933587,Full adaptation
q_1777,1.0,1.0,1.0,1.0,0.6735439182299784,Full adaptation
q_1778,0.0,0.0,0.0,0.0,0.0,Full adaptation
q_1779,0.0,1.0,1.0,0.3333333333333333,0.3935773014954859,Full adaptation
q_1780,1.0,1.0,1.0,1.0,0.7871546029909718,Full adaptation
q_1781,1.0,1.0,1.0,1.0,0.7871546029909718,Full adaptation
q_1782,0.0,0.3333333333333333,1.0,0.17777777777777773,0.24680157485861742,Full adaptation
q_1783,1.0,1.0,1.0,1.0,0.7871546029909718,Full adaptation
q_1784,1.0,1.0,1.0,1.0,0.7871546029909718,Full adaptation
q_1785,1.0,1.0,1.0,1.0,0.7871546029909718,Full adaptation
q_1786,1.0,1.0,1.0,1.0,0.8556691603792904,Full adaptation
q_1787,0.0,0.0,1.0,0.125,0.2483196298438661,Full adaptation
q_1788,1.0,1.0,1.0,1.0,0.6735439182299784,Full adaptation
q_1789,1.0,1.0,1.0,1.0,0.7871546029909718,Full adaptation
q_1790,0.0,1.0,1.0,0.5,0.5233803931093087,Full adaptation
q_1791,0.0,0.0,1.0,0.12962962962962962,0.31729336356255033,Full adaptation
q_1792,1.0,1.0,1.0,1.0,0.8556691603792904,Full adaptation
q_1793,0.0,0.0,0.0,0.0,0.0,Full adaptation
q_1794,1.0,1.0,1.0,1.0,0.7871546029909718,Full adaptation
q_1795,0.0,0.0,0.0,0.0,0.0,Full adaptation
q_1796,0.0,1.0,1.0,0.25,0.3390090350877799,Full adaptation
q_1797,1.0,1.0,1.0,1.0,0.7871546029909718,Full adaptation
q_1798,1.0,1.0,1.0,1.0,0.95583058934618,Full adaptation
q_1799,1.0,1.0,1.0,1.0,0.7906982521350533,Full adaptation
q_1800,1.0,1.0,1.0,1.0,1.0,Full adaptation
q_1801,1.0,1.0,1.0,1.0,0.7871546029909718,Full adaptation
q_1802,1.0,1.0,1.0,1.0,0.6735439182299784,Full adaptation
q_1803,1.0,1.0,1.0,1.0,0.6735439182299784,Full adaptation
q_1804,0.0,0.0,1.0,0.1428571428571428,0.2245146394099928,Full adaptation
q_1805,1.0,1.0,1.0,1.0,0.6735439182299784,Full adaptation
q_1806,1.0,1.0,1.0,1.0,0.6735439182299784,Full adaptation
q_1807,1.0,1.0,1.0,1.0,0.7871546029909718,Full adaptation
q_1808,1.0,1.0,1.0,1.0,0.6735439182299784,Full adaptation
q_1809,1.0,1.0,1.0,1.0,0.8521656625906607,Full adaptation
q_1810,1.0,1.0,1.0,1.0,1.0,Full adaptation
q_1811,1.0,1.0,1.0,1.0,0.7871546029909718,Full adaptation
q_1812,1.0,1.0,1.0,1.0,0.7871546029909718,Full adaptation
q_1813,1.0,1.0,1.0,1.0,0.7871546029909718,Full adaptation
q_1814,1.0,1.0,1.0,1.0,0.8304728920268888,Full adaptation
q_1815,0.0,1.0,1.0,0.5,0.6309297535714575,Full adaptation
q_1816,1.0,1.0,1.0,1.0,0.7871546029909718,Full adaptation
q_1817,0.0,0.0,0.0,0.0,0.0,Full adaptation
q_1818,1.0,1.0,1.0,1.0,0.7871546029909718,Full adaptation
q_1819,1.0,1.0,1.0,1.0,0.7871546029909718,Full adaptation
q_1820,1.0,1.0,1.0,1.0,0.8996052605611106,Full adaptation
q_1821,1.0,1.0,1.0,1.0,0.6735439182299784,Full adaptation
q_1822,1.0,1.0,1.0,1.0,0.7871546029909718,Full adaptation
q_1823,1.0,1.0,1.0,1.0,0.7871546029909718,Full adaptation
q_1824,1.0,1.0,1.0,1.0,0.6735439182299784,Full adaptation
q_1825,1.0,1.0,1.0,1.0,0.6735439182299784,Full adaptation
q_1826,0.0,0.6666666666666666,1.0,0.21428571428571427,0.3134676459464057,Full adaptation
q_1827,1.0,1.0,1.0,1.0,0.7871546029909718,Full adaptation
q_1828,0.0,1.0,1.0,0.3333333333333333,0.3367719591149892,Full adaptation
q_1829,0.0,1.0,1.0,0.4166666666666667,0.4440958514877482,Full adaptation
q_1830,1.0,1.0,1.0,1.0,1.0,Full adaptation
q_1831,1.0,1.0,1.0,1.0,0.7871546029909718,Full adaptation
q_1832,1.0,1.0,1.0,1.0,0.8556691603792904,Full adaptation
q_1833,1.0,1.0,1.0,1.0,0.7871546029909718,Full adaptation
q_1834,1.0,1.0,1.0,1.0,0.7871546029909718,Full adaptation
q_1835,1.0,1.0,1.0,1.0,0.7871546029909718,Full adaptation
q_1836,1.0,1.0,1.0,1.0,0.7871546029909718,Full adaptation
q_1837,1.0,1.0,1.0,1.0,1.0,Full adaptation
q_1838,1.0,1.0,1.0,1.0,0.735971645170577,Full adaptation
q_1839,1.0,1.0,1.0,1.0,0.6735439182299784,Full adaptation
q_1840,1.0,1.0,1.0,1.0,0.6735439182299784,Full adaptation
q_1841,1.0,1.0,1.0,1.0,0.942564984429692,Full adaptation
q_1842,1.0,1.0,1.0,1.0,0.6735439182299784,Full adaptation
q_1843,1.0,1.0,1.0,1.0,0.7978637366933587,Full adaptation
q_1844,1.0,1.0,1.0,1.0,0.6735439182299784,Full adaptation
q_1845,1.0,1.0,1.0,1.0,0.6735439182299784,Full adaptation
q_1846,1.0,1.0,1.0,1.0,0.6735439182299784,Full adaptation
q_1847,1.0,1.0,1.0,1.0,0.6735439182299784,Full adaptation
q_1848,0.0,1.0,1.0,0.3333333333333333,0.3367719591149892,Full adaptation
q_1849,1.0,1.0,1.0,1.0,0.6735439182299784,Full adaptation
q_1850,0.0,1.0,1.0,0.38888888888888884,0.3661676055261242,Full adaptation
q_1851,1.0,1.0,1.0,1.0,1.0,Full adaptation
q_1852,1.0,1.0,1.0,1.0,0.6735439182299784,Full adaptation
q_1853,1.0,1.0,1.0,1.0,0.7710581027724218,Full adaptation
q_1854,1.0,1.0,1.0,1.0,0.7680451650862903,Full adaptation
q_1855,0.0,1.0,1.0,0.3333333333333333,0.3367719591149892,Full adaptation
q_1856,1.0,1.0,1.0,1.0,1.0,Full adaptation
q_1857,1.0,1.0,1.0,1.0,0.7906982521350533,Full adaptation
q_1858,1.0,1.0,1.0,1.0,0.6735439182299784,Full adaptation
q_1859,1.0,1.0,1.0,1.0,0.6735439182299784,Full adaptation
q_1860,1.0,1.0,1.0,1.0,0.6735439182299784,Full adaptation
q_1861,1.0,1.0,1.0,1.0,0.6735439182299784,Full adaptation
q_1862,1.0,1.0,1.0,1.0,0.737690958061405,Full adaptation
q_1863,0.0,0.0,1.0,0.1666666666666666,0.2399211845064163,Full adaptation
q_1864,1.0,1.0,1.0,1.0,0.6735439182299784,Full adaptation
q_1865,1.0,1.0,1.0,1.0,0.6735439182299784,Full adaptation
q_1866,1.0,1.0,1.0,1.0,0.6735439182299784,Full adaptation
q_1867,1.0,1.0,1.0,1.0,0.6735439182299784,Full adaptation
q_1868,1.0,1.0,1.0,1.0,0.7769555802171658,Full adaptation
q_1869,0.0,1.0,1.0,0.5,0.7136205775898136,Full adaptation
q_1870,0.0,0.0,1.0,0.1111111111111111,0.2027569227842713,Full adaptation
q_1871,1.0,1.0,1.0,1.0,0.8178747578506881,Full adaptation
q_1872,0.0,0.0,0.0,0.0,0.0,Full adaptation
q_1873,0.0,0.0,0.0,0.0,0.0,Full adaptation
q_1874,1.0,1.0,1.0,1.0,0.8178747578506881,Full adaptation
q_1875,0.0,0.0,0.0,0.0,0.0,Full adaptation
q_1876,0.0,1.0,1.0,0.5,0.4966392596877323,Full adaptation
q_1877,1.0,1.0,1.0,1.0,0.6735439182299784,Full adaptation
q_1878,1.0,1.0,1.0,1.0,0.6735439182299784,Full adaptation
q_1879,1.0,1.0,1.0,1.0,0.6735439182299784,Full adaptation
q_1880,0.0,1.0,1.0,0.5,0.42495889834839423,Full adaptation
q_1881,1.0,1.0,1.0,1.0,0.943107113117489,Full adaptation
q_1882,1.0,1.0,1.0,1.0,0.6735439182299784,Full adaptation
q_1883,1.0,1.0,1.0,1.0,0.6735439182299784,Full adaptation
q_1884,1.0,1.0,1.0,1.0,0.9324441894571632,Full adaptation
q_1885,1.0,1.0,1.0,1.0,0.6735439182299784,Full adaptation
q_1886,1.0,1.0,1.0,1.0,0.6735439182299784,Full adaptation
q_1887,1.0,1.0,1.0,1.0,0.7871546029909718,Full adaptation
q_1888,1.0,1.0,1.0,1.0,0.7842805712853451,Full adaptation
q_1889,1.0,1.0,1.0,1.0,0.6735439182299784,Full adaptation
q_1890,1.0,1.0,1.0,1.0,0.7978637366933587,Full adaptation
q_1891,1.0,1.0,1.0,1.0,0.6735439182299784,Full adaptation
q_1892,1.0,1.0,1.0,1.0,0.7871546029909718,Full adaptation
q_1893,1.0,1.0,1.0,1.0,0.6735439182299784,Full adaptation
q_1894,1.0,1.0,1.0,1.0,0.8556691603792904,Full adaptation
q_1895,0.0,0.6666666666666666,1.0,0.20555555555555552,0.32168922524439886,Full adaptation
q_1896,1.0,1.0,1.0,1.0,0.6735439182299784,Full adaptation
q_1897,1.0,1.0,1.0,1.0,0.6735439182299784,Full adaptation
q_1898,1.0,1.0,1.0,1.0,0.8556691603792904,Full adaptation
q_1899,0.0,1.0,1.0,0.5,0.8579514172105233,Full adaptation
q_1900,1.0,1.0,1.0,1.0,0.7978637366933587,Full adaptation
q_1901,1.0,1.0,1.0,1.0,0.95583058934618,Full adaptation
q_1902,0.0,1.0,1.0,0.5,0.42495889834839423,Full adaptation
q_1903,1.0,1.0,1.0,1.0,0.7871546029909718,Full adaptation
q_1904,1.0,1.0,1.0,1.0,0.7871546029909718,Full adaptation
q_1905,1.0,1.0,1.0,1.0,0.6735439182299784,Full adaptation
q_1906,1.0,1.0,1.0,1.0,0.7604397422803805,Full adaptation
q_1907,1.0,1.0,1.0,1.0,0.7852134991855584,Full adaptation
q_1908,1.0,1.0,1.0,1.0,0.6735439182299784,Full adaptation
q_1909,1.0,1.0,1.0,1.0,0.7381725801843518,Full adaptation
q_1910,1.0,1.0,1.0,1.0,1.0,Full adaptation
q_1911,1.0,1.0,1.0,1.0,0.8178747578506881,Full adaptation
q_1912,1.0,1.0,1.0,1.0,0.7871546029909718,Full adaptation
q_1913,0.0,1.0,1.0,0.5,0.4966392596877323,Full adaptation
q_1914,1.0,1.0,1.0,1.0,0.8556691603792904,Full adaptation
q_1915,1.0,1.0,1.0,1.0,0.7871546029909718,Full adaptation
q_1916,1.0,1.0,1.0,1.0,0.6735439182299784,Full adaptation
q_1917,1.0,1.0,1.0,1.0,0.6735439182299784,Full adaptation
q_1918,1.0,1.0,1.0,1.0,0.7978637366933587,Full adaptation
q_1919,1.0,1.0,1.0,1.0,0.6735439182299784,Full adaptation
q_1920,1.0,1.0,1.0,1.0,0.6735439182299784,Full adaptation
q_1921,1.0,1.0,1.0,1.0,0.6735439182299784,Full adaptation
q_1922,1.0,1.0,1.0,1.0,0.7871546029909718,Full adaptation
q_1923,1.0,1.0,1.0,1.0,0.6735439182299784,Full adaptation
q_1924,1.0,1.0,1.0,1.0,0.6735439182299784,Full adaptation
q_1925,1.0,1.0,1.0,1.0,0.7871546029909718,Full adaptation
q_1926,0.6666666666666666,1.0,1.0,0.8333333333333334,0.590682244936117,Full adaptation
q_1927,1.0,1.0,1.0,1.0,0.8003173312432018,Full adaptation
q_1928,1.0,1.0,1.0,1.0,0.8556691603792904,Full adaptation
q_1929,1.0,1.0,1.0,1.0,0.6735439182299784,Full adaptation
q_1930,1.0,1.0,1.0,1.0,0.7871546029909718,Full adaptation
q_1931,1.0,1.0,1.0,1.0,0.7871546029909718,Full adaptation
q_1932,0.0,1.0,1.0,0.3333333333333333,0.3367719591149892,Full adaptation
q_1933,1.0,1.0,1.0,1.0,0.8556691603792904,Full adaptation
q_1934,1.0,1.0,1.0,1.0,0.7871546029909718,Full adaptation
q_1935,1.0,1.0,1.0,1.0,0.7871546029909718,Full adaptation
q_1936,0.0,0.0,1.0,0.1263227513227513,0.35758117674353,Full adaptation
q_1937,1.0,1.0,1.0,1.0,0.8556691603792904,Full adaptation
q_1938,1.0,1.0,1.0,1.0,0.7978637366933587,Full adaptation
q_1939,1.0,1.0,1.0,1.0,0.6735439182299784,Full adaptation
q_1940,1.0,1.0,1.0,1.0,0.6735439182299784,Full adaptation
q_1941,1.0,1.0,1.0,1.0,0.7894302450214918,Full adaptation
q_1942,1.0,1.0,1.0,1.0,0.6735439182299784,Full adaptation
q_1943,1.0,1.0,1.0,1.0,0.6735439182299784,Full adaptation
q_1944,1.0,1.0,1.0,1.0,0.6735439182299784,Full adaptation
q_1945,1.0,1.0,1.0,1.0,0.7978637366933587,Full adaptation
q_1946,1.0,1.0,1.0,1.0,0.9324441894571632,Full adaptation
q_1947,0.0,1.0,1.0,0.3055555555555555,0.32120783154817745,Full adaptation
q_1948,1.0,1.0,1.0,1.0,0.8515023633550364,Full adaptation
q_1949,1.0,1.0,1.0,1.0,0.6735439182299784,Full adaptation
q_1950,1.0,1.0,1.0,1.0,0.7604397422803805,Full adaptation
q_1951,1.0,1.0,1.0,1.0,0.6735439182299784,Full adaptation
q_1952,1.0,1.0,1.0,1.0,0.8045340770791353,Full adaptation
q_1953,1.0,1.0,1.0,1.0,0.6735439182299784,Full adaptation
q_1954,1.0,1.0,1.0,1.0,0.6735439182299784,Full adaptation
q_1955,1.0,1.0,1.0,1.0,0.6735439182299784,Full adaptation
q_1956,0.0,1.0,1.0,0.5,0.42495889834839423,Full adaptation
q_1957,1.0,1.0,1.0,1.0,0.7871546029909718,Full adaptation
q_1958,1.0,1.0,1.0,1.0,0.6735439182299784,Full adaptation
q_1959,1.0,1.0,1.0,1.0,0.6735439182299784,Full adaptation
q_1960,1.0,1.0,1.0,1.0,0.6735439182299784,Full adaptation
q_1961,1.0,1.0,1.0,1.0,0.6735439182299784,Full adaptation
q_1962,1.0,1.0,1.0,1.0,0.6735439182299784,Full adaptation
q_1963,1.0,1.0,1.0,1.0,0.8556691603792904,Full adaptation
q_1964,0.0,1.0,1.0,0.5,0.42495889834839423,Full adaptation
q_1965,1.0,1.0,1.0,1.0,0.7871546029909718,Full adaptation
q_1966,1.0,1.0,1.0,1.0,0.8430710262030896,Full adaptation
q_1967,1.0,1.0,1.0,1.0,0.6735439182299784,Full adaptation
q_1968,1.0,1.0,1.0,1.0,0.7569858564045292,Full adaptation
q_1969,1.0,1.0,1.0,1.0,0.6735439182299784,Full adaptation
q_1970,1.0,1.0,1.0,1.0,0.7871546029909718,Full adaptation
q_1971,1.0,1.0,1.0,1.0,0.6735439182299784,Full adaptation
q_1972,1.0,1.0,1.0,1.0,1.0,Full adaptation
q_1973,1.0,1.0,1.0,1.0,0.6735439182299784,Full adaptation
q_1974,1.0,1.0,1.0,1.0,0.6735439182299784,Full adaptation
q_1975,1.0,1.0,1.0,1.0,0.7871546029909718,Full adaptation
q_1976,1.0,1.0,1.0,1.0,0.6735439182299784,Full adaptation
q_1977,1.0,1.0,1.0,1.0,0.7871546029909718,Full adaptation
q_1978,0.0,0.0,0.0,0.0,0.0,Full adaptation
q_1979,1.0,1.0,1.0,1.0,0.6735439182299784,Full adaptation
q_1980,1.0,1.0,1.0,1.0,0.6735439182299784,Full adaptation
q_1981,0.0,0.3333333333333333,1.0,0.17777777777777773,0.24680157485861742,Full adaptation
q_1982,1.0,1.0,1.0,1.0,0.6735439182299784,Full adaptation
q_1983,1.0,1.0,1.0,1.0,0.7871546029909718,Full adaptation
q_1984,0.0,1.0,1.0,0.25,0.290079576414554,Full adaptation
q_1985,1.0,1.0,1.0,1.0,0.6735439182299784,Full adaptation
q_1986,1.0,1.0,1.0,1.0,0.9421945763140686,Full adaptation
q_1987,1.0,1.0,1.0,1.0,0.929544338806268,Full adaptation
q_1988,1.0,1.0,1.0,1.0,1.0,Full adaptation
q_1989,1.0,1.0,1.0,1.0,0.6735439182299784,Full adaptation
q_1990,1.0,1.0,1.0,1.0,0.7871546029909718,Full adaptation
q_1991,1.0,1.0,1.0,1.0,0.7871546029909718,Full adaptation
q_1992,1.0,1.0,1.0,1.0,0.7871546029909718,Full adaptation
q_1993,1.0,1.0,1.0,1.0,0.7871546029909718,Full adaptation
q_1994,0.0,1.0,1.0,0.25,0.290079576414554,Full adaptation
q_1995,1.0,1.0,1.0,1.0,0.7871546029909718,Full adaptation
q_1996,1.0,1.0,1.0,1.0,0.7871546029909718,Full adaptation
q_1997,1.0,1.0,1.0,1.0,0.6735439182299784,Full adaptation
q_1998,1.0,1.0,1.0,1.0,0.6735439182299784,Full adaptation
q_1999,1.0,1.0,1.0,1.0,0.7871546029909718,Full adaptation
q_2000,0.0,1.0,1.0,0.2888888888888889,0.5290061457776803,Full adaptation
q_2001,1.0,1.0,1.0,1.0,0.95583058934618,Full adaptation
q_2002,1.0,1.0,1.0,1.0,0.7871546029909718,Full adaptation
q_2003,1.0,1.0,1.0,1.0,0.6735439182299784,Full adaptation
q_2004,1.0,1.0,1.0,1.0,0.7871546029909718,Full adaptation
q_2005,1.0,1.0,1.0,1.0,0.6735439182299784,Full adaptation
q_2006,0.0,1.0,1.0,0.5,0.5492787168117745,Full adaptation
q_2007,1.0,1.0,1.0,1.0,0.7871546029909718,Full adaptation
q_2008,1.0,1.0,1.0,1.0,0.7871546029909718,Full adaptation
q_2009,1.0,1.0,1.0,1.0,0.6735439182299784,Full adaptation
q_2010,0.0,0.0,1.0,0.15873015873015867,0.2743883738549164,Full adaptation
q_2011,1.0,1.0,1.0,1.0,0.6735439182299784,Full adaptation
q_2012,1.0,1.0,1.0,1.0,0.7871546029909718,Full adaptation
q_2013,0.0,1.0,1.0,0.3333333333333333,0.3367719591149892,Full adaptation
q_2014,1.0,1.0,1.0,1.0,0.7871546029909718,Full adaptation
q_2015,1.0,1.0,1.0,1.0,0.6735439182299784,Full adaptation
q_2016,1.0,1.0,1.0,1.0,0.7871546029909718,Full adaptation
q_2017,0.0,1.0,1.0,0.3333333333333333,0.3367719591149892,Full adaptation
q_2018,1.0,1.0,1.0,1.0,0.8196601327908163,Full adaptation
q_2019,1.0,1.0,1.0,1.0,0.6735439182299784,Full adaptation
q_2020,1.0,1.0,1.0,1.0,0.6735439182299784,Full adaptation
q_2021,1.0,1.0,1.0,1.0,0.6735439182299784,Full adaptation
q_2022,0.0,0.0,0.0,0.0,0.0,Full adaptation
q_2023,1.0,1.0,1.0,1.0,0.7871546029909718,Full adaptation
q_2024,1.0,1.0,1.0,1.0,0.6735439182299784,Full adaptation
q_2025,0.0,0.3333333333333333,1.0,0.22222222222222218,0.31811918513219267,Full adaptation
q_2026,1.0,1.0,1.0,1.0,0.8196601327908163,Full adaptation
q_2027,0.0,0.0,0.0,0.0,0.0,Full adaptation
q_2028,1.0,1.0,1.0,1.0,0.8556691603792904,Full adaptation
q_2029,0.0,0.0,0.0,0.0,0.0,Full adaptation
q_2030,1.0,1.0,1.0,1.0,0.7871546029909718,Full adaptation
q_2031,1.0,1.0,1.0,1.0,0.6735439182299784,Full adaptation
q_2032,1.0,1.0,1.0,1.0,0.6735439182299784,Full adaptation
q_2033,0.0,0.0,1.0,0.11574074074074074,0.20599776491424657,Full adaptation
q_2034,1.0,1.0,1.0,1.0,0.7871546029909718,Full adaptation
q_0001,1.0,1.0,1.0,1.0,0.7871546029909718,Prototype only
q_0002,1.0,1.0,1.0,1.0,0.8556691603792904,Prototype only
q_0003,1.0,1.0,1.0,1.0,0.7871546029909718,Prototype only
q_0004,1.0,1.0,1.0,1.0,0.7871546029909718,Prototype only
q_0005,1.0,1.0,1.0,1.0,0.6735439182299784,Prototype only
q_0006,1.0,1.0,1.0,1.0,0.6735439182299784,Prototype only
q_0007,1.0,1.0,1.0,1.0,0.6735439182299784,Prototype only
q_0008,0.0,0.0,0.0,0.0,0.0,Prototype only
q_0009,1.0,1.0,1.0,1.0,0.6735439182299784,Prototype only
q_0010,1.0,1.0,1.0,1.0,0.6735439182299784,Prototype only
q_0011,0.0,1.0,1.0,0.20000000000000004,0.3045129678946485,Prototype only
q_0012,1.0,1.0,1.0,1.0,0.6735439182299784,Prototype only
q_0013,0.0,0.0,0.0,0.0,0.0,Prototype only
q_0014,1.0,1.0,1.0,1.0,0.7871546029909718,Prototype only
q_0015,1.0,1.0,1.0,1.0,0.7697644779771182,Prototype only
q_0016,0.0,1.0,1.0,0.5,0.6609482977673544,Prototype only
q_0017,0.0,0.0,0.0,0.0,0.0,Prototype only
q_0018,1.0,1.0,1.0,1.0,0.6735439182299784,Prototype only
q_0019,0.0,1.0,1.0,0.25,0.723072095276683,Prototype only
q_0020,1.0,1.0,1.0,1.0,0.7871546029909718,Prototype only
q_0021,0.0,1.0,1.0,0.5,0.6653152460429406,Prototype only
q_0022,0.0,0.0,0.0,0.0,0.0,Prototype only
q_0023,1.0,1.0,1.0,1.0,0.9852768631153933,Prototype only
q_0024,1.0,1.0,1.0,1.0,0.7871546029909718,Prototype only
q_0025,0.0,1.0,1.0,0.5,0.42495889834839423,Prototype only
q_0026,0.0,1.0,1.0,0.20000000000000004,0.549224034804439,Prototype only
q_0027,1.0,1.0,1.0,1.0,0.6735439182299784,Prototype only
q_0028,1.0,1.0,1.0,1.0,0.7871546029909718,Prototype only
q_0029,1.0,1.0,1.0,1.0,0.6735439182299784,Prototype only
q_0030,1.0,1.0,1.0,1.0,0.6735439182299784,Prototype only
q_0031,1.0,1.0,1.0,1.0,0.6735439182299784,Prototype only
q_0032,1.0,1.0,1.0,1.0,0.7871546029909718,Prototype only
q_0033,1.0,1.0,1.0,1.0,0.6735439182299784,Prototype only
q_0034,1.0,1.0,1.0,1.0,0.7871546029909718,Prototype only
q_0035,1.0,1.0,1.0,1.0,0.6735439182299784,Prototype only
q_0036,1.0,1.0,1.0,1.0,0.7871546029909718,Prototype only
q_0037,1.0,1.0,1.0,1.0,0.7871546029909718,Prototype only
q_0038,1.0,1.0,1.0,1.0,0.7936469908574253,Prototype only
q_0039,0.0,0.0,1.0,0.1074074074074074,0.20007056710305363,Prototype only
q_0040,1.0,1.0,1.0,1.0,0.7871546029909718,Prototype only
q_0041,1.0,1.0,1.0,1.0,0.6735439182299784,Prototype only
q_0042,0.0,0.0,1.0,0.1428571428571428,0.2245146394099928,Prototype only
q_0043,1.0,1.0,1.0,1.0,0.7871546029909718,Prototype only
q_0044,0.0,1.0,1.0,0.25,0.3863001361616938,Prototype only
q_0045,1.0,1.0,1.0,1.0,0.7852134991855584,Prototype only
q_0046,0.0,1.0,1.0,0.5,0.6403413378864304,Prototype only
q_0047,1.0,1.0,1.0,1.0,0.8813056748679097,Prototype only
q_0048,1.0,1.0,1.0,1.0,0.7871546029909718,Prototype only
q_0049,1.0,1.0,1.0,1.0,0.6735439182299784,Prototype only
q_0050,0.0,1.0,1.0,0.3333333333333333,0.3367719591149892,Prototype only
q_0051,1.0,1.0,1.0,1.0,0.7342523322797492,Prototype only
q_0052,1.0,1.0,1.0,1.0,0.6735439182299784,Prototype only
q_0053,0.0,1.0,1.0,0.5,0.42495889834839423,Prototype only
q_0054,1.0,1.0,1.0,1.0,0.7871546029909718,Prototype only
q_0055,0.0,1.0,1.0,0.5,0.5692897379691039,Prototype only
q_0056,0.0,1.0,1.0,0.3333333333333333,0.3367719591149892,Prototype only
q_0057,1.0,1.0,1.0,1.0,0.7871546029909718,Prototype only
q_0058,0.0,1.0,1.0,0.3333333333333333,0.3367719591149892,Prototype only
q_0059,1.0,1.0,1.0,1.0,1.0,Prototype only
q_0060,1.0,1.0,1.0,1.0,0.8556691603792904,Prototype only
q_0061,0.0,0.0,1.0,0.10000000000000002,0.1946978557406183,Prototype only
q_0062,0.0,1.0,1.0,0.5,0.42495889834839423,Prototype only
q_0063,1.0,1.0,1.0,1.0,0.9402623938457912,Prototype only
q_0064,1.0,1.0,1.0,1.0,0.6735439182299784,Prototype only
q_0065,1.0,1.0,1.0,1.0,1.0,Prototype only
q_0066,0.0,0.0,1.0,0.1111111111111111,0.236957146725255,Prototype only
q_0067,1.0,1.0,1.0,1.0,0.6735439182299784,Prototype only
q_0068,1.0,1.0,1.0,1.0,0.95583058934618,Prototype only
q_0069,1.0,1.0,1.0,1.0,0.7291718770130123,Prototype only
q_0070,0.0,1.0,1.0,0.5,0.42495889834839423,Prototype only
q_0071,1.0,1.0,1.0,1.0,0.6735439182299784,Prototype only
q_0072,1.0,1.0,1.0,1.0,0.8178747578506881,Prototype only
q_0073,0.0,1.0,1.0,0.5,0.6030619581922464,Prototype only
q_0074,1.0,1.0,1.0,1.0,0.6735439182299784,Prototype only
q_0075,1.0,1.0,1.0,1.0,1.0,Prototype only
q_0076,0.0,0.3333333333333333,1.0,0.17777777777777773,0.28843107393191353,Prototype only
q_0077,0.0,0.0,1.0,0.1666666666666666,0.2399211845064163,Prototype only
q_0078,0.6666666666666666,1.0,1.0,0.8333333333333334,0.6903161552232252,Prototype only
q_0079,1.0,1.0,1.0,1.0,0.8130274785770752,Prototype only
q_0080,1.0,1.0,1.0,1.0,0.6735439182299784,Prototype only
q_0081,1.0,1.0,1.0,1.0,0.7871546029909718,Prototype only
q_0082,1.0,1.0,1.0,1.0,0.7604397422803805,Prototype only
q_0083,1.0,1.0,1.0,1.0,0.7871546029909718,Prototype only
q_0084,1.0,1.0,1.0,1.0,0.9206981226391524,Prototype only
q_0085,0.0,0.0,0.0,0.0,0.0,Prototype only
q_0086,1.0,1.0,1.0,1.0,0.7871546029909718,Prototype only
q_0087,1.0,1.0,1.0,1.0,0.6735439182299784,Prototype only
q_0088,0.0,1.0,1.0,0.5,0.42495889834839423,Prototype only
q_0089,0.0,0.0,0.0,0.0,0.1243198184633803,Prototype only
q_0090,1.0,1.0,1.0,1.0,0.6735439182299784,Prototype only
q_0091,1.0,1.0,1.0,1.0,0.7871546029909718,Prototype only
q_0092,0.0,1.0,1.0,0.5,0.42495889834839423,Prototype only
q_0093,0.0,1.0,1.0,0.20000000000000004,0.2605623555630197,Prototype only
q_0094,1.0,1.0,1.0,1.0,0.6735439182299784,Prototype only
q_0095,1.0,1.0,1.0,1.0,0.7763672830184426,Prototype only
q_0096,1.0,1.0,1.0,1.0,0.6735439182299784,Prototype only
q_0097,1.0,1.0,1.0,1.0,0.6735439182299784,Prototype only
q_0098,1.0,1.0,1.0,1.0,0.7871546029909718,Prototype only
q_0099,0.0,1.0,1.0,0.5,0.42495889834839423,Prototype only
q_0100,1.0,1.0,1.0,1.0,0.7604397422803805,Prototype only
q_0101,0.0,1.0,1.0,0.25,0.3390090350877799,Prototype only
q_0102,1.0,1.0,1.0,1.0,0.8556691603792904,Prototype only
q_0103,1.0,1.0,1.0,1.0,0.9799889788426704,Prototype only
q_0104,0.0,1.0,1.0,0.5,0.508400836522945,Prototype only
q_0105,1.0,1.0,1.0,1.0,0.6735439182299784,Prototype only
q_0106,0.0,1.0,1.0,0.3333333333333333,0.3367719591149892,Prototype only
q_0107,1.0,1.0,1.0,1.0,0.8556691603792904,Prototype only
q_0108,1.0,1.0,1.0,1.0,0.9324441894571632,Prototype only
q_0109,0.0,1.0,1.0,0.3333333333333333,0.3367719591149892,Prototype only
q_0110,1.0,1.0,1.0,1.0,0.6735439182299784,Prototype only
q_0111,0.0,1.0,1.0,0.25,0.3390090350877799,Prototype only
q_0112,1.0,1.0,1.0,1.0,0.7871546029909718,Prototype only
q_0113,1.0,1.0,1.0,1.0,0.6735439182299784,Prototype only
q_0114,0.0,1.0,1.0,0.5,0.4966392596877323,Prototype only
q_0115,1.0,1.0,1.0,1.0,0.8556691603792904,Prototype only
q_0116,1.0,1.0,1.0,1.0,0.7719654129908929,Prototype only
q_0117,0.0,0.0,1.0,0.1666666666666666,0.2399211845064163,Prototype only
q_0118,1.0,1.0,1.0,1.0,0.7871546029909718,Prototype only
q_0119,1.0,1.0,1.0,1.0,0.8045340770791353,Prototype only
q_0120,1.0,1.0,1.0,1.0,0.7871546029909718,Prototype only
q_0121,1.0,1.0,1.0,1.0,0.6735439182299784,Prototype only
q_0122,1.0,1.0,1.0,1.0,0.9176601606601068,Prototype only
q_0123,1.0,1.0,1.0,1.0,0.8556691603792904,Prototype only
q_0124,1.0,1.0,1.0,1.0,0.6735439182299784,Prototype only
q_0125,1.0,1.0,1.0,1.0,0.7871546029909718,Prototype only
q_0126,0.0,1.0,1.0,0.5,0.5692897379691039,Prototype only
q_0127,1.0,1.0,1.0,1.0,0.6735439182299784,Prototype only
q_0128,1.0,1.0,1.0,1.0,0.6735439182299784,Prototype only
q_0129,1.0,1.0,1.0,1.0,0.8178747578506881,Prototype only
q_0130,1.0,1.0,1.0,1.0,0.6735439182299784,Prototype only
q_0131,0.0,1.0,1.0,0.5,0.4966392596877323,Prototype only
q_0132,1.0,1.0,1.0,1.0,0.7025091929134458,Prototype only
q_0133,0.0,0.0,0.0,0.0,0.0,Prototype only
q_0134,1.0,1.0,1.0,1.0,0.6735439182299784,Prototype only
q_0135,1.0,1.0,1.0,1.0,0.7871546029909718,Prototype only
q_0136,0.0,1.0,1.0,0.25,0.290079576414554,Prototype only
q_0137,1.0,1.0,1.0,1.0,0.6735439182299784,Prototype only
q_0138,1.0,1.0,1.0,1.0,0.8887076658732239,Prototype only
q_0139,1.0,1.0,1.0,1.0,0.7871546029909718,Prototype only
q_0140,1.0,1.0,1.0,1.0,0.6735439182299784,Prototype only
q_0141,0.0,1.0,1.0,0.5,0.7136205775898136,Prototype only
q_0142,1.0,1.0,1.0,1.0,0.6735439182299784,Prototype only
q_0143,1.0,1.0,1.0,1.0,0.6735439182299784,Prototype only
q_0144,1.0,1.0,1.0,1.0,0.8178747578506881,Prototype only
q_0145,1.0,1.0,1.0,1.0,1.0,Prototype only
q_0146,1.0,1.0,1.0,1.0,0.7871546029909718,Prototype only
q_0147,1.0,1.0,1.0,1.0,0.6735439182299784,Prototype only
q_0148,1.0,1.0,1.0,1.0,0.6735439182299784,Prototype only
q_0149,1.0,1.0,1.0,1.0,0.914214040525235,Prototype only
q_0150,1.0,1.0,1.0,1.0,0.6735439182299784,Prototype only
q_0151,1.0,1.0,1.0,1.0,0.8556691603792904,Prototype only
q_0152,1.0,1.0,1.0,1.0,0.6735439182299784,Prototype only
q_0153,1.0,1.0,1.0,1.0,0.6735439182299784,Prototype only
q_0154,1.0,1.0,1.0,1.0,0.7871546029909718,Prototype only
q_0155,0.0,0.6666666666666666,1.0,0.21428571428571427,0.2682245974130336,Prototype only
q_0156,1.0,1.0,1.0,1.0,0.7604397422803805,Prototype only
q_0157,1.0,1.0,1.0,1.0,0.6735439182299784,Prototype only
q_0158,0.0,1.0,1.0,0.5,0.4966392596877323,Prototype only
q_0159,1.0,1.0,1.0,1.0,0.6735439182299784,Prototype only
q_0160,0.3333333333333333,1.0,1.0,0.6666666666666666,0.5934777074554788,Prototype only
q_0161,1.0,1.0,1.0,1.0,0.6735439182299784,Prototype only
q_0162,1.0,1.0,1.0,1.0,0.8556691603792904,Prototype only
q_0163,0.0,1.0,1.0,0.25,0.3390090350877799,Prototype only
q_0164,1.0,1.0,1.0,1.0,0.6735439182299784,Prototype only
q_0165,1.0,1.0,1.0,1.0,0.8178747578506881,Prototype only
q_0166,1.0,1.0,1.0,1.0,0.7763672830184426,Prototype only
q_0167,1.0,1.0,1.0,1.0,0.6735439182299784,Prototype only
q_0168,1.0,1.0,1.0,1.0,0.7871546029909718,Prototype only
q_0169,0.0,1.0,1.0,0.5,0.7136205775898136,Prototype only
q_0170,1.0,1.0,1.0,1.0,0.6735439182299784,Prototype only
q_0171,1.0,1.0,1.0,1.0,0.7871546029909718,Prototype only
q_0172,1.0,1.0,1.0,1.0,0.6735439182299784,Prototype only
q_0173,0.0,0.0,0.0,0.0,0.0,Prototype only
q_0174,0.0,0.0,0.0,0.0,0.0,Prototype only
q_0175,0.0,1.0,1.0,0.3333333333333333,0.3935773014954859,Prototype only
q_0176,1.0,1.0,1.0,1.0,0.7697644779771182,Prototype only
q_0177,1.0,1.0,1.0,1.0,0.7871546029909718,Prototype only
q_0178,0.0,0.0,1.0,0.1666666666666666,0.280390126950546,Prototype only
q_0179,1.0,1.0,1.0,1.0,1.0,Prototype only
q_0180,1.0,1.0,1.0,1.0,0.8556691603792904,Prototype only
q_0181,0.0,0.0,1.0,0.1666666666666666,0.2399211845064163,Prototype only
q_0182,0.0,1.0,1.0,0.5,0.4966392596877323,Prototype only
q_0183,1.0,1.0,1.0,1.0,1.0,Prototype only
q_0184,1.0,1.0,1.0,1.0,0.7871546029909718,Prototype only
q_0185,1.0,1.0,1.0,1.0,0.8178747578506881,Prototype only
q_0186,1.0,1.0,1.0,1.0,0.6735439182299784,Prototype only
q_0187,1.0,1.0,1.0,1.0,0.6735439182299784,Prototype only
q_0188,1.0,1.0,1.0,1.0,0.6735439182299784,Prototype only
q_0189,1.0,1.0,1.0,1.0,0.6735439182299784,Prototype only
q_0190,1.0,1.0,1.0,1.0,0.7871546029909718,Prototype only
q_0191,1.0,1.0,1.0,1.0,0.7871546029909718,Prototype only
q_0192,1.0,1.0,1.0,1.0,0.7871546029909718,Prototype only
q_0193,0.0,1.0,1.0,0.5,0.7136205775898136,Prototype only
q_0194,1.0,1.0,1.0,1.0,0.7871546029909718,Prototype only
q_0195,1.0,1.0,1.0,1.0,0.7871546029909718,Prototype only
q_0196,0.0,0.0,1.0,0.1111111111111111,0.236957146725255,Prototype only
q_0197,0.0,0.0,0.0,0.0,0.0,Prototype only
q_0198,1.0,1.0,1.0,1.0,0.7978637366933587,Prototype only
q_0199,0.0,1.0,1.0,0.25,0.3390090350877799,Prototype only
q_0200,0.0,1.0,1.0,0.5,0.4966392596877323,Prototype only
q_0201,1.0,1.0,1.0,1.0,0.8556691603792904,Prototype only
q_0202,0.0,0.0,1.0,0.1111111111111111,0.2027569227842713,Prototype only
q_0203,1.0,1.0,1.0,1.0,0.7871546029909718,Prototype only
q_0204,0.0,1.0,1.0,0.3333333333333333,0.3367719591149892,Prototype only
q_0205,0.0,1.0,1.0,0.5,0.42495889834839423,Prototype only
q_0206,1.0,1.0,1.0,1.0,0.6735439182299784,Prototype only
q_0207,0.0,1.0,1.0,0.5,0.4966392596877323,Prototype only
q_0208,1.0,1.0,1.0,1.0,0.6735439182299784,Prototype only
q_0209,0.0,0.0,0.0,0.0,0.08828475639181997,Prototype only
q_0210,0.0,1.0,1.0,0.25,0.3390090350877799,Prototype only
q_0211,0.0,1.0,1.0,0.5,0.42495889834839423,Prototype only
q_0212,1.0,1.0,1.0,1.0,0.6735439182299784,Prototype only
q_0213,0.0,0.0,1.0,0.1666666666666666,0.2399211845064163,Prototype only
q_0214,1.0,1.0,1.0,1.0,0.7871546029909718,Prototype only
q_0215,0.0,1.0,1.0,0.21666666666666667,0.3160116569590256,Prototype only
q_0216,0.0,0.0,0.0,0.0,0.0,Prototype only
q_0217,0.0,1.0,1.0,0.3055555555555555,0.32120783154817745,Prototype only
q_0218,0.0,1.0,1.0,0.27777777777777773,0.30564370398136576,Prototype only
q_0219,1.0,1.0,1.0,1.0,0.7871546029909718,Prototype only
q_0220,0.0,1.0,1.0,0.3333333333333333,0.4484415400705691,Prototype only
q_0221,1.0,1.0,1.0,1.0,0.7978637366933587,Prototype only
q_0222,0.0,0.0,0.0,0.0,0.0,Prototype only
q_0223,1.0,1.0,1.0,1.0,0.7763672830184426,Prototype only
q_0224,1.0,1.0,1.0,1.0,0.914095317597828,Prototype only
q_0225,1.0,1.0,1.0,1.0,0.7871546029909718,Prototype only
q_0226,1.0,1.0,1.0,1.0,0.7871546029909718,Prototype only
q_0227,1.0,1.0,1.0,1.0,0.900687101481823,Prototype only
q_0228,1.0,1.0,1.0,1.0,0.7978637366933587,Prototype only
q_0229,0.0,1.0,1.0,0.5,0.5492787168117745,Prototype only
q_0230,1.0,1.0,1.0,1.0,0.6735439182299784,Prototype only
q_0231,1.0,1.0,1.0,1.0,0.7871546029909718,Prototype only
q_0232,0.0,1.0,1.0,0.5,0.42495889834839423,Prototype only
q_0233,1.0,1.0,1.0,1.0,0.9715554871708035,Prototype only
q_0234,1.0,1.0,1.0,1.0,0.7871546029909718,Prototype only
q_0235,1.0,1.0,1.0,1.0,0.7604397422803805,Prototype only
q_0236,1.0,1.0,1.0,1.0,0.7871546029909718,Prototype only
q_0237,0.0,1.0,1.0,0.5,0.4966392596877323,Prototype only
q_0238,1.0,1.0,1.0,1.0,1.0,Prototype only
q_0239,1.0,1.0,1.0,1.0,0.8556691603792904,Prototype only
q_0240,1.0,1.0,1.0,1.0,0.6735439182299784,Prototype only
q_0241,0.0,0.0,0.0,0.0,0.0,Prototype only
q_0242,0.0,1.0,1.0,0.3333333333333333,0.3367719591149892,Prototype only
q_0243,1.0,1.0,1.0,1.0,0.7871546029909718,Prototype only
q_0244,1.0,1.0,1.0,1.0,0.7871546029909718,Prototype only
q_0245,1.0,1.0,1.0,1.0,0.6735439182299784,Prototype only
q_0246,0.0,0.0,1.0,0.1428571428571428,0.2623848676636572,Prototype only
q_0247,0.0,1.0,1.0,0.25,0.3390090350877799,Prototype only
q_0248,0.0,1.0,1.0,0.5,0.42495889834839423,Prototype only
q_0249,0.0,1.0,1.0,0.3333333333333333,0.6254336383564085,Prototype only
q_0250,1.0,1.0,1.0,1.0,0.6735439182299784,Prototype only
q_0251,1.0,1.0,1.0,1.0,0.7871546029909718,Prototype only
q_0252,1.0,1.0,1.0,1.0,0.7871546029909718,Prototype only
q_0253,1.0,1.0,1.0,1.0,0.7871546029909718,Prototype only
q_0254,1.0,1.0,1.0,1.0,0.7763672830184426,Prototype only
q_0255,0.0,0.0,0.0,0.0,0.0,Prototype only
q_0256,0.0,0.0,0.0,0.0,0.0,Prototype only
q_0257,1.0,1.0,1.0,1.0,0.7871546029909718,Prototype only
q_0258,1.0,1.0,1.0,1.0,0.8556691603792904,Prototype only
q_0259,1.0,1.0,1.0,1.0,0.7871546029909718,Prototype only
q_0260,1.0,1.0,1.0,1.0,0.6735439182299784,Prototype only
q_0261,1.0,1.0,1.0,1.0,0.6735439182299784,Prototype only
q_0262,1.0,1.0,1.0,1.0,0.7871546029909718,Prototype only
q_0263,0.0,0.0,1.0,0.13690476190476186,0.22050290933139424,Prototype only
q_0264,0.0,1.0,1.0,0.5,0.42495889834839423,Prototype only
q_0265,1.0,1.0,1.0,1.0,0.7871546029909718,Prototype only
q_0266,0.0,0.0,1.0,0.1263227513227513,0.5019120163642398,Prototype only
q_0267,0.0,0.0,0.0,0.0,0.0,Prototype only
q_0268,1.0,1.0,1.0,1.0,0.6735439182299784,Prototype only
q_0269,1.0,1.0,1.0,1.0,0.7871546029909718,Prototype only
q_0270,1.0,1.0,1.0,1.0,0.7871546029909718,Prototype only
q_0271,1.0,1.0,1.0,1.0,0.6735439182299784,Prototype only
q_0272,1.0,1.0,1.0,1.0,1.0,Prototype only
q_0273,1.0,1.0,1.0,1.0,0.95583058934618,Prototype only
q_0274,1.0,1.0,1.0,1.0,0.7978637366933587,Prototype only
q_0275,1.0,1.0,1.0,1.0,0.7871546029909718,Prototype only
q_0276,1.0,1.0,1.0,1.0,0.7871546029909718,Prototype only
q_0277,0.0,0.0,0.0,0.0,0.0,Prototype only
q_0278,0.0,0.0,1.0,0.1428571428571428,0.2245146394099928,Prototype only
q_0279,1.0,1.0,1.0,1.0,0.6735439182299784,Prototype only
q_0280,1.0,1.0,1.0,1.0,0.7871546029909718,Prototype only
q_0281,0.0,0.0,0.0,0.0,0.0,Prototype only
q_0282,1.0,1.0,1.0,1.0,0.7871546029909718,Prototype only
q_0283,1.0,1.0,1.0,1.0,0.6735439182299784,Prototype only
q_0284,1.0,1.0,1.0,1.0,0.7871546029909718,Prototype only
q_0285,1.0,1.0,1.0,1.0,0.975772233006737,Prototype only
q_0286,1.0,1.0,1.0,1.0,0.7871546029909718,Prototype only
q_0287,1.0,1.0,1.0,1.0,0.6735439182299784,Prototype only
q_0288,0.0,1.0,1.0,0.5,0.42495889834839423,Prototype only
q_0289,0.0,1.0,1.0,0.5,0.4966392596877323,Prototype only
q_0290,1.0,1.0,1.0,1.0,0.6735439182299784,Prototype only
q_0291,1.0,1.0,1.0,1.0,0.7618286746217985,Prototype only
q_0292,1.0,1.0,1.0,1.0,0.8556691603792904,Prototype only
q_0293,0.0,1.0,1.0,0.5,0.42495889834839423,Prototype only
q_0294,1.0,1.0,1.0,1.0,0.7871546029909718,Prototype only
q_0295,1.0,1.0,1.0,1.0,0.7871546029909718,Prototype only
q_0296,0.0,0.3333333333333333,1.0,0.17777777777777773,0.4200976891627945,Prototype only
q_0297,0.0,1.0,1.0,0.25,0.6090954626808586,Prototype only
q_0298,1.0,1.0,1.0,1.0,0.8556691603792904,Prototype only
q_0299,0.0,1.0,1.0,0.5,0.4966392596877323,Prototype only
q_0300,1.0,1.0,1.0,1.0,0.7871546029909718,Prototype only
q_0301,1.0,1.0,1.0,1.0,0.7569858564045292,Prototype only
q_0302,0.0,1.0,1.0,0.5,0.42495889834839423,Prototype only
q_0303,0.0,1.0,1.0,0.3333333333333333,0.3367719591149892,Prototype only
q_0304,0.0,0.0,0.0,0.0,0.0,Prototype only
q_0305,1.0,1.0,1.0,1.0,0.6735439182299784,Prototype only
q_0306,1.0,1.0,1.0,1.0,0.6735439182299784,Prototype only
q_0307,1.0,1.0,1.0,1.0,0.6735439182299784,Prototype only
q_0308,1.0,1.0,1.0,1.0,0.6735439182299784,Prototype only
q_0309,0.0,0.0,1.0,0.125,0.21247944917419712,Prototype only
q_0310,1.0,1.0,1.0,1.0,0.9206981226391524,Prototype only
q_0311,0.0,0.0,0.0,0.0,0.0,Prototype only
q_0312,1.0,1.0,1.0,1.0,0.7871546029909718,Prototype only
q_0313,0.0,0.0,0.0,0.0,0.0,Prototype only
q_0314,1.0,1.0,1.0,1.0,0.6735439182299784,Prototype only
q_0315,1.0,1.0,1.0,1.0,0.6735439182299784,Prototype only
q_0316,1.0,1.0,1.0,1.0,0.7871546029909718,Prototype only
q_0317,1.0,1.0,1.0,1.0,0.7871546029909718,Prototype only
q_0318,1.0,1.0,1.0,1.0,0.6735439182299784,Prototype only
q_0319,1.0,1.0,1.0,1.0,0.7871546029909718,Prototype only
q_0320,0.0,1.0,1.0,0.5,0.42495889834839423,Prototype only
q_0321,0.0,0.0,0.0,0.0,0.0,Prototype only
q_0322,1.0,1.0,1.0,1.0,0.6735439182299784,Prototype only
q_0323,1.0,1.0,1.0,1.0,0.7793160217408145,Prototype only
q_0324,1.0,1.0,1.0,1.0,0.6735439182299784,Prototype only
q_0325,1.0,1.0,1.0,1.0,0.7871546029909718,Prototype only
q_0326,0.0,1.0,1.0,0.5,0.42495889834839423,Prototype only
q_0327,0.0,1.0,1.0,0.5,0.7136205775898136,Prototype only
q_0328,0.0,0.0,0.0,0.0,0.0,Prototype only
q_0329,1.0,1.0,1.0,1.0,0.7871546029909718,Prototype only
q_0330,0.0,0.0,1.0,0.10000000000000002,0.1946978557406183,Prototype only
q_0331,1.0,1.0,1.0,1.0,0.7871546029909718,Prototype only
q_0332,1.0,1.0,1.0,1.0,0.6735439182299784,Prototype only
q_0333,0.0,0.0,1.0,0.15873015873015867,0.23478566947427515,Prototype only
q_0334,0.0,1.0,1.0,0.3333333333333333,0.8075588805057204,Prototype only
q_0335,0.0,1.0,1.0,0.5,0.42495889834839423,Prototype only
q_0336,1.0,1.0,1.0,1.0,0.916203658034715,Prototype only
q_0337,1.0,1.0,1.0,1.0,0.8556691603792904,Prototype only
q_0338,1.0,1.0,1.0,1.0,0.8556691603792904,Prototype only
q_0339,0.0,0.0,0.0,0.0,0.0,Prototype only
q_0340,0.0,1.0,1.0,0.5,0.4966392596877323,Prototype only
q_0341,1.0,1.0,1.0,1.0,0.6735439182299784,Prototype only
q_0342,0.0,0.0,0.0,0.0,0.0,Prototype only
q_0343,1.0,1.0,1.0,1.0,0.6735439182299784,Prototype only
q_0344,0.0,0.0,1.0,0.1111111111111111,0.2027569227842713,Prototype only
q_0345,1.0,1.0,1.0,1.0,0.6735439182299784,Prototype only
q_0346,1.0,1.0,1.0,1.0,1.0,Prototype only
q_0347,1.0,1.0,1.0,1.0,1.0,Prototype only
q_0348,1.0,1.0,1.0,1.0,0.7871546029909718,Prototype only
q_0349,1.0,1.0,1.0,1.0,1.0,Prototype only
q_0350,1.0,1.0,1.0,1.0,0.6735439182299784,Prototype only
q_0351,0.0,1.0,1.0,0.5,0.4966392596877323,Prototype only
q_0352,0.0,1.0,1.0,0.4166666666666667,0.37999912437044747,Prototype only
q_0353,0.0,0.0,0.0,0.0,0.1821252421493118,Prototype only
q_0354,0.0,0.0,0.0,0.0,0.0,Prototype only
q_0355,0.0,1.0,1.0,0.3333333333333333,0.3367719591149892,Prototype only
q_0356,0.0,1.0,1.0,0.5,0.42495889834839423,Prototype only
q_0357,1.0,1.0,1.0,1.0,0.7871546029909718,Prototype only
q_0358,1.0,1.0,1.0,1.0,0.6735439182299784,Prototype only
q_0359,1.0,1.0,1.0,1.0,0.7871546029909718,Prototype only
q_0360,1.0,1.0,1.0,1.0,0.6735439182299784,Prototype only
q_0361,1.0,1.0,1.0,1.0,0.6735439182299784,Prototype only
q_0362,0.0,0.0,0.0,0.0,0.0,Prototype only
q_0363,1.0,1.0,1.0,1.0,0.6735439182299784,Prototype only
q_0364,0.0,1.0,1.0,0.5,0.4966392596877323,Prototype only
q_0365,1.0,1.0,1.0,1.0,0.6735439182299784,Prototype only
q_0366,1.0,1.0,1.0,1.0,0.7871546029909718,Prototype only
q_0367,1.0,1.0,1.0,1.0,0.8556691603792904,Prototype only
q_0368,1.0,1.0,1.0,1.0,0.7871546029909718,Prototype only
q_0369,1.0,1.0,1.0,1.0,0.7871546029909718,Prototype only
q_0370,1.0,1.0,1.0,1.0,0.9324441894571632,Prototype only
q_0371,1.0,1.0,1.0,1.0,0.7871546029909718,Prototype only
q_0372,1.0,1.0,1.0,1.0,0.7871546029909718,Prototype only
q_0373,1.0,1.0,1.0,1.0,0.7871546029909718,Prototype only
q_0374,1.0,1.0,1.0,1.0,0.6735439182299784,Prototype only
q_0375,0.0,0.0,1.0,0.1666666666666666,0.2399211845064163,Prototype only
q_0376,0.0,1.0,1.0,0.5,0.42495889834839423,Prototype only
q_0377,1.0,1.0,1.0,1.0,1.0,Prototype only
q_0378,0.0,0.0,0.0,0.0,0.0,Prototype only
q_0379,1.0,1.0,1.0,1.0,0.7871546029909718,Prototype only
q_0380,0.0,1.0,1.0,0.5,0.42495889834839423,Prototype only
q_0381,0.0,0.0,0.0,0.0,0.0,Prototype only
q_0382,1.0,1.0,1.0,1.0,0.7871546029909718,Prototype only
q_0383,1.0,1.0,1.0,1.0,0.95583058934618,Prototype only
q_0384,1.0,1.0,1.0,1.0,0.6735439182299784,Prototype only
q_0385,0.0,0.0,0.0,0.0,0.0,Prototype only
q_0386,0.0,1.0,1.0,0.20000000000000004,0.3440042937375704,Prototype only
q_0387,0.0,0.0,1.0,0.10000000000000002,0.1946978557406183,Prototype only
q_0388,0.0,1.0,1.0,0.25,0.7608664978052854,Prototype only
q_0389,1.0,1.0,1.0,1.0,0.7871546029909718,Prototype only
q_0390,1.0,1.0,1.0,1.0,0.8556691603792904,Prototype only
q_0391,0.0,1.0,1.0,0.25,0.3390090350877799,Prototype only
q_0392,0.0,1.0,1.0,0.3333333333333333,0.3935773014954859,Prototype only
q_0393,0.0,1.0,1.0,0.3333333333333333,0.3935773014954859,Prototype only
q_0394,1.0,1.0,1.0,1.0,0.6735439182299784,Prototype only
q_0395,1.0,1.0,1.0,1.0,0.7871546029909718,Prototype only
q_0396,1.0,1.0,1.0,1.0,0.6735439182299784,Prototype only
q_0397,1.0,1.0,1.0,1.0,0.7871546029909718,Prototype only
q_0398,0.0,0.0,0.0,0.0,0.0,Prototype only
q_0399,1.0,1.0,1.0,1.0,0.7871546029909718,Prototype only
q_0400,1.0,1.0,1.0,1.0,0.6735439182299784,Prototype only
q_0401,0.0,0.0,0.0,0.0,0.0,Prototype only
q_0402,1.0,1.0,1.0,1.0,0.6735439182299784,Prototype only
q_0403,1.0,1.0,1.0,1.0,0.7871546029909718,Prototype only
q_0404,0.0,1.0,1.0,0.5,0.42495889834839423,Prototype only
q_0405,1.0,1.0,1.0,1.0,0.6735439182299784,Prototype only
q_0406,0.0,1.0,1.0,0.3333333333333333,0.3367719591149892,Prototype only
q_0407,0.0,1.0,1.0,0.3333333333333333,0.3935773014954859,Prototype only
q_0408,1.0,1.0,1.0,1.0,0.7871546029909718,Prototype only
q_0409,1.0,1.0,1.0,1.0,1.0,Prototype only
q_0410,1.0,1.0,1.0,1.0,0.7871546029909718,Prototype only
q_0411,1.0,1.0,1.0,1.0,0.7871546029909718,Prototype only
q_0412,0.0,1.0,1.0,0.5,0.5492787168117745,Prototype only
q_0413,0.0,1.0,1.0,0.5,0.42495889834839423,Prototype only
q_0414,0.0,1.0,1.0,0.5,0.4966392596877323,Prototype only
q_0415,1.0,1.0,1.0,1.0,0.7871546029909718,Prototype only
q_0416,0.0,0.0,0.0,0.0,0.0,Prototype only
q_0417,1.0,1.0,1.0,1.0,0.7871546029909718,Prototype only
q_0418,1.0,1.0,1.0,1.0,0.8556691603792904,Prototype only
q_0419,1.0,1.0,1.0,1.0,1.0,Prototype only
q_0420,1.0,1.0,1.0,1.0,0.7871546029909718,Prototype only
q_0421,0.0,0.0,0.0,0.0,0.09450124685631177,Prototype only
q_0422,1.0,1.0,1.0,1.0,0.9673387413348701,Prototype only
q_0423,1.0,1.0,1.0,1.0,0.7936469908574253,Prototype only
q_0424,1.0,1.0,1.0,1.0,0.7871546029909718,Prototype only
q_0425,0.0,1.0,1.0,0.5,0.4966392596877323,Prototype only
q_0426,1.0,1.0,1.0,1.0,0.6735439182299784,Prototype only
q_0427,1.0,1.0,1.0,1.0,0.6735439182299784,Prototype only
q_0428,1.0,1.0,1.0,1.0,0.7763672830184426,Prototype only
q_0429,0.0,0.0,0.0,0.0,0.0,Prototype only
q_0430,0.0,0.0,0.0,0.0,0.0,Prototype only
q_0431,1.0,1.0,1.0,1.0,0.9176601606601068,Prototype only
q_0432,1.0,1.0,1.0,1.0,0.8521656625906607,Prototype only
q_0433,0.0,1.0,1.0,0.3333333333333333,0.3935773014954859,Prototype only
q_0434,0.0,0.3333333333333333,1.0,0.1726190476190476,0.2832378441984344,Prototype only
q_0435,0.0,1.0,1.0,0.5,0.4966392596877323,Prototype only
q_0436,0.0,1.0,1.0,0.2888888888888889,0.3113687579309994,Prototype only
q_0437,0.0,0.0,0.0,0.0,0.0,Prototype only
q_0438,0.0,1.0,1.0,0.4444444444444444,0.4622852736236502,Prototype only
q_0439,1.0,1.0,1.0,1.0,1.0,Prototype only
q_0440,0.0,1.0,1.0,0.3611111111111111,0.3506034779593124,Prototype only
q_0441,1.0,1.0,1.0,1.0,1.0,Prototype only
q_0442,1.0,1.0,1.0,1.0,0.7871546029909718,Prototype only
q_0443,0.0,1.0,1.0,0.5,0.42495889834839423,Prototype only
q_0444,0.0,0.0,0.0,0.0,0.0,Prototype only
q_0445,0.0,0.0,0.0,0.0,0.0,Prototype only
q_0446,0.0,0.0,0.0,0.0,0.0,Prototype only
q_0447,1.0,1.0,1.0,1.0,0.6735439182299784,Prototype only
q_0448,1.0,1.0,1.0,1.0,0.6735439182299784,Prototype only
q_0449,1.0,1.0,1.0,1.0,0.7871546029909718,Prototype only
q_0450,0.0,1.0,1.0,0.5,0.4966392596877323,Prototype only
q_0451,1.0,1.0,1.0,1.0,0.6735439182299784,Prototype only
q_0452,1.0,1.0,1.0,1.0,1.0,Prototype only
q_0453,0.0,1.0,1.0,0.3333333333333333,0.6254336383564085,Prototype only
q_0454,1.0,1.0,1.0,1.0,1.0,Prototype only
q_0455,0.0,1.0,1.0,0.5,0.4966392596877323,Prototype only
q_0456,0.0,1.0,1.0,0.25,0.3390090350877799,Prototype only
q_0457,1.0,1.0,1.0,1.0,0.8178747578506881,Prototype only
q_0458,0.0,1.0,1.0,0.5,0.6240028228839981,Prototype only
q_0459,1.0,1.0,1.0,1.0,0.7978637366933587,Prototype only
q_0460,1.0,1.0,1.0,1.0,0.7871546029909718,Prototype only
q_0461,1.0,1.0,1.0,1.0,0.6735439182299784,Prototype only
q_0462,1.0,1.0,1.0,1.0,1.0,Prototype only
q_0463,1.0,1.0,1.0,1.0,0.7871546029909718,Prototype only
q_0464,1.0,1.0,1.0,1.0,0.7871546029909718,Prototype only
q_0465,1.0,1.0,1.0,1.0,1.0,Prototype only
q_0466,1.0,1.0,1.0,1.0,0.7871546029909718,Prototype only
q_0467,1.0,1.0,1.0,1.0,0.7871546029909718,Prototype only
q_0468,1.0,1.0,1.0,1.0,0.7871546029909718,Prototype only
q_0469,1.0,1.0,1.0,1.0,0.6735439182299784,Prototype only
q_0470,1.0,1.0,1.0,1.0,0.7871546029909718,Prototype only
q_0471,1.0,1.0,1.0,1.0,0.7871546029909718,Prototype only
q_0472,1.0,1.0,1.0,1.0,0.6735439182299784,Prototype only
q_0473,0.6666666666666666,1.0,1.0,0.8333333333333334,0.590682244936117,Prototype only
q_0474,1.0,1.0,1.0,1.0,0.7871546029909718,Prototype only
q_0475,0.0,1.0,1.0,0.3333333333333333,0.3367719591149892,Prototype only
q_0476,1.0,1.0,1.0,1.0,0.7871546029909718,Prototype only
q_0477,1.0,1.0,1.0,1.0,1.0,Prototype only
q_0478,1.0,1.0,1.0,1.0,0.7871546029909718,Prototype only
q_0479,1.0,1.0,1.0,1.0,0.8556691603792904,Prototype only
q_0480,1.0,1.0,1.0,1.0,0.7871546029909718,Prototype only
q_0481,0.0,1.0,1.0,0.5,0.4966392596877323,Prototype only
q_0482,1.0,1.0,1.0,1.0,0.7871546029909718,Prototype only
q_0483,0.0,1.0,1.0,0.25,0.4722048185638658,Prototype only
q_0484,1.0,1.0,1.0,1.0,0.7871546029909718,Prototype only
q_0485,1.0,1.0,1.0,1.0,0.7871546029909718,Prototype only
q_0486,1.0,1.0,1.0,1.0,0.6735439182299784,Prototype only
q_0487,1.0,1.0,1.0,1.0,1.0,Prototype only
q_0488,1.0,1.0,1.0,1.0,0.7871546029909718,Prototype only
q_0489,1.0,1.0,1.0,1.0,0.7871546029909718,Prototype only
q_0490,0.0,0.0,1.0,0.1111111111111111,0.2027569227842713,Prototype only
q_0491,1.0,1.0,1.0,1.0,0.6735439182299784,Prototype only
q_0492,1.0,1.0,1.0,1.0,0.6735439182299784,Prototype only
q_0493,1.0,1.0,1.0,1.0,0.6735439182299784,Prototype only
q_0494,0.0,0.0,0.0,0.0,0.0,Prototype only
q_0495,1.0,1.0,1.0,1.0,0.95188972012643,Prototype only
q_0496,1.0,1.0,1.0,1.0,0.6735439182299784,Prototype only
q_0497,1.0,1.0,1.0,1.0,0.7978637366933587,Prototype only
q_0498,0.0,1.0,1.0,0.25,0.290079576414554,Prototype only
q_0499,1.0,1.0,1.0,1.0,0.6735439182299784,Prototype only
q_0500,1.0,1.0,1.0,1.0,0.6735439182299784,Prototype only
q_0501,1.0,1.0,1.0,1.0,0.6735439182299784,Prototype only
q_0502,1.0,1.0,1.0,1.0,0.6735439182299784,Prototype only
q_0503,0.0,1.0,1.0,0.5,0.42495889834839423,Prototype only
q_0504,1.0,1.0,1.0,1.0,0.8556691603792904,Prototype only
q_0505,1.0,1.0,1.0,1.0,0.7978637366933587,Prototype only
q_0506,1.0,1.0,1.0,1.0,1.0,Prototype only
q_0507,1.0,1.0,1.0,1.0,0.7871546029909718,Prototype only
q_0508,1.0,1.0,1.0,1.0,0.6735439182299784,Prototype only
q_0509,1.0,1.0,1.0,1.0,0.7697644779771182,Prototype only
q_0510,1.0,1.0,1.0,1.0,0.6735439182299784,Prototype only
q_0511,1.0,1.0,1.0,1.0,0.7719654129908929,Prototype only
q_0512,1.0,1.0,1.0,1.0,0.7763672830184426,Prototype only
q_0513,1.0,1.0,1.0,1.0,0.8178747578506881,Prototype only
q_0514,1.0,1.0,1.0,1.0,0.6735439182299784,Prototype only
q_0515,1.0,1.0,1.0,1.0,0.7871546029909718,Prototype only
q_0516,1.0,1.0,1.0,1.0,0.9402396560868356,Prototype only
q_0517,1.0,1.0,1.0,1.0,0.6735439182299784,Prototype only
q_0518,1.0,1.0,1.0,1.0,0.6735439182299784,Prototype only
q_0519,1.0,1.0,1.0,1.0,0.6735439182299784,Prototype only
q_0520,1.0,1.0,1.0,1.0,0.6735439182299784,Prototype only
q_0521,1.0,1.0,1.0,1.0,0.6735439182299784,Prototype only
q_0522,0.0,1.0,1.0,0.5,0.4527728777399111,Prototype only
q_0523,1.0,1.0,1.0,1.0,0.7604397422803805,Prototype only
q_0524,1.0,1.0,1.0,1.0,0.6735439182299784,Prototype only
q_0525,1.0,1.0,1.0,1.0,0.6735439182299784,Prototype only
q_0526,1.0,1.0,1.0,1.0,0.6735439182299784,Prototype only
q_0527,1.0,1.0,1.0,1.0,0.6735439182299784,Prototype only
q_0528,0.0,1.0,1.0,0.3333333333333333,0.44034312761205047,Prototype only
q_0529,1.0,1.0,1.0,1.0,0.6735439182299784,Prototype only
q_0530,1.0,1.0,1.0,1.0,0.7013578976214955,Prototype only
q_0531,0.3333333333333333,1.0,1.0,0.6666666666666666,0.6321403901056359,Prototype only
q_0532,1.0,1.0,1.0,1.0,0.6735439182299784,Prototype only
q_0533,1.0,1.0,1.0,1.0,0.6735439182299784,Prototype only
q_0534,0.0,1.0,1.0,0.20000000000000004,0.2605623555630197,Prototype only
q_0535,1.0,1.0,1.0,1.0,0.8556691603792904,Prototype only
q_0536,0.6666666666666666,1.0,1.0,0.8333333333333334,0.590682244936117,Prototype only
q_0537,1.0,1.0,1.0,1.0,0.6735439182299784,Prototype only
q_0538,1.0,1.0,1.0,1.0,0.6735439182299784,Prototype only
q_0539,0.0,1.0,1.0,0.25,0.290079576414554,Prototype only
q_0540,0.0,0.0,1.0,0.1428571428571428,0.2245146394099928,Prototype only
q_0541,0.0,0.0,0.0,0.0,0.0,Prototype only
q_0542,0.0,0.0,1.0,0.1666666666666666,0.2399211845064163,Prototype only
q_0543,1.0,1.0,1.0,1.0,0.7741663480046679,Prototype only
q_0544,0.0,0.0,0.0,0.0,0.0,Prototype only
q_0545,1.0,1.0,1.0,1.0,0.6735439182299784,Prototype only
q_0546,1.0,1.0,1.0,1.0,0.95583058934618,Prototype only
q_0547,1.0,1.0,1.0,1.0,0.8178747578506881,Prototype only
q_0548,1.0,1.0,1.0,1.0,0.6735439182299784,Prototype only
q_0549,1.0,1.0,1.0,1.0,0.6735439182299784,Prototype only
q_0550,1.0,1.0,1.0,1.0,0.7871546029909718,Prototype only
q_0551,1.0,1.0,1.0,1.0,0.914095317597828,Prototype only
q_0552,1.0,1.0,1.0,1.0,0.6735439182299784,Prototype only
q_0553,1.0,1.0,1.0,1.0,0.6735439182299784,Prototype only
q_0554,0.0,0.0,0.0,0.0,0.2886616792414193,Prototype only
q_0555,0.0,0.0,0.0,0.0,0.0,Prototype only
q_0556,0.0,0.0,0.0,0.0,0.0,Prototype only
q_0557,0.0,1.0,1.0,0.21666666666666667,0.4924542091040105,Prototype only
q_0558,1.0,1.0,1.0,1.0,0.6735439182299784,Prototype only
q_0559,1.0,1.0,1.0,1.0,0.6735439182299784,Prototype only
q_0560,1.0,1.0,1.0,1.0,0.7763672830184426,Prototype only
q_0561,0.0,1.0,1.0,0.5,0.8579514172105233,Prototype only
q_0562,0.0,0.0,0.0,0.0,0.0,Prototype only
q_0563,0.0,0.0,0.0,0.0,0.0,Prototype only
q_0564,1.0,1.0,1.0,1.0,0.7871546029909718,Prototype only
q_0565,0.0,0.0,0.0,0.0,0.33735197271041645,Prototype only
q_0566,1.0,1.0,1.0,1.0,0.7871546029909718,Prototype only
q_0567,1.0,1.0,1.0,1.0,0.7604397422803805,Prototype only
q_0568,1.0,1.0,1.0,1.0,0.6735439182299784,Prototype only
q_0569,1.0,1.0,1.0,1.0,0.6735439182299784,Prototype only
q_0570,1.0,1.0,1.0,1.0,0.6735439182299784,Prototype only
q_0571,1.0,1.0,1.0,1.0,1.0,Prototype only
q_0572,1.0,1.0,1.0,1.0,0.9799889788426704,Prototype only
q_0573,1.0,1.0,1.0,1.0,0.7763672830184426,Prototype only
q_0574,1.0,1.0,1.0,1.0,0.7871546029909718,Prototype only
q_0575,1.0,1.0,1.0,1.0,0.9673387413348701,Prototype only
q_0576,1.0,1.0,1.0,1.0,0.9176601606601068,Prototype only
q_0577,1.0,1.0,1.0,1.0,0.6735439182299784,Prototype only
q_0578,1.0,1.0,1.0,1.0,0.6735439182299784,Prototype only
q_0579,1.0,1.0,1.0,1.0,0.7871546029909718,Prototype only
q_0580,1.0,1.0,1.0,1.0,0.8112044174649116,Prototype only
q_0581,1.0,1.0,1.0,1.0,0.6735439182299784,Prototype only
q_0582,1.0,1.0,1.0,1.0,0.6735439182299784,Prototype only
q_0583,1.0,1.0,1.0,1.0,0.7871546029909718,Prototype only
q_0584,1.0,1.0,1.0,1.0,0.6735439182299784,Prototype only
q_0585,0.0,1.0,1.0,0.20000000000000004,0.2605623555630197,Prototype only
q_0586,0.0,1.0,1.0,0.4444444444444444,0.39556325193725916,Prototype only
q_0587,1.0,1.0,1.0,1.0,0.6735439182299784,Prototype only
q_0588,0.0,0.0,1.0,0.1428571428571428,0.2245146394099928,Prototype only
q_0589,1.0,1.0,1.0,1.0,0.6735439182299784,Prototype only
q_0590,0.0,1.0,1.0,0.3055555555555555,0.3753878793595839,Prototype only
q_0591,1.0,1.0,1.0,1.0,0.6735439182299784,Prototype only
q_0592,1.0,1.0,1.0,1.0,1.0,Prototype only
q_0593,1.0,1.0,1.0,1.0,0.8556691603792904,Prototype only
q_0594,1.0,1.0,1.0,1.0,0.7871546029909718,Prototype only
q_0595,0.0,1.0,1.0,0.5,0.42495889834839423,Prototype only
q_0596,1.0,1.0,1.0,1.0,0.7871546029909718,Prototype only
q_0597,1.0,1.0,1.0,1.0,0.8178747578506881,Prototype only
q_0598,1.0,1.0,1.0,1.0,0.9176601606601068,Prototype only
q_0599,1.0,1.0,1.0,1.0,0.6735439182299784,Prototype only
q_0600,0.0,0.0,0.0,0.0,0.33735197271041645,Prototype only
q_0601,0.0,1.0,1.0,0.5,0.8339912323981488,Prototype only
q_0602,1.0,1.0,1.0,1.0,0.8556691603792904,Prototype only
q_0603,1.0,1.0,1.0,1.0,0.7871546029909718,Prototype only
q_0604,0.0,0.0,1.0,0.12169312169312167,0.24543305370472238,Prototype only
q_0605,1.0,1.0,1.0,1.0,0.6735439182299784,Prototype only
q_0606,1.0,1.0,1.0,1.0,0.6735439182299784,Prototype only
q_0607,1.0,1.0,1.0,1.0,0.7871546029909718,Prototype only
q_0608,1.0,1.0,1.0,1.0,0.7697644779771182,Prototype only
q_0609,0.0,1.0,1.0,0.25,0.290079576414554,Prototype only
q_0610,1.0,1.0,1.0,1.0,0.8178747578506881,Prototype only
q_0611,1.0,1.0,1.0,1.0,0.7978637366933587,Prototype only
q_0612,0.0,1.0,1.0,0.5,0.42495889834839423,Prototype only
q_0613,0.0,1.0,1.0,0.5,0.6653152460429406,Prototype only
q_0614,1.0,1.0,1.0,1.0,0.6735439182299784,Prototype only
q_0615,1.0,1.0,1.0,1.0,0.6735439182299784,Prototype only
q_0616,1.0,1.0,1.0,1.0,0.6735439182299784,Prototype only
q_0617,1.0,1.0,1.0,1.0,0.8556691603792904,Prototype only
q_0618,1.0,1.0,1.0,1.0,0.7871546029909718,Prototype only
q_0619,1.0,1.0,1.0,1.0,0.8556691603792904,Prototype only
q_0620,1.0,1.0,1.0,1.0,0.8178747578506881,Prototype only
q_0621,0.0,1.0,1.0,0.3333333333333333,0.3367719591149892,Prototype only
q_0622,1.0,1.0,1.0,1.0,0.6735439182299784,Prototype only
q_0623,1.0,1.0,1.0,1.0,0.7871546029909718,Prototype only
q_0624,0.0,1.0,1.0,0.5,0.7136205775898136,Prototype only
q_0625,0.0,1.0,1.0,0.5,0.4966392596877323,Prototype only
q_0626,1.0,1.0,1.0,1.0,0.6735439182299784,Prototype only
q_0627,1.0,1.0,1.0,1.0,0.8178747578506881,Prototype only
q_0628,1.0,1.0,1.0,1.0,0.8556691603792904,Prototype only
q_0629,1.0,1.0,1.0,1.0,0.6735439182299784,Prototype only
q_0630,1.0,1.0,1.0,1.0,0.8532064161516691,Prototype only
q_0631,1.0,1.0,1.0,1.0,0.6735439182299784,Prototype only
q_0632,1.0,1.0,1.0,1.0,0.7871546029909718,Prototype only
q_0633,1.0,1.0,1.0,1.0,0.7697644779771182,Prototype only
q_0634,1.0,1.0,1.0,1.0,1.0,Prototype only
q_0635,1.0,1.0,1.0,1.0,0.6735439182299784,Prototype only
q_0636,1.0,1.0,1.0,1.0,0.6735439182299784,Prototype only
q_0637,1.0,1.0,1.0,1.0,0.6735439182299784,Prototype only
q_0638,1.0,1.0,1.0,1.0,0.8556691603792904,Prototype only
q_0639,1.0,1.0,1.0,1.0,0.7871546029909718,Prototype only
q_0640,0.0,0.0,1.0,0.13888888888888887,0.22162669428493684,Prototype only
q_0641,0.0,0.0,1.0,0.1666666666666666,0.2399211845064163,Prototype only
q_0642,0.0,1.0,1.0,0.5,0.42495889834839423,Prototype only
q_0643,1.0,1.0,1.0,1.0,0.7871546029909718,Prototype only
q_0644,1.0,1.0,1.0,1.0,0.6735439182299784,Prototype only
q_0645,1.0,1.0,1.0,1.0,0.6735439182299784,Prototype only
q_0646,0.0,1.0,1.0,0.25,0.290079576414554,Prototype only
q_0647,1.0,1.0,1.0,1.0,0.6735439182299784,Prototype only
q_0648,1.0,1.0,1.0,1.0,0.7871546029909718,Prototype only
q_0649,0.0,1.0,1.0,0.20000000000000004,0.2605623555630197,Prototype only
q_0650,0.0,1.0,1.0,0.3333333333333333,0.3367719591149892,Prototype only
q_0651,1.0,1.0,1.0,1.0,0.6735439182299784,Prototype only
q_0652,1.0,1.0,1.0,1.0,0.6735439182299784,Prototype only
q_0653,1.0,1.0,1.0,1.0,0.7871546029909718,Prototype only
q_0654,0.0,1.0,1.0,0.3333333333333333,0.3367719591149892,Prototype only
q_0655,0.0,1.0,1.0,0.3333333333333333,0.46109177757836955,Prototype only
q_0656,1.0,1.0,1.0,1.0,0.95583058934618,Prototype only
q_0657,1.0,1.0,1.0,1.0,0.6735439182299784,Prototype only
q_0658,1.0,1.0,1.0,1.0,0.7871546029909718,Prototype only
q_0659,1.0,1.0,1.0,1.0,0.6735439182299784,Prototype only
q_0660,0.0,0.0,0.0,0.0,0.0,Prototype only
q_0661,0.0,0.0,0.0,0.0,0.0,Prototype only
q_0662,0.0,1.0,1.0,0.5,0.4966392596877323,Prototype only
q_0663,0.0,1.0,1.0,0.5,0.42495889834839423,Prototype only
q_0664,1.0,1.0,1.0,1.0,0.6735439182299784,Prototype only
q_0665,1.0,1.0,1.0,1.0,0.6735439182299784,Prototype only
q_0666,0.0,1.0,1.0,0.5,0.42495889834839423,Prototype only
q_0667,1.0,1.0,1.0,1.0,0.7871546029909718,Prototype only
q_0668,1.0,1.0,1.0,1.0,0.6735439182299784,Prototype only
q_0669,1.0,1.0,1.0,1.0,0.6735439182299784,Prototype only
q_0670,1.0,1.0,1.0,1.0,0.945342849112528,Prototype only
q_0671,1.0,1.0,1.0,1.0,0.929544338806268,Prototype only
q_0672,1.0,1.0,1.0,1.0,1.0,Prototype only
q_0673,1.0,1.0,1.0,1.0,0.6735439182299784,Prototype only
q_0674,1.0,1.0,1.0,1.0,0.8178747578506881,Prototype only
q_0675,1.0,1.0,1.0,1.0,0.7871546029909718,Prototype only
q_0676,0.0,1.0,1.0,0.5,0.42495889834839423,Prototype only
q_0677,0.0,1.0,1.0,0.20000000000000004,0.3045129678946485,Prototype only
q_0678,0.0,1.0,1.0,0.20000000000000004,0.3045129678946485,Prototype only
q_0679,1.0,1.0,1.0,1.0,0.6735439182299784,Prototype only
q_0680,1.0,1.0,1.0,1.0,0.7871546029909718,Prototype only
q_0681,1.0,1.0,1.0,1.0,1.0,Prototype only
q_0682,1.0,1.0,1.0,1.0,0.7871546029909718,Prototype only
q_0683,1.0,1.0,1.0,1.0,0.6735439182299784,Prototype only
q_0684,1.0,1.0,1.0,1.0,0.6735439182299784,Prototype only
q_0685,1.0,1.0,1.0,1.0,0.6735439182299784,Prototype only
q_0686,1.0,1.0,1.0,1.0,0.7871546029909718,Prototype only
q_0687,0.0,1.0,1.0,0.5,0.42495889834839423,Prototype only
q_0688,1.0,1.0,1.0,1.0,0.6735439182299784,Prototype only
q_0689,1.0,1.0,1.0,1.0,0.6735439182299784,Prototype only
q_0690,1.0,1.0,1.0,1.0,0.7871546029909718,Prototype only
q_0691,0.0,0.0,1.0,0.11574074074074074,0.3176673458698264,Prototype only
q_0692,0.0,1.0,1.0,0.5,0.5955013402481719,Prototype only
q_0693,1.0,1.0,1.0,1.0,0.7871546029909718,Prototype only
q_0694,1.0,1.0,1.0,1.0,0.6735439182299784,Prototype only
q_0695,1.0,1.0,1.0,1.0,0.7871546029909718,Prototype only
q_0696,1.0,1.0,1.0,1.0,0.7871546029909718,Prototype only
q_0697,1.0,1.0,1.0,1.0,0.6735439182299784,Prototype only
q_0698,0.0,1.0,1.0,0.5,0.4966392596877323,Prototype only
q_0699,0.6666666666666666,1.0,1.0,0.8333333333333334,0.6903161552232254,Prototype only
q_0700,1.0,1.0,1.0,1.0,0.6735439182299784,Prototype only
q_0701,1.0,1.0,1.0,1.0,0.7871546029909718,Prototype only
q_0702,1.0,1.0,1.0,1.0,0.6735439182299784,Prototype only
q_0703,0.0,1.0,1.0,0.38888888888888884,0.42793128755956805,Prototype only
q_0704,1.0,1.0,1.0,1.0,0.7871546029909718,Prototype only
q_0705,0.0,1.0,1.0,0.5,0.42495889834839423,Prototype only
q_0706,1.0,1.0,1.0,1.0,0.7871546029909718,Prototype only
q_0707,0.0,1.0,1.0,0.20000000000000004,0.2605623555630197,Prototype only
q_0708,0.0,0.0,1.0,0.1037037037037037,0.19738421142183596,Prototype only
q_0709,1.0,1.0,1.0,1.0,0.7871546029909718,Prototype only
q_0710,0.0,1.0,1.0,0.3333333333333333,0.3367719591149892,Prototype only
q_0711,0.0,0.0,1.0,0.1428571428571428,0.2245146394099928,Prototype only
q_0712,1.0,1.0,1.0,1.0,0.6735439182299784,Prototype only
q_0713,1.0,1.0,1.0,1.0,0.7871546029909718,Prototype only
q_0714,1.0,1.0,1.0,1.0,0.7871546029909718,Prototype only
q_0715,1.0,1.0,1.0,1.0,0.8178747578506881,Prototype only
q_0716,1.0,1.0,1.0,1.0,0.6735439182299784,Prototype only
q_0717,1.0,1.0,1.0,1.0,0.914095317597828,Prototype only
q_0718,1.0,1.0,1.0,1.0,0.6735439182299784,Prototype only
q_0719,1.0,1.0,1.0,1.0,0.6735439182299784,Prototype only
q_0720,1.0,1.0,1.0,1.0,0.6735439182299784,Prototype only
q_0721,1.0,1.0,1.0,1.0,0.6735439182299784,Prototype only
q_0722,1.0,1.0,1.0,1.0,0.7871546029909718,Prototype only
q_0723,0.0,1.0,1.0,0.27777777777777773,0.30564370398136576,Prototype only
q_0724,0.0,1.0,1.0,0.3333333333333333,0.3935773014954859,Prototype only
q_0725,1.0,1.0,1.0,1.0,0.7871546029909718,Prototype only
q_0726,1.0,1.0,1.0,1.0,0.9176601606601068,Prototype only
q_0727,0.6666666666666666,1.0,1.0,0.8333333333333334,0.7350130845568267,Prototype only
q_0728,0.0,1.0,1.0,0.3333333333333333,0.3935773014954859,Prototype only
q_0729,0.0,1.0,1.0,0.5,0.4966392596877323,Prototype only
q_0730,1.0,1.0,1.0,1.0,0.6735439182299784,Prototype only
q_0731,1.0,1.0,1.0,1.0,0.7871546029909718,Prototype only
q_0732,1.0,1.0,1.0,1.0,0.6735439182299784,Prototype only
q_0733,1.0,1.0,1.0,1.0,0.6735439182299784,Prototype only
q_0734,0.0,1.0,1.0,0.5,0.42495889834839423,Prototype only
q_0735,1.0,1.0,1.0,1.0,0.6735439182299784,Prototype only
q_0736,1.0,1.0,1.0,1.0,0.6735439182299784,Prototype only
q_0737,1.0,1.0,1.0,1.0,0.6735439182299784,Prototype only
q_0738,1.0,1.0,1.0,1.0,0.6735439182299784,Prototype only
q_0739,1.0,1.0,1.0,1.0,0.6735439182299784,Prototype only
q_0740,1.0,1.0,1.0,1.0,0.6735439182299784,Prototype only
q_0741,1.0,1.0,1.0,1.0,0.7871546029909718,Prototype only
q_0742,1.0,1.0,1.0,1.0,0.7871546029909718,Prototype only
q_0743,1.0,1.0,1.0,1.0,0.7871546029909718,Prototype only
q_0744,1.0,1.0,1.0,1.0,0.7871546029909718,Prototype only
q_0745,1.0,1.0,1.0,1.0,0.7871546029909718,Prototype only
q_0746,1.0,1.0,1.0,1.0,0.7871546029909718,Prototype only
q_0747,1.0,1.0,1.0,1.0,0.7871546029909718,Prototype only
q_0748,1.0,1.0,1.0,1.0,0.7871546029909718,Prototype only
q_0749,1.0,1.0,1.0,1.0,0.6735439182299784,Prototype only
q_0750,1.0,1.0,1.0,1.0,0.6735439182299784,Prototype only
q_0751,0.0,1.0,1.0,0.5,0.8339912323981488,Prototype only
q_0752,1.0,1.0,1.0,1.0,0.7871546029909718,Prototype only
q_0753,1.0,1.0,1.0,1.0,0.7871546029909718,Prototype only
q_0754,1.0,1.0,1.0,1.0,0.6735439182299784,Prototype only
q_0755,0.0,0.0,0.0,0.0,0.0,Prototype only
q_0756,1.0,1.0,1.0,1.0,0.95583058934618,Prototype only
q_0757,1.0,1.0,1.0,1.0,0.6735439182299784,Prototype only
q_0758,1.0,1.0,1.0,1.0,0.7871546029909718,Prototype only
q_0759,1.0,1.0,1.0,1.0,0.7871546029909718,Prototype only
q_0760,1.0,1.0,1.0,1.0,0.7871546029909718,Prototype only
q_0761,1.0,1.0,1.0,1.0,0.7871546029909718,Prototype only
q_0762,1.0,1.0,1.0,1.0,0.7871546029909718,Prototype only
q_0763,0.0,0.0,0.0,0.0,0.1452895864661914,Prototype only
q_0764,0.0,0.0,0.0,0.0,0.0,Prototype only
q_0765,1.0,1.0,1.0,1.0,0.6735439182299784,Prototype only
q_0766,1.0,1.0,1.0,1.0,0.7871546029909718,Prototype only
q_0767,0.0,0.0,0.0,0.0,0.0,Prototype only
q_0768,1.0,1.0,1.0,1.0,0.7871546029909718,Prototype only
q_0769,1.0,1.0,1.0,1.0,0.7871546029909718,Prototype only
q_0770,1.0,1.0,1.0,1.0,0.7871546029909718,Prototype only
q_0771,0.0,1.0,1.0,0.5,0.4966392596877323,Prototype only
q_0772,1.0,1.0,1.0,1.0,0.7871546029909718,Prototype only
q_0773,1.0,1.0,1.0,1.0,0.7793160217408145,Prototype only
q_0774,0.0,1.0,1.0,0.5,0.4966392596877323,Prototype only
q_0775,1.0,1.0,1.0,1.0,0.7871546029909718,Prototype only
q_0776,1.0,1.0,1.0,1.0,0.7871546029909718,Prototype only
q_0777,1.0,1.0,1.0,1.0,0.7871546029909718,Prototype only
q_0778,1.0,1.0,1.0,1.0,0.6735439182299784,Prototype only
q_0779,0.0,1.0,1.0,0.5,0.42495889834839423,Prototype only
q_0780,0.0,1.0,1.0,0.5,0.4966392596877323,Prototype only
q_0781,1.0,1.0,1.0,1.0,0.7871546029909718,Prototype only
q_0782,1.0,1.0,1.0,1.0,0.7871546029909718,Prototype only
q_0783,1.0,1.0,1.0,1.0,0.6735439182299784,Prototype only
q_0784,0.0,0.0,1.0,0.1666666666666666,0.280390126950546,Prototype only
q_0785,0.0,0.6666666666666666,1.0,0.18095238095238095,0.2904702678176514,Prototype only
q_0786,1.0,1.0,1.0,1.0,0.6735439182299784,Prototype only
q_0787,0.0,0.0,0.0,0.0,0.0,Prototype only
q_0788,1.0,1.0,1.0,1.0,0.6735439182299784,Prototype only
q_0789,1.0,1.0,1.0,1.0,0.6735439182299784,Prototype only
q_0790,1.0,1.0,1.0,1.0,1.0,Prototype only
q_0791,0.0,1.0,1.0,0.20000000000000004,0.3045129678946485,Prototype only
q_0792,1.0,1.0,1.0,1.0,0.8873621747123178,Prototype only
q_0793,1.0,1.0,1.0,1.0,0.7871546029909718,Prototype only
q_0794,1.0,1.0,1.0,1.0,0.7871546029909718,Prototype only
q_0795,0.0,1.0,1.0,0.5,0.4966392596877323,Prototype only
q_0796,1.0,1.0,1.0,1.0,0.8996052605611106,Prototype only
q_0797,1.0,1.0,1.0,1.0,0.8178747578506881,Prototype only
q_0798,1.0,1.0,1.0,1.0,0.7871546029909718,Prototype only
q_0799,0.0,0.0,0.0,0.0,0.0,Prototype only
q_0800,0.0,1.0,1.0,0.3333333333333333,0.3367719591149892,Prototype only
q_0801,1.0,1.0,1.0,1.0,0.6735439182299784,Prototype only
q_0802,0.0,1.0,1.0,0.5,0.42495889834839423,Prototype only
q_0803,0.0,0.0,0.0,0.0,0.0,Prototype only
q_0804,1.0,1.0,1.0,1.0,0.6735439182299784,Prototype only
q_0805,1.0,1.0,1.0,1.0,0.6735439182299784,Prototype only
q_0806,1.0,1.0,1.0,1.0,0.8846711923905052,Prototype only
q_0807,1.0,1.0,1.0,1.0,0.7978637366933587,Prototype only
q_0808,1.0,1.0,1.0,1.0,0.9799889788426704,Prototype only
q_0809,1.0,1.0,1.0,1.0,0.7871546029909718,Prototype only
q_0810,1.0,1.0,1.0,1.0,0.9324441894571632,Prototype only
q_0811,1.0,1.0,1.0,1.0,0.7978637366933587,Prototype only
q_0812,1.0,1.0,1.0,1.0,1.0,Prototype only
q_0813,1.0,1.0,1.0,1.0,0.7871546029909718,Prototype only
q_0814,1.0,1.0,1.0,1.0,0.6735439182299784,Prototype only
q_0815,1.0,1.0,1.0,1.0,0.8556691603792904,Prototype only
q_0816,1.0,1.0,1.0,1.0,0.6735439182299784,Prototype only
q_0817,1.0,1.0,1.0,1.0,0.7871546029909718,Prototype only
q_0818,1.0,1.0,1.0,1.0,0.6735439182299784,Prototype only
q_0819,1.0,1.0,1.0,1.0,0.6735439182299784,Prototype only
q_0820,1.0,1.0,1.0,1.0,0.6735439182299784,Prototype only
q_0821,0.0,1.0,1.0,0.3333333333333333,0.3367719591149892,Prototype only
q_0822,1.0,1.0,1.0,1.0,0.7871546029909718,Prototype only
q_0823,0.0,1.0,1.0,0.5,0.4966392596877323,Prototype only
q_0824,1.0,1.0,1.0,1.0,0.6735439182299784,Prototype only
q_0825,1.0,1.0,1.0,1.0,0.7871546029909718,Prototype only
q_0826,1.0,1.0,1.0,1.0,0.7871546029909718,Prototype only
q_0827,1.0,1.0,1.0,1.0,0.6735439182299784,Prototype only
q_0828,1.0,1.0,1.0,1.0,0.6735439182299784,Prototype only
q_0829,1.0,1.0,1.0,1.0,0.7871546029909718,Prototype only
q_0830,1.0,1.0,1.0,1.0,0.6735439182299784,Prototype only
q_0831,1.0,1.0,1.0,1.0,0.6735439182299784,Prototype only
q_0832,1.0,1.0,1.0,1.0,0.6735439182299784,Prototype only
q_0833,1.0,1.0,1.0,1.0,0.7871546029909718,Prototype only
q_0834,1.0,1.0,1.0,1.0,0.6735439182299784,Prototype only
q_0835,1.0,1.0,1.0,1.0,0.7763672830184426,Prototype only
q_0836,1.0,1.0,1.0,1.0,0.7871546029909718,Prototype only
q_0837,1.0,1.0,1.0,1.0,0.8556691603792904,Prototype only
q_0838,1.0,1.0,1.0,1.0,0.6735439182299784,Prototype only
q_0839,1.0,1.0,1.0,1.0,0.6735439182299784,Prototype only
q_0840,0.0,1.0,1.0,0.5,0.42495889834839423,Prototype only
q_0841,1.0,1.0,1.0,1.0,0.8196601327908163,Prototype only
q_0842,0.0,1.0,1.0,0.25,0.4344104160352636,Prototype only
q_0843,1.0,1.0,1.0,1.0,0.7871546029909718,Prototype only
q_0844,0.0,1.0,1.0,0.20000000000000004,0.2605623555630197,Prototype only
q_0845,1.0,1.0,1.0,1.0,0.9324441894571632,Prototype only
q_0846,1.0,1.0,1.0,1.0,0.7978637366933587,Prototype only
q_0847,1.0,1.0,1.0,1.0,0.6735439182299784,Prototype only
q_0848,1.0,1.0,1.0,1.0,0.6735439182299784,Prototype only
q_0849,1.0,1.0,1.0,1.0,1.0,Prototype only
q_0850,1.0,1.0,1.0,1.0,0.7871546029909718,Prototype only
q_0851,1.0,1.0,1.0,1.0,0.6735439182299784,Prototype only
q_0852,1.0,1.0,1.0,1.0,1.0,Prototype only
q_0853,1.0,1.0,1.0,1.0,0.6735439182299784,Prototype only
q_0854,1.0,1.0,1.0,1.0,0.9439539167711102,Prototype only
q_0855,1.0,1.0,1.0,1.0,0.95583058934618,Prototype only
q_0856,1.0,1.0,1.0,1.0,0.6735439182299784,Prototype only
q_0857,1.0,1.0,1.0,1.0,1.0,Prototype only
q_0858,0.0,0.0,0.0,0.0,0.0,Prototype only
q_0859,0.0,0.0,0.0,0.0,0.16952710797311107,Prototype only
q_0860,0.0,1.0,1.0,0.20000000000000004,0.3516249766376756,Prototype only
q_0861,1.0,1.0,1.0,1.0,0.7871546029909718,Prototype only
q_0862,1.0,1.0,1.0,1.0,0.7871546029909718,Prototype only
q_0863,1.0,1.0,1.0,1.0,0.945342849112528,Prototype only
q_0864,1.0,1.0,1.0,1.0,0.7871546029909718,Prototype only
q_0865,1.0,1.0,1.0,1.0,0.6735439182299784,Prototype only
q_0866,1.0,1.0,1.0,1.0,0.7871546029909718,Prototype only
q_0867,0.0,1.0,1.0,0.20000000000000004,0.2605623555630197,Prototype only
q_0868,0.0,1.0,1.0,0.5,0.5095521318148953,Prototype only
q_0869,1.0,1.0,1.0,1.0,0.6735439182299784,Prototype only
q_0870,1.0,1.0,1.0,1.0,0.7894302450214918,Prototype only
q_0871,1.0,1.0,1.0,1.0,0.6735439182299784,Prototype only
q_0872,1.0,1.0,1.0,1.0,0.8178747578506881,Prototype only
q_0873,1.0,1.0,1.0,1.0,0.7871546029909718,Prototype only
q_0874,1.0,1.0,1.0,1.0,0.6735439182299784,Prototype only
q_0875,1.0,1.0,1.0,1.0,0.7763672830184426,Prototype only
q_0876,0.0,1.0,1.0,0.25,0.3390090350877799,Prototype only
q_0877,1.0,1.0,1.0,1.0,0.8178747578506881,Prototype only
q_0878,0.0,1.0,1.0,0.20000000000000004,0.2605623555630197,Prototype only
q_0879,0.0,0.0,0.0,0.0,0.0,Prototype only
q_0880,1.0,1.0,1.0,1.0,0.6735439182299784,Prototype only
q_0881,0.0,0.0,1.0,0.1428571428571428,0.2245146394099928,Prototype only
q_0882,1.0,1.0,1.0,1.0,1.0,Prototype only
q_0883,1.0,1.0,1.0,1.0,0.8178747578506881,Prototype only
q_0884,1.0,1.0,1.0,1.0,0.7871546029909718,Prototype only
q_0885,0.0,0.0,1.0,0.1111111111111111,0.236957146725255,Prototype only
q_0886,1.0,1.0,1.0,1.0,0.8171322112553359,Prototype only
q_0887,1.0,1.0,1.0,1.0,0.6735439182299784,Prototype only
q_0888,1.0,1.0,1.0,1.0,0.6735439182299784,Prototype only
q_0889,1.0,1.0,1.0,1.0,0.7291718770130123,Prototype only
q_0890,1.0,1.0,1.0,1.0,0.9324441894571632,Prototype only
q_0891,1.0,1.0,1.0,1.0,0.6735439182299784,Prototype only
q_0892,1.0,1.0,1.0,1.0,0.7871546029909718,Prototype only
q_0893,1.0,1.0,1.0,1.0,0.7604397422803805,Prototype only
q_0894,1.0,1.0,1.0,1.0,0.7978637366933587,Prototype only
q_0895,1.0,1.0,1.0,1.0,0.7871546029909718,Prototype only
q_0896,1.0,1.0,1.0,1.0,0.6735439182299784,Prototype only
q_0897,1.0,1.0,1.0,1.0,0.7978637366933587,Prototype only
q_0898,1.0,1.0,1.0,1.0,0.6735439182299784,Prototype only
q_0899,0.0,1.0,1.0,0.5,0.42495889834839423,Prototype only
q_0900,1.0,1.0,1.0,1.0,0.8178747578506881,Prototype only
q_0901,1.0,1.0,1.0,1.0,0.7291718770130123,Prototype only
q_0902,1.0,1.0,1.0,1.0,0.7871546029909718,Prototype only
q_0903,1.0,1.0,1.0,1.0,0.6735439182299784,Prototype only
q_0904,1.0,1.0,1.0,1.0,0.7871546029909718,Prototype only
q_0905,0.0,1.0,1.0,0.5,0.42495889834839423,Prototype only
q_0906,1.0,1.0,1.0,1.0,0.6735439182299784,Prototype only
q_0907,1.0,1.0,1.0,1.0,0.8887076658732239,Prototype only
q_0908,1.0,1.0,1.0,1.0,0.7871546029909718,Prototype only
q_0909,1.0,1.0,1.0,1.0,0.6735439182299784,Prototype only
q_0910,0.0,1.0,1.0,0.5,0.5692897379691039,Prototype only
q_0911,1.0,1.0,1.0,1.0,0.6735439182299784,Prototype only
q_0912,1.0,1.0,1.0,1.0,0.6735439182299784,Prototype only
q_0913,1.0,1.0,1.0,1.0,0.7763672830184426,Prototype only
q_0914,1.0,1.0,1.0,1.0,1.0,Prototype only
q_0915,1.0,1.0,1.0,1.0,0.7871546029909718,Prototype only
q_0916,0.0,1.0,1.0,0.5,0.42495889834839423,Prototype only
q_0917,0.0,1.0,1.0,0.5,0.42495889834839423,Prototype only
q_0918,1.0,1.0,1.0,1.0,0.7697644779771182,Prototype only
q_0919,1.0,1.0,1.0,1.0,0.7871546029909718,Prototype only
q_0920,1.0,1.0,1.0,1.0,0.6735439182299784,Prototype only
q_0921,1.0,1.0,1.0,1.0,0.6735439182299784,Prototype only
q_0922,1.0,1.0,1.0,1.0,0.6735439182299784,Prototype only
q_0923,0.0,1.0,1.0,0.2333333333333333,0.28024050279737595,Prototype only
q_0924,1.0,1.0,1.0,1.0,0.7871546029909718,Prototype only
q_0925,1.0,1.0,1.0,1.0,0.8178747578506881,Prototype only
q_0926,1.0,1.0,1.0,1.0,0.7871546029909718,Prototype only
q_0927,0.0,0.0,1.0,0.1428571428571428,0.3155772604846487,Prototype only
q_0928,1.0,1.0,1.0,1.0,0.9176601606601068,Prototype only
q_0929,0.0,1.0,1.0,0.3333333333333333,0.3367719591149892,Prototype only
q_0930,1.0,1.0,1.0,1.0,0.7871546029909718,Prototype only
q_0931,1.0,1.0,1.0,1.0,0.8556691603792904,Prototype only
q_0932,0.0,1.0,1.0,0.5,0.42495889834839423,Prototype only
q_0933,1.0,1.0,1.0,1.0,0.6735439182299784,Prototype only
q_0934,1.0,1.0,1.0,1.0,0.7303231723049627,Prototype only
q_0935,0.0,1.0,1.0,0.5,0.4966392596877323,Prototype only
q_0936,1.0,1.0,1.0,1.0,0.7871546029909718,Prototype only
q_0937,0.0,0.0,0.0,0.0,0.0,Prototype only
q_0938,1.0,1.0,1.0,1.0,1.0,Prototype only
q_0939,1.0,1.0,1.0,1.0,0.7013578976214955,Prototype only
q_0940,1.0,1.0,1.0,1.0,0.6735439182299784,Prototype only
q_0941,0.0,1.0,1.0,0.5,0.4966392596877323,Prototype only
q_0942,0.0,1.0,1.0,0.3333333333333333,0.3935773014954859,Prototype only
q_0943,1.0,1.0,1.0,1.0,1.0,Prototype only
q_0944,1.0,1.0,1.0,1.0,0.8556691603792904,Prototype only
q_0945,1.0,1.0,1.0,1.0,0.6735439182299784,Prototype only
q_0946,1.0,1.0,1.0,1.0,0.6735439182299784,Prototype only
q_0947,1.0,1.0,1.0,1.0,0.6735439182299784,Prototype only
q_0948,1.0,1.0,1.0,1.0,0.6735439182299784,Prototype only
q_0949,1.0,1.0,1.0,1.0,0.7871546029909718,Prototype only
q_0950,1.0,1.0,1.0,1.0,0.7871546029909718,Prototype only
q_0951,1.0,1.0,1.0,1.0,0.7871546029909718,Prototype only
q_0952,0.0,0.0,0.6666666666666666,0.06666666666666667,0.23262193528220967,Prototype only
q_0953,1.0,1.0,1.0,1.0,0.7871546029909718,Prototype only
q_0954,1.0,1.0,1.0,1.0,0.7871546029909718,Prototype only
q_0955,1.0,1.0,1.0,1.0,0.7871546029909718,Prototype only
q_0956,1.0,1.0,1.0,1.0,0.7604397422803805,Prototype only
q_0957,1.0,1.0,1.0,1.0,0.7871546029909718,Prototype only
q_0958,1.0,1.0,1.0,1.0,0.9705537262307867,Prototype only
q_0959,1.0,1.0,1.0,1.0,0.8556691603792904,Prototype only
q_0960,0.0,1.0,1.0,0.5,0.4966392596877323,Prototype only
q_0961,0.0,0.6666666666666666,1.0,0.27777777777777773,0.3044883675787982,Prototype only
q_0962,1.0,1.0,1.0,1.0,0.6735439182299784,Prototype only
q_0963,1.0,1.0,1.0,1.0,0.6735439182299784,Prototype only
q_0964,1.0,1.0,1.0,1.0,0.6735439182299784,Prototype only
q_0965,0.0,0.0,0.0,0.0,0.0,Prototype only
q_0966,1.0,1.0,1.0,1.0,0.7646065393046344,Prototype only
q_0967,1.0,1.0,1.0,1.0,0.7871546029909718,Prototype only
q_0968,0.0,1.0,1.0,0.5,0.42495889834839423,Prototype only
q_0969,1.0,1.0,1.0,1.0,0.6735439182299784,Prototype only
q_0970,1.0,1.0,1.0,1.0,0.6735439182299784,Prototype only
q_0971,1.0,1.0,1.0,1.0,0.6735439182299784,Prototype only
q_0972,0.0,1.0,1.0,0.27777777777777773,0.30564370398136576,Prototype only
q_0973,1.0,1.0,1.0,1.0,0.6735439182299784,Prototype only
q_0974,1.0,1.0,1.0,1.0,0.7871546029909718,Prototype only
q_0975,0.0,1.0,1.0,0.5,0.42495889834839423,Prototype only
q_0976,1.0,1.0,1.0,1.0,0.6735439182299784,Prototype only
q_0977,0.0,1.0,1.0,0.25,0.3811421974892099,Prototype only
q_0978,0.0,1.0,1.0,0.5,0.42495889834839423,Prototype only
q_0979,1.0,1.0,1.0,1.0,0.7871546029909718,Prototype only
q_0980,1.0,1.0,1.0,1.0,0.6735439182299784,Prototype only
q_0981,1.0,1.0,1.0,1.0,0.9176601606601068,Prototype only
q_0982,1.0,1.0,1.0,1.0,0.8940842964404986,Prototype only
q_0983,1.0,1.0,1.0,1.0,0.908937378925344,Prototype only
q_0984,1.0,1.0,1.0,1.0,0.8556691603792904,Prototype only
q_0985,0.0,1.0,1.0,0.3333333333333333,0.3367719591149892,Prototype only
q_0986,1.0,1.0,1.0,1.0,0.6735439182299784,Prototype only
q_0987,1.0,1.0,1.0,1.0,0.7852134991855584,Prototype only
q_0988,0.0,1.0,1.0,0.5,0.6271448173568673,Prototype only
q_0989,1.0,1.0,1.0,1.0,0.6735439182299784,Prototype only
q_0990,1.0,1.0,1.0,1.0,0.7871546029909718,Prototype only
q_0991,0.0,1.0,1.0,0.5,0.4966392596877323,Prototype only
q_0992,1.0,1.0,1.0,1.0,1.0,Prototype only
q_0993,1.0,1.0,1.0,1.0,0.942564984429692,Prototype only
q_0994,1.0,1.0,1.0,1.0,0.7763672830184426,Prototype only
q_0995,1.0,1.0,1.0,1.0,0.7871546029909718,Prototype only
q_0996,1.0,1.0,1.0,1.0,0.7871546029909718,Prototype only
q_0997,1.0,1.0,1.0,1.0,0.6735439182299784,Prototype only
q_0998,1.0,1.0,1.0,1.0,0.7871546029909718,Prototype only
q_0999,1.0,1.0,1.0,1.0,0.7871546029909718,Prototype only
q_1000,1.0,1.0,1.0,1.0,0.6735439182299784,Prototype only
q_1001,1.0,1.0,1.0,1.0,0.6735439182299784,Prototype only
q_1002,1.0,1.0,1.0,1.0,0.95583058934618,Prototype only
q_1003,1.0,1.0,1.0,1.0,0.7871546029909718,Prototype only
q_1004,1.0,1.0,1.0,1.0,0.6735439182299784,Prototype only
q_1005,1.0,1.0,1.0,1.0,0.7871546029909718,Prototype only
q_1006,1.0,1.0,1.0,1.0,0.8556691603792904,Prototype only
q_1007,1.0,1.0,1.0,1.0,0.7871546029909718,Prototype only
q_1008,1.0,1.0,1.0,1.0,0.6735439182299784,Prototype only
q_1009,0.0,1.0,1.0,0.5,0.42495889834839423,Prototype only
q_1010,1.0,1.0,1.0,1.0,0.7871546029909718,Prototype only
q_1011,1.0,1.0,1.0,1.0,0.8178747578506881,Prototype only
q_1012,1.0,1.0,1.0,1.0,0.6735439182299784,Prototype only
q_1013,1.0,1.0,1.0,1.0,0.6735439182299784,Prototype only
q_1014,1.0,1.0,1.0,1.0,0.7871546029909718,Prototype only
q_1015,0.0,1.0,1.0,0.5,0.42495889834839423,Prototype only
q_1016,1.0,1.0,1.0,1.0,0.6735439182299784,Prototype only
q_1017,1.0,1.0,1.0,1.0,0.6735439182299784,Prototype only
q_1018,1.0,1.0,1.0,1.0,0.6735439182299784,Prototype only
q_1019,0.0,1.0,1.0,0.4444444444444444,0.4622852736236502,Prototype only
q_1020,1.0,1.0,1.0,1.0,1.0,Prototype only
q_1021,1.0,1.0,1.0,1.0,0.6735439182299784,Prototype only
q_1022,0.0,1.0,1.0,0.3333333333333333,0.3367719591149892,Prototype only
q_1023,1.0,1.0,1.0,1.0,1.0,Prototype only
q_1024,1.0,1.0,1.0,1.0,1.0,Prototype only
q_1025,0.0,1.0,1.0,0.5,0.5450619709758411,Prototype only
q_1026,1.0,1.0,1.0,1.0,0.7871546029909718,Prototype only
q_1027,1.0,1.0,1.0,1.0,0.7871546029909718,Prototype only
q_1028,1.0,1.0,1.0,1.0,0.7871546029909718,Prototype only
q_1029,1.0,1.0,1.0,1.0,0.6735439182299784,Prototype only
q_1030,0.0,1.0,1.0,0.3333333333333333,0.3935773014954859,Prototype only
q_1031,0.0,1.0,1.0,0.38888888888888884,0.3661676055261242,Prototype only
q_1032,1.0,1.0,1.0,1.0,0.6735439182299784,Prototype only
q_1033,1.0,1.0,1.0,1.0,0.7871546029909718,Prototype only
q_1034,1.0,1.0,1.0,1.0,0.7420928280889546,Prototype only
q_1035,1.0,1.0,1.0,1.0,0.7871546029909718,Prototype only
q_1036,1.0,1.0,1.0,1.0,0.8178747578506881,Prototype only
q_1037,1.0,1.0,1.0,1.0,0.8112044174649116,Prototype only
q_1038,0.0,1.0,1.0,0.3333333333333333,0.3935773014954859,Prototype only
q_1039,1.0,1.0,1.0,1.0,0.6735439182299784,Prototype only
q_1040,1.0,1.0,1.0,1.0,0.6735439182299784,Prototype only
q_1041,1.0,1.0,1.0,1.0,0.7581371516964795,Prototype only
q_1042,1.0,1.0,1.0,1.0,0.6735439182299784,Prototype only
q_1043,1.0,1.0,1.0,1.0,0.7871546029909718,Prototype only
q_1044,1.0,1.0,1.0,1.0,0.7871546029909718,Prototype only
q_1045,1.0,1.0,1.0,1.0,0.9584925251677544,Prototype only
q_1046,1.0,1.0,1.0,1.0,0.9799889788426704,Prototype only
q_1047,1.0,1.0,1.0,1.0,0.7871546029909718,Prototype only
q_1048,1.0,1.0,1.0,1.0,0.7871546029909718,Prototype only
q_1049,1.0,1.0,1.0,1.0,0.6735439182299784,Prototype only
q_1050,1.0,1.0,1.0,1.0,0.6735439182299784,Prototype only
q_1051,1.0,1.0,1.0,1.0,0.6735439182299784,Prototype only
q_1052,1.0,1.0,1.0,1.0,0.6735439182299784,Prototype only
q_1053,1.0,1.0,1.0,1.0,0.6735439182299784,Prototype only
q_1054,1.0,1.0,1.0,1.0,0.7871546029909718,Prototype only
q_1055,1.0,1.0,1.0,1.0,0.6735439182299784,Prototype only
q_1056,1.0,1.0,1.0,1.0,0.6735439182299784,Prototype only
q_1057,1.0,1.0,1.0,1.0,0.6735439182299784,Prototype only
q_1058,1.0,1.0,1.0,1.0,0.6735439182299784,Prototype only
q_1059,1.0,1.0,1.0,1.0,0.8178747578506881,Prototype only
q_1060,0.0,0.0,0.0,0.0,0.0,Prototype only
q_1061,1.0,1.0,1.0,1.0,0.7871546029909718,Prototype only
q_1062,1.0,1.0,1.0,1.0,0.6735439182299784,Prototype only
q_1063,1.0,1.0,1.0,1.0,0.6735439182299784,Prototype only
q_1064,1.0,1.0,1.0,1.0,0.7871546029909718,Prototype only
q_1065,1.0,1.0,1.0,1.0,0.7871546029909718,Prototype only
q_1066,1.0,1.0,1.0,1.0,0.6735439182299784,Prototype only
q_1067,1.0,1.0,1.0,1.0,0.9324441894571632,Prototype only
q_1068,1.0,1.0,1.0,1.0,0.8556691603792904,Prototype only
q_1069,1.0,1.0,1.0,1.0,0.7871546029909718,Prototype only
q_1070,1.0,1.0,1.0,1.0,0.6735439182299784,Prototype only
q_1071,1.0,1.0,1.0,1.0,0.7871546029909718,Prototype only
q_1072,1.0,1.0,1.0,1.0,0.7852134991855584,Prototype only
q_1073,1.0,1.0,1.0,1.0,0.7871546029909718,Prototype only
q_1074,1.0,1.0,1.0,1.0,0.6735439182299784,Prototype only
q_1075,1.0,1.0,1.0,1.0,0.8748871879187963,Prototype only
q_1076,1.0,1.0,1.0,1.0,0.9065845789265667,Prototype only
q_1077,1.0,1.0,1.0,1.0,0.8556691603792904,Prototype only
q_1078,1.0,1.0,1.0,1.0,0.8556691603792904,Prototype only
q_1079,0.0,0.0,1.0,0.1428571428571428,0.2245146394099928,Prototype only
q_1080,1.0,1.0,1.0,1.0,0.7936469908574253,Prototype only
q_1081,1.0,1.0,1.0,1.0,0.6735439182299784,Prototype only
q_1082,1.0,1.0,1.0,1.0,0.6735439182299784,Prototype only
q_1083,1.0,1.0,1.0,1.0,0.6735439182299784,Prototype only
q_1084,1.0,1.0,1.0,1.0,1.0,Prototype only
q_1085,1.0,1.0,1.0,1.0,0.7871546029909718,Prototype only
q_1086,1.0,1.0,1.0,1.0,0.7871546029909718,Prototype only
q_1087,1.0,1.0,1.0,1.0,0.6735439182299784,Prototype only
q_1088,1.0,1.0,1.0,1.0,0.7871546029909718,Prototype only
q_1089,1.0,1.0,1.0,1.0,0.6735439182299784,Prototype only
q_1090,1.0,1.0,1.0,1.0,0.6735439182299784,Prototype only
q_1091,1.0,1.0,1.0,1.0,0.7871546029909718,Prototype only
q_1092,1.0,1.0,1.0,1.0,0.6735439182299784,Prototype only
q_1093,1.0,1.0,1.0,1.0,0.7871546029909718,Prototype only
q_1094,1.0,1.0,1.0,1.0,0.6735439182299784,Prototype only
q_1095,1.0,1.0,1.0,1.0,0.6735439182299784,Prototype only
q_1096,1.0,1.0,1.0,1.0,0.6735439182299784,Prototype only
q_1097,1.0,1.0,1.0,1.0,1.0,Prototype only
q_1098,1.0,1.0,1.0,1.0,0.7871546029909718,Prototype only
q_1099,0.0,1.0,1.0,0.5,0.42495889834839423,Prototype only
q_1100,1.0,1.0,1.0,1.0,0.7871546029909718,Prototype only
q_1101,1.0,1.0,1.0,1.0,0.7871546029909718,Prototype only
q_1102,1.0,1.0,1.0,1.0,0.7871546029909718,Prototype only
q_1103,1.0,1.0,1.0,1.0,0.6735439182299784,Prototype only
q_1104,1.0,1.0,1.0,1.0,0.7871546029909718,Prototype only
q_1105,1.0,1.0,1.0,1.0,0.7871546029909718,Prototype only
q_1106,1.0,1.0,1.0,1.0,0.6735439182299784,Prototype only
q_1107,1.0,1.0,1.0,1.0,0.6735439182299784,Prototype only
q_1108,1.0,1.0,1.0,1.0,0.7871546029909718,Prototype only
q_1109,0.0,0.0,0.0,0.0,0.0,Prototype only
q_1110,1.0,1.0,1.0,1.0,0.7871546029909718,Prototype only
q_1111,1.0,1.0,1.0,1.0,0.6735439182299784,Prototype only
q_1112,1.0,1.0,1.0,1.0,0.7871546029909718,Prototype only
q_1113,1.0,1.0,1.0,1.0,0.95583058934618,Prototype only
q_1114,1.0,1.0,1.0,1.0,0.6735439182299784,Prototype only
q_1115,1.0,1.0,1.0,1.0,0.6735439182299784,Prototype only
q_1116,0.0,1.0,1.0,0.3333333333333333,0.3367719591149892,Prototype only
q_1117,1.0,1.0,1.0,1.0,0.914095317597828,Prototype only
q_1118,0.0,1.0,1.0,0.5,0.6655102977162437,Prototype only
q_1119,1.0,1.0,1.0,1.0,0.7871546029909718,Prototype only
q_1120,0.0,0.0,0.0,0.0,0.2886616792414193,Prototype only
q_1121,1.0,1.0,1.0,1.0,0.7871546029909718,Prototype only
q_1122,1.0,1.0,1.0,1.0,0.6735439182299784,Prototype only
q_1123,1.0,1.0,1.0,1.0,0.7871546029909718,Prototype only
q_1124,1.0,1.0,1.0,1.0,0.7871546029909718,Prototype only
q_1125,1.0,1.0,1.0,1.0,0.6735439182299784,Prototype only
q_1126,0.0,1.0,1.0,0.3333333333333333,0.3935773014954859,Prototype only
q_1127,1.0,1.0,1.0,1.0,0.7871546029909718,Prototype only
q_1128,1.0,1.0,1.0,1.0,0.6735439182299784,Prototype only
q_1129,1.0,1.0,1.0,1.0,0.6735439182299784,Prototype only
q_1130,1.0,1.0,1.0,1.0,0.7871546029909718,Prototype only
q_1131,1.0,1.0,1.0,1.0,0.6735439182299784,Prototype only
q_1132,1.0,1.0,1.0,1.0,0.6735439182299784,Prototype only
q_1133,0.0,1.0,1.0,0.5,0.42495889834839423,Prototype only
q_1134,0.0,1.0,1.0,0.3333333333333333,0.3935773014954859,Prototype only
q_1135,1.0,1.0,1.0,1.0,0.7871546029909718,Prototype only
q_1136,1.0,1.0,1.0,1.0,0.7871546029909718,Prototype only
q_1137,1.0,1.0,1.0,1.0,0.6735439182299784,Prototype only
q_1138,0.0,1.0,1.0,0.5,0.4966392596877323,Prototype only
q_1139,1.0,1.0,1.0,1.0,0.7871546029909718,Prototype only
q_1140,1.0,1.0,1.0,1.0,0.7871546029909718,Prototype only
q_1141,1.0,1.0,1.0,1.0,0.7871546029909718,Prototype only
q_1142,1.0,1.0,1.0,1.0,0.7978637366933587,Prototype only
q_1143,1.0,1.0,1.0,1.0,0.7871546029909718,Prototype only
q_1144,1.0,1.0,1.0,1.0,0.6735439182299784,Prototype only
q_1145,1.0,1.0,1.0,1.0,0.7871546029909718,Prototype only
q_1146,1.0,1.0,1.0,1.0,0.6735439182299784,Prototype only
q_1147,0.0,1.0,1.0,0.5,0.42495889834839423,Prototype only
q_1148,1.0,1.0,1.0,1.0,0.6735439182299784,Prototype only
q_1149,0.0,0.0,0.0,0.0,0.0,Prototype only
q_1150,1.0,1.0,1.0,1.0,0.95583058934618,Prototype only
q_1151,1.0,1.0,1.0,1.0,0.7871546029909718,Prototype only
q_1152,1.0,1.0,1.0,1.0,0.7871546029909718,Prototype only
q_1153,1.0,1.0,1.0,1.0,0.7871546029909718,Prototype only
q_1154,1.0,1.0,1.0,1.0,0.7871546029909718,Prototype only
q_1155,0.0,1.0,1.0,0.25,0.290079576414554,Prototype only
q_1156,1.0,1.0,1.0,1.0,1.0,Prototype only
q_1157,1.0,1.0,1.0,1.0,1.0,Prototype only
q_1158,1.0,1.0,1.0,1.0,0.7871546029909718,Prototype only
q_1159,0.0,0.0,0.0,0.0,0.0,Prototype only
q_1160,1.0,1.0,1.0,1.0,0.8556691603792904,Prototype only
q_1161,1.0,1.0,1.0,1.0,0.6735439182299784,Prototype only
q_1162,1.0,1.0,1.0,1.0,0.6735439182299784,Prototype only
q_1163,1.0,1.0,1.0,1.0,0.7871546029909718,Prototype only
q_1164,1.0,1.0,1.0,1.0,0.7871546029909718,Prototype only
q_1165,1.0,1.0,1.0,1.0,0.6735439182299784,Prototype only
q_1166,1.0,1.0,1.0,1.0,1.0,Prototype only
q_1167,1.0,1.0,1.0,1.0,0.7852134991855584,Prototype only
q_1168,1.0,1.0,1.0,1.0,1.0,Prototype only
q_1169,1.0,1.0,1.0,1.0,0.7871546029909718,Prototype only
q_1170,1.0,1.0,1.0,1.0,0.7978637366933587,Prototype only
q_1171,1.0,1.0,1.0,1.0,0.7871546029909718,Prototype only
q_1172,0.0,1.0,1.0,0.5,0.5378964864175356,Prototype only
q_1173,0.0,1.0,1.0,0.5,0.6309297535714575,Prototype only
q_1174,1.0,1.0,1.0,1.0,0.7871546029909718,Prototype only
q_1175,1.0,1.0,1.0,1.0,0.7871546029909718,Prototype only
q_1176,1.0,1.0,1.0,1.0,0.9324441894571632,Prototype only
q_1177,1.0,1.0,1.0,1.0,1.0,Prototype only
q_1178,1.0,1.0,1.0,1.0,0.7871546029909718,Prototype only
q_1179,1.0,1.0,1.0,1.0,0.7871546029909718,Prototype only
q_1180,1.0,1.0,1.0,1.0,1.0,Prototype only
q_1181,0.0,1.0,1.0,0.3333333333333333,0.4236677831653912,Prototype only
q_1182,1.0,1.0,1.0,1.0,0.7871546029909718,Prototype only
q_1183,1.0,1.0,1.0,1.0,0.7871546029909718,Prototype only
q_1184,1.0,1.0,1.0,1.0,0.7871546029909718,Prototype only
q_1185,1.0,1.0,1.0,1.0,0.6735439182299784,Prototype only
q_1186,1.0,1.0,1.0,1.0,0.7871546029909718,Prototype only
q_1187,1.0,1.0,1.0,1.0,0.6735439182299784,Prototype only
q_1188,1.0,1.0,1.0,1.0,0.7871546029909718,Prototype only
q_1189,0.0,0.0,0.0,0.0,0.0,Prototype only
q_1190,1.0,1.0,1.0,1.0,0.7871546029909718,Prototype only
q_1191,1.0,1.0,1.0,1.0,1.0,Prototype only
q_1192,1.0,1.0,1.0,1.0,0.7871546029909718,Prototype only
q_1193,1.0,1.0,1.0,1.0,0.7871546029909718,Prototype only
q_1194,1.0,1.0,1.0,1.0,0.9324441894571632,Prototype only
q_1195,1.0,1.0,1.0,1.0,0.7871546029909718,Prototype only
q_1196,1.0,1.0,1.0,1.0,0.7871546029909718,Prototype only
q_1197,1.0,1.0,1.0,1.0,0.6735439182299784,Prototype only
q_1198,1.0,1.0,1.0,1.0,1.0,Prototype only
q_1199,0.0,1.0,1.0,0.3333333333333333,0.3367719591149892,Prototype only
q_1200,1.0,1.0,1.0,1.0,0.6735439182299784,Prototype only
q_1201,1.0,1.0,1.0,1.0,0.8178747578506881,Prototype only
q_1202,0.0,1.0,1.0,0.25,0.290079576414554,Prototype only
q_1203,1.0,1.0,1.0,1.0,0.7978637366933587,Prototype only
q_1204,0.0,1.0,1.0,0.5,0.42495889834839423,Prototype only
q_1205,1.0,1.0,1.0,1.0,0.6735439182299784,Prototype only
q_1206,1.0,1.0,1.0,1.0,0.6735439182299784,Prototype only
q_1207,1.0,1.0,1.0,1.0,0.8556691603792904,Prototype only
q_1208,0.0,1.0,1.0,0.5,0.42495889834839423,Prototype only
q_1209,1.0,1.0,1.0,1.0,0.7871546029909718,Prototype only
q_1210,0.0,0.0,0.0,0.0,0.0,Prototype only
q_1211,1.0,1.0,1.0,1.0,0.6735439182299784,Prototype only
q_1212,1.0,1.0,1.0,1.0,0.6735439182299784,Prototype only
q_1213,1.0,1.0,1.0,1.0,0.7871546029909718,Prototype only
q_1214,1.0,1.0,1.0,1.0,0.9107679203903634,Prototype only
q_1215,1.0,1.0,1.0,1.0,0.6735439182299784,Prototype only
q_1216,1.0,1.0,1.0,1.0,0.6735439182299784,Prototype only
q_1217,1.0,1.0,1.0,1.0,0.7697644779771182,Prototype only
q_1218,1.0,1.0,1.0,1.0,0.7978637366933587,Prototype only
q_1219,1.0,1.0,1.0,1.0,0.6735439182299784,Prototype only
q_1220,1.0,1.0,1.0,1.0,0.6735439182299784,Prototype only
q_1221,1.0,1.0,1.0,1.0,0.6735439182299784,Prototype only
q_1222,1.0,1.0,1.0,1.0,0.6735439182299784,Prototype only
q_1223,1.0,1.0,1.0,1.0,0.7666562327448724,Prototype only
q_1224,1.0,1.0,1.0,1.0,0.6735439182299784,Prototype only
q_1225,1.0,1.0,1.0,1.0,0.7595260840378977,Prototype only
q_1226,1.0,1.0,1.0,1.0,0.8178747578506881,Prototype only
q_1227,0.0,0.0,0.0,0.0,0.0,Prototype only
q_1228,1.0,1.0,1.0,1.0,0.6735439182299784,Prototype only
q_1229,0.0,0.0,1.0,0.1666666666666666,0.2399211845064163,Prototype only
q_1230,0.0,0.0,0.0,0.0,0.0,Prototype only
q_1231,0.0,0.0,0.0,0.0,0.0,Prototype only
q_1232,1.0,1.0,1.0,1.0,0.6735439182299784,Prototype only
q_1233,1.0,1.0,1.0,1.0,0.6735439182299784,Prototype only
q_1234,1.0,1.0,1.0,1.0,0.6735439182299784,Prototype only
q_1235,1.0,1.0,1.0,1.0,0.6735439182299784,Prototype only
q_1236,1.0,1.0,1.0,1.0,0.6735439182299784,Prototype only
q_1237,0.0,1.0,1.0,0.5,0.6070805975693295,Prototype only
q_1238,1.0,1.0,1.0,1.0,0.914095317597828,Prototype only
q_1239,1.0,1.0,1.0,1.0,0.8178747578506881,Prototype only
q_1240,1.0,1.0,1.0,1.0,0.6735439182299784,Prototype only
q_1241,1.0,1.0,1.0,1.0,0.8178747578506881,Prototype only
q_1242,1.0,1.0,1.0,1.0,0.6735439182299784,Prototype only
q_1243,1.0,1.0,1.0,1.0,0.8556691603792904,Prototype only
q_1244,1.0,1.0,1.0,1.0,1.0,Prototype only
q_1245,1.0,1.0,1.0,1.0,0.8556691603792904,Prototype only
q_1246,1.0,1.0,1.0,1.0,0.7646065393046344,Prototype only
q_1247,0.0,0.0,1.0,0.1428571428571428,0.2245146394099928,Prototype only
q_1248,1.0,1.0,1.0,1.0,0.7569858564045292,Prototype only
q_1249,1.0,1.0,1.0,1.0,0.6735439182299784,Prototype only
q_1250,0.0,1.0,1.0,0.5,0.5255813281230836,Prototype only
q_1251,1.0,1.0,1.0,1.0,0.7871546029909718,Prototype only
q_1252,1.0,1.0,1.0,1.0,0.9933296596142235,Prototype only
q_1253,1.0,1.0,1.0,1.0,0.7852134991855584,Prototype only
q_1254,1.0,1.0,1.0,1.0,0.7871546029909718,Prototype only
q_1255,0.0,1.0,1.0,0.5,0.5160215194230502,Prototype only
q_1256,1.0,1.0,1.0,1.0,0.6735439182299784,Prototype only
q_1257,1.0,1.0,1.0,1.0,0.6735439182299784,Prototype only
q_1258,1.0,1.0,1.0,1.0,0.7871546029909718,Prototype only
q_1259,1.0,1.0,1.0,1.0,0.7604397422803805,Prototype only
q_1260,1.0,1.0,1.0,1.0,0.6735439182299784,Prototype only
q_1261,1.0,1.0,1.0,1.0,0.6735439182299784,Prototype only
q_1262,0.0,0.0,0.0,0.0,0.0,Prototype only
q_1263,0.3333333333333333,1.0,1.0,0.611111111111111,0.4784249252311206,Prototype only
q_1264,0.0,1.0,1.0,0.3333333333333333,0.3367719591149892,Prototype only
q_1265,1.0,1.0,1.0,1.0,0.6735439182299784,Prototype only
q_1266,0.0,1.0,1.0,0.5,0.42495889834839423,Prototype only
q_1267,0.0,1.0,1.0,0.25,0.290079576414554,Prototype only
q_1268,1.0,1.0,1.0,1.0,0.8178747578506881,Prototype only
q_1269,1.0,1.0,1.0,1.0,0.7871546029909718,Prototype only
q_1270,1.0,1.0,1.0,1.0,0.6735439182299784,Prototype only
q_1271,0.0,1.0,1.0,0.5,0.5126603770471413,Prototype only
q_1272,1.0,1.0,1.0,1.0,1.0,Prototype only
q_1273,1.0,1.0,1.0,1.0,0.8556691603792904,Prototype only
q_1274,1.0,1.0,1.0,1.0,0.7871546029909718,Prototype only
q_1275,1.0,1.0,1.0,1.0,0.6735439182299784,Prototype only
q_1276,1.0,1.0,1.0,1.0,0.7871546029909718,Prototype only
q_1277,1.0,1.0,1.0,1.0,0.8178747578506881,Prototype only
q_1278,1.0,1.0,1.0,1.0,0.7871546029909718,Prototype only
q_1279,1.0,1.0,1.0,1.0,0.6735439182299784,Prototype only
q_1280,1.0,1.0,1.0,1.0,0.7871546029909718,Prototype only
q_1281,1.0,1.0,1.0,1.0,1.0,Prototype only
q_1282,1.0,1.0,1.0,1.0,0.8556691603792904,Prototype only
q_1283,1.0,1.0,1.0,1.0,0.8846711923905052,Prototype only
q_1284,1.0,1.0,1.0,1.0,0.6735439182299784,Prototype only
q_1285,0.0,1.0,1.0,0.4444444444444444,0.4622852736236502,Prototype only
q_1286,1.0,1.0,1.0,1.0,0.8178747578506881,Prototype only
q_1287,1.0,1.0,1.0,1.0,0.8270342662452329,Prototype only
q_1288,1.0,1.0,1.0,1.0,0.6735439182299784,Prototype only
q_1289,1.0,1.0,1.0,1.0,0.6735439182299784,Prototype only
q_1290,1.0,1.0,1.0,1.0,0.95583058934618,Prototype only
q_1291,1.0,1.0,1.0,1.0,0.6735439182299784,Prototype only
q_1292,1.0,1.0,1.0,1.0,0.8178747578506881,Prototype only
q_1293,1.0,1.0,1.0,1.0,0.6735439182299784,Prototype only
q_1294,1.0,1.0,1.0,1.0,0.6735439182299784,Prototype only
q_1295,1.0,1.0,1.0,1.0,0.7871546029909718,Prototype only
q_1296,1.0,1.0,1.0,1.0,0.6735439182299784,Prototype only
q_1297,0.0,1.0,1.0,0.5,0.42495889834839423,Prototype only
q_1298,1.0,1.0,1.0,1.0,0.7978637366933587,Prototype only
q_1299,1.0,1.0,1.0,1.0,0.9073218002554916,Prototype only
q_1300,1.0,1.0,1.0,1.0,0.6735439182299784,Prototype only
q_1301,1.0,1.0,1.0,1.0,0.8556691603792904,Prototype only
q_1302,1.0,1.0,1.0,1.0,0.6735439182299784,Prototype only
q_1303,1.0,1.0,1.0,1.0,0.6735439182299784,Prototype only
q_1304,1.0,1.0,1.0,1.0,1.0,Prototype only
q_1305,1.0,1.0,1.0,1.0,0.6735439182299784,Prototype only
q_1306,0.0,1.0,1.0,0.5,0.4966392596877323,Prototype only
q_1307,0.0,0.0,1.0,0.1666666666666666,0.2399211845064163,Prototype only
q_1308,1.0,1.0,1.0,1.0,0.6735439182299784,Prototype only
q_1309,1.0,1.0,1.0,1.0,0.8556691603792904,Prototype only
q_1310,1.0,1.0,1.0,1.0,0.7871546029909718,Prototype only
q_1311,1.0,1.0,1.0,1.0,0.6735439182299784,Prototype only
q_1312,1.0,1.0,1.0,1.0,0.6735439182299784,Prototype only
q_1313,1.0,1.0,1.0,1.0,0.7871546029909718,Prototype only
q_1314,1.0,1.0,1.0,1.0,0.6735439182299784,Prototype only
q_1315,1.0,1.0,1.0,1.0,0.6735439182299784,Prototype only
q_1316,1.0,1.0,1.0,1.0,0.6735439182299784,Prototype only
q_1317,1.0,1.0,1.0,1.0,0.7822647604631864,Prototype only
q_1318,1.0,1.0,1.0,1.0,0.6735439182299784,Prototype only
q_1319,1.0,1.0,1.0,1.0,0.7871546029909718,Prototype only
q_1320,1.0,1.0,1.0,1.0,0.6735439182299784,Prototype only
q_1321,1.0,1.0,1.0,1.0,0.95583058934618,Prototype only
q_1322,0.0,1.0,1.0,0.5,0.42495889834839423,Prototype only
q_1323,1.0,1.0,1.0,1.0,0.8555090067355698,Prototype only
q_1324,0.0,0.0,0.0,0.0,0.0,Prototype only
q_1325,1.0,1.0,1.0,1.0,0.6735439182299784,Prototype only
q_1326,1.0,1.0,1.0,1.0,0.7871546029909718,Prototype only
q_1327,0.0,1.0,1.0,0.3333333333333333,0.6254336383564085,Prototype only
q_1328,0.0,1.0,1.0,0.5,0.42495889834839423,Prototype only
q_1329,1.0,1.0,1.0,1.0,0.6735439182299784,Prototype only
q_1330,0.0,1.0,1.0,0.5,0.8339912323981488,Prototype only
q_1331,1.0,1.0,1.0,1.0,0.6735439182299784,Prototype only
q_1332,1.0,1.0,1.0,1.0,0.7871546029909718,Prototype only
q_1333,1.0,1.0,1.0,1.0,0.6735439182299784,Prototype only
q_1334,0.0,0.0,1.0,0.1074074074074074,0.20007056710305363,Prototype only
q_1335,0.0,0.0,0.0,0.0,0.0,Prototype only
q_1336,1.0,1.0,1.0,1.0,0.6735439182299784,Prototype only
q_1337,1.0,1.0,1.0,1.0,0.7871546029909718,Prototype only
q_1338,1.0,1.0,1.0,1.0,0.6735439182299784,Prototype only
q_1339,1.0,1.0,1.0,1.0,0.6735439182299784,Prototype only
q_1340,1.0,1.0,1.0,1.0,0.6735439182299784,Prototype only
q_1341,1.0,1.0,1.0,1.0,0.6735439182299784,Prototype only
q_1342,0.3333333333333333,1.0,1.0,0.6666666666666666,0.5078205716422556,Prototype only
q_1343,1.0,1.0,1.0,1.0,0.7871546029909718,Prototype only
q_1344,1.0,1.0,1.0,1.0,0.6735439182299784,Prototype only
q_1345,1.0,1.0,1.0,1.0,0.6735439182299784,Prototype only
q_1346,1.0,1.0,1.0,1.0,0.6735439182299784,Prototype only
q_1347,1.0,1.0,1.0,1.0,0.8178747578506881,Prototype only
q_1348,1.0,1.0,1.0,1.0,0.9421945763140686,Prototype only
q_1349,1.0,1.0,1.0,1.0,1.0,Prototype only
q_1350,1.0,1.0,1.0,1.0,0.6735439182299784,Prototype only
q_1351,1.0,1.0,1.0,1.0,0.6735439182299784,Prototype only
q_1352,1.0,1.0,1.0,1.0,0.7871546029909718,Prototype only
q_1353,0.0,1.0,1.0,0.5,0.7136205775898136,Prototype only
q_1354,1.0,1.0,1.0,1.0,0.7871546029909718,Prototype only
q_1355,1.0,1.0,1.0,1.0,0.7871546029909718,Prototype only
q_1356,1.0,1.0,1.0,1.0,0.7871546029909718,Prototype only
q_1357,1.0,1.0,1.0,1.0,0.7871546029909718,Prototype only
q_1358,1.0,1.0,1.0,1.0,0.9275161798581445,Prototype only
q_1359,1.0,1.0,1.0,1.0,0.6735439182299784,Prototype only
q_1360,1.0,1.0,1.0,1.0,0.6735439182299784,Prototype only
q_1361,1.0,1.0,1.0,1.0,0.6735439182299784,Prototype only
q_1362,1.0,1.0,1.0,1.0,0.7871546029909718,Prototype only
q_1363,0.0,1.0,1.0,0.25,0.290079576414554,Prototype only
q_1364,1.0,1.0,1.0,1.0,0.6735439182299784,Prototype only
q_1365,1.0,1.0,1.0,1.0,0.6735439182299784,Prototype only
q_1366,1.0,1.0,1.0,1.0,0.6735439182299784,Prototype only
q_1367,1.0,1.0,1.0,1.0,0.7871546029909718,Prototype only
q_1368,1.0,1.0,1.0,1.0,0.9614412638901263,Prototype only
q_1369,1.0,1.0,1.0,1.0,0.7871546029909718,Prototype only
q_1370,1.0,1.0,1.0,1.0,0.7871546029909718,Prototype only
q_1371,1.0,1.0,1.0,1.0,0.6735439182299784,Prototype only
q_1372,1.0,1.0,1.0,1.0,0.7871546029909718,Prototype only
q_1373,1.0,1.0,1.0,1.0,0.7871546029909718,Prototype only
q_1374,1.0,1.0,1.0,1.0,0.6735439182299784,Prototype only
q_1375,1.0,1.0,1.0,1.0,0.7871546029909718,Prototype only
q_1376,1.0,1.0,1.0,1.0,0.7871546029909718,Prototype only
q_1377,1.0,1.0,1.0,1.0,0.6735439182299784,Prototype only
q_1378,1.0,1.0,1.0,1.0,0.7871546029909718,Prototype only
q_1379,0.0,1.0,1.0,0.5,0.42495889834839423,Prototype only
q_1380,1.0,1.0,1.0,1.0,0.7871546029909718,Prototype only
q_1381,1.0,1.0,1.0,1.0,0.7871546029909718,Prototype only
q_1382,1.0,1.0,1.0,1.0,0.7871546029909718,Prototype only
q_1383,1.0,1.0,1.0,1.0,0.6735439182299784,Prototype only
q_1384,1.0,1.0,1.0,1.0,0.6735439182299784,Prototype only
q_1385,1.0,1.0,1.0,1.0,0.7871546029909718,Prototype only
q_1386,1.0,1.0,1.0,1.0,0.6735439182299784,Prototype only
q_1387,1.0,1.0,1.0,1.0,0.6735439182299784,Prototype only
q_1388,1.0,1.0,1.0,1.0,0.6735439182299784,Prototype only
q_1389,1.0,1.0,1.0,1.0,0.7871546029909718,Prototype only
q_1390,1.0,1.0,1.0,1.0,0.7871546029909718,Prototype only
q_1391,1.0,1.0,1.0,1.0,0.6735439182299784,Prototype only
q_1392,1.0,1.0,1.0,1.0,0.6735439182299784,Prototype only
q_1393,1.0,1.0,1.0,1.0,0.6735439182299784,Prototype only
q_1394,0.0,1.0,1.0,0.5,0.4966392596877323,Prototype only
q_1395,1.0,1.0,1.0,1.0,0.7871546029909718,Prototype only
q_1396,1.0,1.0,1.0,1.0,0.6735439182299784,Prototype only
q_1397,0.0,1.0,1.0,0.27777777777777773,0.30564370398136576,Prototype only
q_1398,0.0,1.0,1.0,0.5,0.42495889834839423,Prototype only
q_1399,1.0,1.0,1.0,1.0,0.6735439182299784,Prototype only
q_1400,0.0,1.0,1.0,0.5,0.42495889834839423,Prototype only
q_1401,1.0,1.0,1.0,1.0,0.6735439182299784,Prototype only
q_1402,1.0,1.0,1.0,1.0,0.6735439182299784,Prototype only
q_1403,1.0,1.0,1.0,1.0,0.7871546029909718,Prototype only
q_1404,0.0,1.0,1.0,0.3333333333333333,0.3935773014954859,Prototype only
q_1405,1.0,1.0,1.0,1.0,0.7871546029909718,Prototype only
q_1406,1.0,1.0,1.0,1.0,0.7871546029909718,Prototype only
q_1407,1.0,1.0,1.0,1.0,0.7871546029909718,Prototype only
q_1408,0.0,1.0,1.0,0.5,0.4966392596877323,Prototype only
q_1409,1.0,1.0,1.0,1.0,0.7871546029909718,Prototype only
q_1410,1.0,1.0,1.0,1.0,0.6735439182299784,Prototype only
q_1411,1.0,1.0,1.0,1.0,0.6735439182299784,Prototype only
q_1412,1.0,1.0,1.0,1.0,0.7871546029909718,Prototype only
q_1413,1.0,1.0,1.0,1.0,0.7871546029909718,Prototype only
q_1414,1.0,1.0,1.0,1.0,0.7871546029909718,Prototype only
q_1415,1.0,1.0,1.0,1.0,0.6735439182299784,Prototype only
q_1416,1.0,1.0,1.0,1.0,0.7871546029909718,Prototype only
q_1417,0.0,0.0,0.0,0.0,0.0,Prototype only
q_1418,1.0,1.0,1.0,1.0,0.7871546029909718,Prototype only
q_1419,1.0,1.0,1.0,1.0,0.7871546029909718,Prototype only
q_1420,1.0,1.0,1.0,1.0,0.7871546029909718,Prototype only
q_1421,1.0,1.0,1.0,1.0,0.7871546029909718,Prototype only
q_1422,1.0,1.0,1.0,1.0,0.7871546029909718,Prototype only
q_1423,0.0,1.0,1.0,0.3333333333333333,0.3935773014954859,Prototype only
q_1424,1.0,1.0,1.0,1.0,0.897595940872569,Prototype only
q_1425,1.0,1.0,1.0,1.0,0.7871546029909718,Prototype only
q_1426,1.0,1.0,1.0,1.0,1.0,Prototype only
q_1427,1.0,1.0,1.0,1.0,0.8556691603792904,Prototype only
q_1428,1.0,1.0,1.0,1.0,0.7871546029909718,Prototype only
q_1429,1.0,1.0,1.0,1.0,0.7871546029909718,Prototype only
q_1430,1.0,1.0,1.0,1.0,0.7871546029909718,Prototype only
q_1431,1.0,1.0,1.0,1.0,0.7871546029909718,Prototype only
q_1432,1.0,1.0,1.0,1.0,0.7871546029909718,Prototype only
q_1433,1.0,1.0,1.0,1.0,0.6735439182299784,Prototype only
q_1434,1.0,1.0,1.0,1.0,0.6735439182299784,Prototype only
q_1435,1.0,1.0,1.0,1.0,0.7871546029909718,Prototype only
q_1436,0.0,1.0,1.0,0.4444444444444444,0.4622852736236502,Prototype only
q_1437,1.0,1.0,1.0,1.0,0.6735439182299784,Prototype only
q_1438,1.0,1.0,1.0,1.0,0.7871546029909718,Prototype only
q_1439,0.0,0.0,1.0,0.1111111111111111,0.2027569227842713,Prototype only
q_1440,1.0,1.0,1.0,1.0,1.0,Prototype only
q_1441,1.0,1.0,1.0,1.0,0.7871546029909718,Prototype only
q_1442,1.0,1.0,1.0,1.0,0.7871546029909718,Prototype only
q_1443,0.0,0.0,0.0,0.0,0.0,Prototype only
q_1444,1.0,1.0,1.0,1.0,0.7871546029909718,Prototype only
q_1445,1.0,1.0,1.0,1.0,0.7871546029909718,Prototype only
q_1446,1.0,1.0,1.0,1.0,0.7871546029909718,Prototype only
q_1447,0.0,1.0,1.0,0.3333333333333333,0.6254336383564085,Prototype only
q_1448,1.0,1.0,1.0,1.0,0.7871546029909718,Prototype only
q_1449,0.0,1.0,1.0,0.20000000000000004,0.2605623555630197,Prototype only
q_1450,1.0,1.0,1.0,1.0,0.6735439182299784,Prototype only
q_1451,1.0,1.0,1.0,1.0,0.7871546029909718,Prototype only
q_1452,1.0,1.0,1.0,1.0,0.9799889788426704,Prototype only
q_1453,1.0,1.0,1.0,1.0,0.7871546029909718,Prototype only
q_1454,0.0,0.0,1.0,0.125,0.2483196298438661,Prototype only
q_1455,0.0,1.0,1.0,0.5,0.5160215194230502,Prototype only
q_1456,1.0,1.0,1.0,1.0,1.0,Prototype only
q_1457,1.0,1.0,1.0,1.0,0.7871546029909718,Prototype only
q_1458,0.0,0.0,0.0,0.0,0.0,Prototype only
q_1459,1.0,1.0,1.0,1.0,0.9402623938457912,Prototype only
q_1460,0.0,0.0,0.0,0.0,0.0,Prototype only
q_1461,1.0,1.0,1.0,1.0,0.6735439182299784,Prototype only
q_1462,1.0,1.0,1.0,1.0,0.6735439182299784,Prototype only
q_1463,1.0,1.0,1.0,1.0,0.6735439182299784,Prototype only
q_1464,1.0,1.0,1.0,1.0,0.6735439182299784,Prototype only
q_1465,1.0,1.0,1.0,1.0,0.7763672830184426,Prototype only
q_1466,1.0,1.0,1.0,1.0,0.7871546029909718,Prototype only
q_1467,1.0,1.0,1.0,1.0,0.8556691603792904,Prototype only
q_1468,1.0,1.0,1.0,1.0,0.7871546029909718,Prototype only
q_1469,1.0,1.0,1.0,1.0,0.6735439182299784,Prototype only
q_1470,0.0,1.0,1.0,0.5,0.42495889834839423,Prototype only
q_1471,1.0,1.0,1.0,1.0,0.6735439182299784,Prototype only
q_1472,0.0,1.0,1.0,0.25,0.3390090350877799,Prototype only
q_1473,1.0,1.0,1.0,1.0,0.6735439182299784,Prototype only
q_1474,0.0,0.0,0.0,0.0,0.1443308396207096,Prototype only
q_1475,1.0,1.0,1.0,1.0,0.6735439182299784,Prototype only
q_1476,0.0,1.0,1.0,0.20000000000000004,0.7313492769537508,Prototype only
q_1477,1.0,1.0,1.0,1.0,0.95583058934618,Prototype only
q_1478,1.0,1.0,1.0,1.0,0.9421945763140686,Prototype only
q_1479,1.0,1.0,1.0,1.0,0.9324441894571632,Prototype only
q_1480,0.0,1.0,1.0,0.3333333333333333,0.4484415400705691,Prototype only
q_1481,1.0,1.0,1.0,1.0,1.0,Prototype only
q_1482,1.0,1.0,1.0,1.0,0.7871546029909718,Prototype only
q_1483,1.0,1.0,1.0,1.0,0.6735439182299784,Prototype only
q_1484,1.0,1.0,1.0,1.0,0.8556691603792904,Prototype only
q_1485,0.0,0.0,0.0,0.0,0.0,Prototype only
q_1486,1.0,1.0,1.0,1.0,0.7871546029909718,Prototype only
q_1487,1.0,1.0,1.0,1.0,0.6735439182299784,Prototype only
q_1488,0.0,1.0,1.0,0.5,0.42495889834839423,Prototype only
q_1489,1.0,1.0,1.0,1.0,0.6735439182299784,Prototype only
q_1490,1.0,1.0,1.0,1.0,0.6735439182299784,Prototype only
q_1491,1.0,1.0,1.0,1.0,0.6735439182299784,Prototype only
q_1492,1.0,1.0,1.0,1.0,0.7871546029909718,Prototype only
q_1493,1.0,1.0,1.0,1.0,0.7871546029909718,Prototype only
q_1494,1.0,1.0,1.0,1.0,0.6735439182299784,Prototype only
q_1495,1.0,1.0,1.0,1.0,0.6735439182299784,Prototype only
q_1496,1.0,1.0,1.0,1.0,0.7871546029909718,Prototype only
q_1497,1.0,1.0,1.0,1.0,0.6735439182299784,Prototype only
q_1498,1.0,1.0,1.0,1.0,0.6735439182299784,Prototype only
q_1499,0.0,1.0,1.0,0.5,0.42495889834839423,Prototype only
q_1500,1.0,1.0,1.0,1.0,0.8935773014954859,Prototype only
q_1501,1.0,1.0,1.0,1.0,0.7569858564045292,Prototype only
q_1502,1.0,1.0,1.0,1.0,1.0,Prototype only
q_1503,1.0,1.0,1.0,1.0,0.8556691603792904,Prototype only
q_1504,1.0,1.0,1.0,1.0,0.7871546029909718,Prototype only
q_1505,1.0,1.0,1.0,1.0,0.6735439182299784,Prototype only
q_1506,1.0,1.0,1.0,1.0,0.6735439182299784,Prototype only
q_1507,1.0,1.0,1.0,1.0,0.6735439182299784,Prototype only
q_1508,0.0,1.0,1.0,0.3333333333333333,0.3367719591149892,Prototype only
q_1509,1.0,1.0,1.0,1.0,0.9275161798581445,Prototype only
q_1510,1.0,1.0,1.0,1.0,0.9013166960252388,Prototype only
q_1511,1.0,1.0,1.0,1.0,0.8178747578506881,Prototype only
q_1512,0.0,0.0,1.0,0.1666666666666666,0.6177420996609625,Prototype only
q_1513,0.0,1.0,1.0,0.3333333333333333,0.3367719591149892,Prototype only
q_1514,1.0,1.0,1.0,1.0,0.8996052605611106,Prototype only
q_1515,0.0,0.0,1.0,0.12037037037037036,0.4979002862856412,Prototype only
q_1516,1.0,1.0,1.0,1.0,0.7852134991855584,Prototype only
q_1517,0.0,0.0,1.0,0.1666666666666666,0.2399211845064163,Prototype only
q_1518,1.0,1.0,1.0,1.0,0.7686976612487731,Prototype only
q_1519,1.0,1.0,1.0,1.0,0.6735439182299784,Prototype only
q_1520,1.0,1.0,1.0,1.0,1.0,Prototype only
q_1521,1.0,1.0,1.0,1.0,0.6735439182299784,Prototype only
q_1522,1.0,1.0,1.0,1.0,0.6735439182299784,Prototype only
q_1523,1.0,1.0,1.0,1.0,0.6735439182299784,Prototype only
q_1524,0.0,1.0,1.0,0.3333333333333333,0.3367719591149892,Prototype only
q_1525,1.0,1.0,1.0,1.0,1.0,Prototype only
q_1526,1.0,1.0,1.0,1.0,0.7871546029909718,Prototype only
q_1527,0.6666666666666666,1.0,1.0,0.8333333333333334,0.6463102037191509,Prototype only
q_1528,1.0,1.0,1.0,1.0,0.7871546029909718,Prototype only
q_1529,0.0,0.0,0.6666666666666666,0.07407407407407407,0.4238329610976002,Prototype only
q_1530,0.0,0.0,0.0,0.0,0.0,Prototype only
q_1531,1.0,1.0,1.0,1.0,0.7871546029909718,Prototype only
q_1532,1.0,1.0,1.0,1.0,0.9584925251677544,Prototype only
q_1533,1.0,1.0,1.0,1.0,0.7871546029909718,Prototype only
q_1534,1.0,1.0,1.0,1.0,0.6735439182299784,Prototype only
q_1535,0.0,1.0,1.0,0.21666666666666667,0.27040142918019777,Prototype only
q_1536,1.0,1.0,1.0,1.0,0.7871546029909718,Prototype only
q_1537,0.0,1.0,1.0,0.3333333333333333,0.3367719591149892,Prototype only
q_1538,0.0,1.0,1.0,0.2888888888888889,0.656809691247403,Prototype only
q_1539,1.0,1.0,1.0,1.0,0.6735439182299784,Prototype only
q_1540,1.0,1.0,1.0,1.0,0.8556691603792904,Prototype only
q_1541,1.0,1.0,1.0,1.0,0.8178747578506881,Prototype only
q_1542,1.0,1.0,1.0,1.0,0.6735439182299784,Prototype only
q_1543,1.0,1.0,1.0,1.0,0.7871546029909718,Prototype only
q_1544,1.0,1.0,1.0,1.0,0.8172442244130087,Prototype only
q_1545,1.0,1.0,1.0,1.0,1.0,Prototype only
q_1546,0.0,1.0,1.0,0.3333333333333333,0.3367719591149892,Prototype only
q_1547,1.0,1.0,1.0,1.0,0.6735439182299784,Prototype only
q_1548,1.0,1.0,1.0,1.0,0.7871546029909718,Prototype only
q_1549,1.0,1.0,1.0,1.0,0.7697644779771182,Prototype only
q_1550,1.0,1.0,1.0,1.0,0.7871546029909718,Prototype only
q_1551,1.0,1.0,1.0,1.0,0.6735439182299784,Prototype only
q_1552,0.0,1.0,1.0,0.38888888888888884,0.5403819451297068,Prototype only
q_1553,1.0,1.0,1.0,1.0,0.8556691603792904,Prototype only
q_1554,1.0,1.0,1.0,1.0,0.7569858564045292,Prototype only
q_1555,0.0,0.0,1.0,0.15079365079365073,0.3539699729055143,Prototype only
q_1556,1.0,1.0,1.0,1.0,0.8556691603792904,Prototype only
q_1557,1.0,1.0,1.0,1.0,0.7871546029909718,Prototype only
q_1558,1.0,1.0,1.0,1.0,0.6735439182299784,Prototype only
q_1559,1.0,1.0,1.0,1.0,0.6735439182299784,Prototype only
q_1560,1.0,1.0,1.0,1.0,0.7871546029909718,Prototype only
q_1561,1.0,1.0,1.0,1.0,0.7864815062991198,Prototype only
q_1562,1.0,1.0,1.0,1.0,0.8178747578506881,Prototype only
q_1563,1.0,1.0,1.0,1.0,0.6735439182299784,Prototype only
q_1564,1.0,1.0,1.0,1.0,0.6735439182299784,Prototype only
q_1565,1.0,1.0,1.0,1.0,0.8178747578506881,Prototype only
q_1566,0.0,0.0,1.0,0.10000000000000002,0.5950291159376175,Prototype only
q_1567,1.0,1.0,1.0,1.0,0.7871546029909718,Prototype only
q_1568,1.0,1.0,1.0,1.0,0.6735439182299784,Prototype only
q_1569,1.0,1.0,1.0,1.0,0.7871546029909718,Prototype only
q_1570,1.0,1.0,1.0,1.0,0.6735439182299784,Prototype only
q_1571,1.0,1.0,1.0,1.0,0.7871546029909718,Prototype only
q_1572,1.0,1.0,1.0,1.0,0.6735439182299784,Prototype only
q_1573,1.0,1.0,1.0,1.0,0.8935773014954859,Prototype only
q_1574,1.0,1.0,1.0,1.0,0.6735439182299784,Prototype only
q_1575,0.0,1.0,1.0,0.5,0.7136205775898136,Prototype only
q_1576,1.0,1.0,1.0,1.0,0.6735439182299784,Prototype only
q_1577,1.0,1.0,1.0,1.0,0.6735439182299784,Prototype only
q_1578,1.0,1.0,1.0,1.0,0.8178747578506881,Prototype only
q_1579,1.0,1.0,1.0,1.0,1.0,Prototype only
q_1580,1.0,1.0,1.0,1.0,0.7871546029909718,Prototype only
q_1581,1.0,1.0,1.0,1.0,0.6735439182299784,Prototype only
q_1582,1.0,1.0,1.0,1.0,0.6735439182299784,Prototype only
q_1583,0.0,0.0,0.3333333333333333,0.03333333333333333,0.2470245273961846,Prototype only
q_1584,1.0,1.0,1.0,1.0,0.6735439182299784,Prototype only
q_1585,0.0,0.0,1.0,0.1074074074074074,0.29897368398691504,Prototype only
q_1586,1.0,1.0,1.0,1.0,0.7871546029909718,Prototype only
q_1587,0.0,0.0,1.0,0.1444444444444444,0.22484674158448362,Prototype only
q_1588,1.0,1.0,1.0,1.0,0.8556691603792904,Prototype only
q_1589,1.0,1.0,1.0,1.0,0.7871546029909718,Prototype only
q_1590,1.0,1.0,1.0,1.0,0.6735439182299784,Prototype only
q_1591,1.0,1.0,1.0,1.0,0.6735439182299784,Prototype only
q_1592,1.0,1.0,1.0,1.0,0.6735439182299784,Prototype only
q_1593,1.0,1.0,1.0,1.0,0.7871546029909718,Prototype only
q_1594,1.0,1.0,1.0,1.0,0.8556691603792904,Prototype only
q_1595,1.0,1.0,1.0,1.0,0.6735439182299784,Prototype only
q_1596,1.0,1.0,1.0,1.0,0.7871546029909718,Prototype only
q_1597,1.0,1.0,1.0,1.0,0.6735439182299784,Prototype only
q_1598,1.0,1.0,1.0,1.0,0.8178747578506881,Prototype only
q_1599,0.0,0.0,1.0,0.125,0.21247944917419712,Prototype only
q_1600,0.0,1.0,1.0,0.25,0.3390090350877799,Prototype only
q_1601,1.0,1.0,1.0,1.0,0.7852134991855584,Prototype only
q_1602,0.0,1.0,1.0,0.25,0.3390090350877799,Prototype only
q_1603,1.0,1.0,1.0,1.0,1.0,Prototype only
q_1604,0.6666666666666666,1.0,1.0,0.8333333333333334,0.590682244936117,Prototype only
q_1605,0.0,0.0,0.0,0.0,0.0,Prototype only
q_1606,0.0,1.0,1.0,0.5,0.4966392596877323,Prototype only
q_1607,1.0,1.0,1.0,1.0,1.0,Prototype only
q_1608,1.0,1.0,1.0,1.0,1.0,Prototype only
q_1609,0.0,1.0,1.0,0.5,0.42495889834839423,Prototype only
q_1610,1.0,1.0,1.0,1.0,0.6735439182299784,Prototype only
q_1611,0.0,1.0,1.0,0.5,0.42495889834839423,Prototype only
q_1612,1.0,1.0,1.0,1.0,0.6735439182299784,Prototype only
q_1613,1.0,1.0,1.0,1.0,0.7871546029909718,Prototype only
q_1614,0.0,0.0,0.0,0.0,0.1305055576691351,Prototype only
q_1615,0.0,0.0,1.0,0.11574074074074074,0.494659444155666,Prototype only
q_1616,1.0,1.0,1.0,1.0,0.6735439182299784,Prototype only
q_1617,1.0,1.0,1.0,1.0,0.7697644779771182,Prototype only
q_1618,1.0,1.0,1.0,1.0,0.7871546029909718,Prototype only
q_1619,1.0,1.0,1.0,1.0,0.8556691603792904,Prototype only
q_1620,1.0,1.0,1.0,1.0,0.6735439182299784,Prototype only
q_1621,0.0,1.0,1.0,0.3055555555555555,0.3753878793595839,Prototype only
q_1622,1.0,1.0,1.0,1.0,0.6735439182299784,Prototype only
q_1623,1.0,1.0,1.0,1.0,0.6735439182299784,Prototype only
q_1624,1.0,1.0,1.0,1.0,0.7871546029909718,Prototype only
q_1625,1.0,1.0,1.0,1.0,0.6735439182299784,Prototype only
q_1626,1.0,1.0,1.0,1.0,0.7871546029909718,Prototype only
q_1627,0.0,0.0,0.0,0.0,0.0,Prototype only
q_1628,1.0,1.0,1.0,1.0,0.6735439182299784,Prototype only
q_1629,0.0,1.0,1.0,0.25,0.290079576414554,Prototype only
q_1630,1.0,1.0,1.0,1.0,0.6735439182299784,Prototype only
q_1631,1.0,1.0,1.0,1.0,0.7871546029909718,Prototype only
q_1632,1.0,1.0,1.0,1.0,0.6735439182299784,Prototype only
q_1633,1.0,1.0,1.0,1.0,0.6735439182299784,Prototype only
q_1634,1.0,1.0,1.0,1.0,0.6735439182299784,Prototype only
q_1635,0.0,1.0,1.0,0.5,0.7136205775898136,Prototype only
q_1636,1.0,1.0,1.0,1.0,0.9047705819010902,Prototype only
q_1637,1.0,1.0,1.0,1.0,0.7871546029909718,Prototype only
q_1638,1.0,1.0,1.0,1.0,0.95583058934618,Prototype only
q_1639,1.0,1.0,1.0,1.0,0.7978637366933587,Prototype only
q_1640,1.0,1.0,1.0,1.0,0.7852134991855584,Prototype only
q_1641,1.0,1.0,1.0,1.0,0.8556691603792904,Prototype only
q_1642,1.0,1.0,1.0,1.0,0.7871546029909718,Prototype only
q_1643,1.0,1.0,1.0,1.0,0.7871546029909718,Prototype only
q_1644,1.0,1.0,1.0,1.0,0.7646065393046344,Prototype only
q_1645,0.0,1.0,1.0,0.3333333333333333,0.3935773014954859,Prototype only
q_1646,0.3333333333333333,1.0,1.0,0.6666666666666666,0.5934777074554788,Prototype only
q_1647,1.0,1.0,1.0,1.0,0.6735439182299784,Prototype only
q_1648,0.0,1.0,1.0,0.5,0.8339912323981488,Prototype only
q_1649,1.0,1.0,1.0,1.0,0.9540906551402047,Prototype only
q_1650,1.0,1.0,1.0,1.0,0.7604397422803805,Prototype only
q_1651,1.0,1.0,1.0,1.0,0.6735439182299784,Prototype only
q_1652,1.0,1.0,1.0,1.0,0.8556691603792904,Prototype only
q_1653,1.0,1.0,1.0,1.0,0.7871546029909718,Prototype only
q_1654,1.0,1.0,1.0,1.0,0.7871546029909718,Prototype only
q_1655,1.0,1.0,1.0,1.0,0.6735439182299784,Prototype only
q_1656,1.0,1.0,1.0,1.0,0.6735439182299784,Prototype only
q_1657,1.0,1.0,1.0,1.0,0.7871546029909718,Prototype only
q_1658,1.0,1.0,1.0,1.0,0.7871546029909718,Prototype only
q_1659,1.0,1.0,1.0,1.0,0.6735439182299784,Prototype only
q_1660,1.0,1.0,1.0,1.0,0.7871546029909718,Prototype only
q_1661,1.0,1.0,1.0,1.0,0.8556691603792904,Prototype only
q_1662,1.0,1.0,1.0,1.0,0.7871546029909718,Prototype only
q_1663,0.0,0.0,0.0,0.0,0.0,Prototype only
q_1664,1.0,1.0,1.0,1.0,0.7871546029909718,Prototype only
q_1665,0.0,0.0,1.0,0.10000000000000002,0.1946978557406183,Prototype only
q_1666,0.0,0.0,0.0,0.0,0.0,Prototype only
q_1667,1.0,1.0,1.0,1.0,0.7871546029909718,Prototype only
q_1668,1.0,1.0,1.0,1.0,0.6735439182299784,Prototype only
q_1669,1.0,1.0,1.0,1.0,0.6735439182299784,Prototype only
q_1670,1.0,1.0,1.0,1.0,0.6735439182299784,Prototype only
q_1671,1.0,1.0,1.0,1.0,0.7871546029909718,Prototype only
q_1672,0.0,1.0,1.0,0.5,0.42495889834839423,Prototype only
q_1673,1.0,1.0,1.0,1.0,1.0,Prototype only
q_1674,1.0,1.0,1.0,1.0,1.0,Prototype only
q_1675,1.0,1.0,1.0,1.0,0.8178747578506881,Prototype only
q_1676,1.0,1.0,1.0,1.0,0.7871546029909718,Prototype only
q_1677,1.0,1.0,1.0,1.0,0.7871546029909718,Prototype only
q_1678,1.0,1.0,1.0,1.0,0.6735439182299784,Prototype only
q_1679,1.0,1.0,1.0,1.0,0.6735439182299784,Prototype only
q_1680,1.0,1.0,1.0,1.0,0.7871546029909718,Prototype only
q_1681,1.0,1.0,1.0,1.0,0.6735439182299784,Prototype only
q_1682,1.0,1.0,1.0,1.0,0.6735439182299784,Prototype only
q_1683,1.0,1.0,1.0,1.0,0.7871546029909718,Prototype only
q_1684,1.0,1.0,1.0,1.0,0.6735439182299784,Prototype only
q_1685,1.0,1.0,1.0,1.0,0.7871546029909718,Prototype only
q_1686,1.0,1.0,1.0,1.0,0.7697644779771182,Prototype only
q_1687,1.0,1.0,1.0,1.0,0.7871546029909718,Prototype only
q_1688,1.0,1.0,1.0,1.0,0.8178747578506881,Prototype only
q_1689,1.0,1.0,1.0,1.0,0.7871546029909718,Prototype only
q_1690,1.0,1.0,1.0,1.0,0.6735439182299784,Prototype only
q_1691,1.0,1.0,1.0,1.0,0.6735439182299784,Prototype only
q_1692,1.0,1.0,1.0,1.0,0.8556691603792904,Prototype only
q_1693,1.0,1.0,1.0,1.0,0.7871546029909718,Prototype only
q_1694,1.0,1.0,1.0,1.0,0.6735439182299784,Prototype only
q_1695,1.0,1.0,1.0,1.0,0.7871546029909718,Prototype only
q_1696,0.0,1.0,1.0,0.3333333333333333,0.4395953239034533,Prototype only
q_1697,1.0,1.0,1.0,1.0,0.9584925251677544,Prototype only
q_1698,0.0,1.0,1.0,0.5,0.7136205775898136,Prototype only
q_1699,1.0,1.0,1.0,1.0,0.7871546029909718,Prototype only
q_1700,1.0,1.0,1.0,1.0,0.6735439182299784,Prototype only
q_1701,0.0,1.0,1.0,0.3333333333333333,0.3367719591149892,Prototype only
q_1702,1.0,1.0,1.0,1.0,0.7871546029909718,Prototype only
q_1703,1.0,1.0,1.0,1.0,0.6735439182299784,Prototype only
q_1704,1.0,1.0,1.0,1.0,0.6735439182299784,Prototype only
q_1705,1.0,1.0,1.0,1.0,0.6735439182299784,Prototype only
q_1706,0.0,1.0,1.0,0.5,0.7136205775898136,Prototype only
q_1707,1.0,1.0,1.0,1.0,0.8178747578506881,Prototype only
q_1708,0.0,1.0,1.0,0.5,0.4966392596877323,Prototype only
q_1709,1.0,1.0,1.0,1.0,0.7871546029909718,Prototype only
q_1710,1.0,1.0,1.0,1.0,0.6735439182299784,Prototype only
q_1711,1.0,1.0,1.0,1.0,0.7871546029909718,Prototype only
q_1712,1.0,1.0,1.0,1.0,0.7871546029909718,Prototype only
q_1713,0.0,1.0,1.0,0.21666666666666667,0.3160116569590256,Prototype only
q_1714,1.0,1.0,1.0,1.0,0.7871546029909718,Prototype only
q_1715,0.0,1.0,1.0,0.3333333333333333,0.7100268718229098,Prototype only
q_1716,1.0,1.0,1.0,1.0,0.9799889788426704,Prototype only
q_1717,0.0,0.0,0.0,0.0,0.0,Prototype only
q_1718,1.0,1.0,1.0,1.0,0.6735439182299784,Prototype only
q_1719,1.0,1.0,1.0,1.0,0.7936469908574253,Prototype only
q_1720,1.0,1.0,1.0,1.0,0.7871546029909718,Prototype only
q_1721,1.0,1.0,1.0,1.0,0.6735439182299784,Prototype only
q_1722,1.0,1.0,1.0,1.0,0.6735439182299784,Prototype only
q_1723,1.0,1.0,1.0,1.0,0.7871546029909718,Prototype only
q_1724,1.0,1.0,1.0,1.0,0.7871546029909718,Prototype only
q_1725,1.0,1.0,1.0,1.0,0.6735439182299784,Prototype only
q_1726,1.0,1.0,1.0,1.0,0.8178747578506881,Prototype only
q_1727,1.0,1.0,1.0,1.0,0.6735439182299784,Prototype only
q_1728,1.0,1.0,1.0,1.0,0.7822647604631864,Prototype only
q_1729,1.0,1.0,1.0,1.0,0.6735439182299784,Prototype only
q_1730,1.0,1.0,1.0,1.0,0.6735439182299784,Prototype only
q_1731,1.0,1.0,1.0,1.0,1.0,Prototype only
q_1732,1.0,1.0,1.0,1.0,1.0,Prototype only
q_1733,0.0,1.0,1.0,0.3333333333333333,0.3935773014954859,Prototype only
q_1734,1.0,1.0,1.0,1.0,0.6735439182299784,Prototype only
q_1735,1.0,1.0,1.0,1.0,0.7871546029909718,Prototype only
q_1736,0.0,1.0,1.0,0.5,0.42495889834839423,Prototype only
q_1737,0.0,1.0,1.0,0.5,0.42495889834839423,Prototype only
q_1738,1.0,1.0,1.0,1.0,0.7871546029909718,Prototype only
q_1739,1.0,1.0,1.0,1.0,0.7646065393046344,Prototype only
q_1740,1.0,1.0,1.0,1.0,0.6735439182299784,Prototype only
q_1741,1.0,1.0,1.0,1.0,0.6735439182299784,Prototype only
q_1742,1.0,1.0,1.0,1.0,0.6735439182299784,Prototype only
q_1743,0.0,1.0,1.0,0.5,0.4966392596877323,Prototype only
q_1744,1.0,1.0,1.0,1.0,0.7871546029909718,Prototype only
q_1745,0.0,1.0,1.0,0.5,0.616806456952252,Prototype only
q_1746,1.0,1.0,1.0,1.0,0.95583058934618,Prototype only
q_1747,1.0,1.0,1.0,1.0,0.7871546029909718,Prototype only
q_1748,1.0,1.0,1.0,1.0,0.7871546029909718,Prototype only
q_1749,1.0,1.0,1.0,1.0,0.7871546029909718,Prototype only
q_1750,1.0,1.0,1.0,1.0,0.6735439182299784,Prototype only
q_1751,0.0,0.0,1.0,0.1666666666666666,0.2399211845064163,Prototype only
q_1752,1.0,1.0,1.0,1.0,0.6735439182299784,Prototype only
q_1753,1.0,1.0,1.0,1.0,0.6735439182299784,Prototype only
q_1754,1.0,1.0,1.0,1.0,0.7871546029909718,Prototype only
q_1755,1.0,1.0,1.0,1.0,0.6735439182299784,Prototype only
q_1756,1.0,1.0,1.0,1.0,0.7871546029909718,Prototype only
q_1757,0.0,1.0,1.0,0.4166666666666667,0.49166870532602736,Prototype only
q_1758,1.0,1.0,1.0,1.0,0.7871546029909718,Prototype only
q_1759,1.0,1.0,1.0,1.0,0.9176601606601068,Prototype only
q_1760,1.0,1.0,1.0,1.0,0.7871546029909718,Prototype only
q_1761,1.0,1.0,1.0,1.0,0.6735439182299784,Prototype only
q_1762,0.0,0.0,1.0,0.10000000000000002,0.2275387085989112,Prototype only
q_1763,1.0,1.0,1.0,1.0,0.7569858564045292,Prototype only
q_1764,0.0,1.0,1.0,0.3333333333333333,0.8075588805057204,Prototype only
q_1765,1.0,1.0,1.0,1.0,0.7871546029909718,Prototype only
q_1766,1.0,1.0,1.0,1.0,0.6735439182299784,Prototype only
q_1767,1.0,1.0,1.0,1.0,0.7871546029909718,Prototype only
q_1768,1.0,1.0,1.0,1.0,0.7871546029909718,Prototype only
q_1769,0.0,1.0,1.0,0.3333333333333333,0.3935773014954859,Prototype only
q_1770,1.0,1.0,1.0,1.0,0.6735439182299784,Prototype only
q_1771,1.0,1.0,1.0,1.0,0.7871546029909718,Prototype only
q_1772,1.0,1.0,1.0,1.0,0.6735439182299784,Prototype only
q_1773,1.0,1.0,1.0,1.0,0.7871546029909718,Prototype only
q_1774,1.0,1.0,1.0,1.0,1.0,Prototype only
q_1775,1.0,1.0,1.0,1.0,0.7871546029909718,Prototype only
q_1776,1.0,1.0,1.0,1.0,0.7978637366933587,Prototype only
q_1777,1.0,1.0,1.0,1.0,0.6735439182299784,Prototype only
q_1778,0.0,0.0,0.0,0.0,0.0,Prototype only
q_1779,0.0,1.0,1.0,0.3333333333333333,0.3935773014954859,Prototype only
q_1780,1.0,1.0,1.0,1.0,0.7871546029909718,Prototype only
q_1781,1.0,1.0,1.0,1.0,0.7871546029909718,Prototype only
q_1782,0.0,0.6666666666666666,1.0,0.18888888888888888,0.2536819652108186,Prototype only
q_1783,1.0,1.0,1.0,1.0,0.7871546029909718,Prototype only
q_1784,1.0,1.0,1.0,1.0,0.7871546029909718,Prototype only
q_1785,1.0,1.0,1.0,1.0,0.7871546029909718,Prototype only
q_1786,1.0,1.0,1.0,1.0,0.8178747578506881,Prototype only
q_1787,0.0,0.0,1.0,0.125,0.2483196298438661,Prototype only
q_1788,1.0,1.0,1.0,1.0,0.6735439182299784,Prototype only
q_1789,1.0,1.0,1.0,1.0,0.7871546029909718,Prototype only
q_1790,0.0,1.0,1.0,0.5,0.521179458095534,Prototype only
q_1791,0.0,0.0,1.0,0.1111111111111111,0.2938195438589272,Prototype only
q_1792,1.0,1.0,1.0,1.0,0.8556691603792904,Prototype only
q_1793,0.0,0.0,0.0,0.0,0.0,Prototype only
q_1794,1.0,1.0,1.0,1.0,0.7871546029909718,Prototype only
q_1795,0.0,0.0,0.0,0.0,0.0,Prototype only
q_1796,0.0,1.0,1.0,0.25,0.3390090350877799,Prototype only
q_1797,1.0,1.0,1.0,1.0,0.7871546029909718,Prototype only
q_1798,1.0,1.0,1.0,1.0,0.95583058934618,Prototype only
q_1799,1.0,1.0,1.0,1.0,0.8178747578506881,Prototype only
q_1800,1.0,1.0,1.0,1.0,1.0,Prototype only
q_1801,1.0,1.0,1.0,1.0,0.7871546029909718,Prototype only
q_1802,1.0,1.0,1.0,1.0,0.6735439182299784,Prototype only
q_1803,1.0,1.0,1.0,1.0,0.6735439182299784,Prototype only
q_1804,0.0,0.0,1.0,0.1428571428571428,0.2245146394099928,Prototype only
q_1805,1.0,1.0,1.0,1.0,0.6735439182299784,Prototype only
q_1806,1.0,1.0,1.0,1.0,0.6735439182299784,Prototype only
q_1807,1.0,1.0,1.0,1.0,0.7871546029909718,Prototype only
q_1808,1.0,1.0,1.0,1.0,0.6735439182299784,Prototype only
q_1809,1.0,1.0,1.0,1.0,0.8846711923905052,Prototype only
q_1810,1.0,1.0,1.0,1.0,1.0,Prototype only
q_1811,1.0,1.0,1.0,1.0,0.7871546029909718,Prototype only
q_1812,1.0,1.0,1.0,1.0,0.7871546029909718,Prototype only
q_1813,1.0,1.0,1.0,1.0,0.7871546029909718,Prototype only
q_1814,1.0,1.0,1.0,1.0,0.8178747578506881,Prototype only
q_1815,0.3333333333333333,1.0,1.0,0.6666666666666666,0.7539531690476383,Prototype only
q_1816,1.0,1.0,1.0,1.0,0.7871546029909718,Prototype only
q_1817,0.0,0.0,0.0,0.0,0.0,Prototype only
q_1818,1.0,1.0,1.0,1.0,0.7871546029909718,Prototype only
q_1819,1.0,1.0,1.0,1.0,0.7871546029909718,Prototype only
q_1820,1.0,1.0,1.0,1.0,0.8935773014954859,Prototype only
q_1821,1.0,1.0,1.0,1.0,0.6735439182299784,Prototype only
q_1822,1.0,1.0,1.0,1.0,0.7871546029909718,Prototype only
q_1823,1.0,1.0,1.0,1.0,0.7871546029909718,Prototype only
q_1824,1.0,1.0,1.0,1.0,0.6735439182299784,Prototype only
q_1825,1.0,1.0,1.0,1.0,0.6735439182299784,Prototype only
q_1826,0.0,1.0,1.0,0.25,0.3390090350877799,Prototype only
q_1827,1.0,1.0,1.0,1.0,0.7871546029909718,Prototype only
q_1828,0.0,1.0,1.0,0.38888888888888884,0.3661676055261242,Prototype only
q_1829,0.0,1.0,1.0,0.5,0.4966392596877323,Prototype only
q_1830,1.0,1.0,1.0,1.0,1.0,Prototype only
q_1831,1.0,1.0,1.0,1.0,0.7871546029909718,Prototype only
q_1832,1.0,1.0,1.0,1.0,0.8556691603792904,Prototype only
q_1833,1.0,1.0,1.0,1.0,0.7871546029909718,Prototype only
q_1834,1.0,1.0,1.0,1.0,0.7871546029909718,Prototype only
q_1835,1.0,1.0,1.0,1.0,0.7871546029909718,Prototype only
q_1836,1.0,1.0,1.0,1.0,0.7871546029909718,Prototype only
q_1837,1.0,1.0,1.0,1.0,1.0,Prototype only
q_1838,1.0,1.0,1.0,1.0,0.7680451650862903,Prototype only
q_1839,1.0,1.0,1.0,1.0,0.6735439182299784,Prototype only
q_1840,1.0,1.0,1.0,1.0,0.6735439182299784,Prototype only
q_1841,1.0,1.0,1.0,1.0,0.942564984429692,Prototype only
q_1842,1.0,1.0,1.0,1.0,0.6735439182299784,Prototype only
q_1843,1.0,1.0,1.0,1.0,0.7978637366933587,Prototype only
q_1844,1.0,1.0,1.0,1.0,0.6735439182299784,Prototype only
q_1845,1.0,1.0,1.0,1.0,0.6735439182299784,Prototype only
q_1846,1.0,1.0,1.0,1.0,0.6735439182299784,Prototype only
q_1847,1.0,1.0,1.0,1.0,0.6735439182299784,Prototype only
q_1848,0.0,1.0,1.0,0.3333333333333333,0.3367719591149892,Prototype only
q_1849,1.0,1.0,1.0,1.0,0.6735439182299784,Prototype only
q_1850,0.0,1.0,1.0,0.3333333333333333,0.3367719591149892,Prototype only
q_1851,1.0,1.0,1.0,1.0,1.0,Prototype only
q_1852,1.0,1.0,1.0,1.0,0.6735439182299784,Prototype only
q_1853,1.0,1.0,1.0,1.0,0.7763672830184426,Prototype only
q_1854,1.0,1.0,1.0,1.0,0.75928844698843,Prototype only
q_1855,0.0,1.0,1.0,0.3333333333333333,0.3367719591149892,Prototype only
q_1856,1.0,1.0,1.0,1.0,1.0,Prototype only
q_1857,1.0,1.0,1.0,1.0,0.7894302450214918,Prototype only
q_1858,1.0,1.0,1.0,1.0,0.6735439182299784,Prototype only
q_1859,1.0,1.0,1.0,1.0,0.6735439182299784,Prototype only
q_1860,1.0,1.0,1.0,1.0,0.6735439182299784,Prototype only
q_1861,1.0,1.0,1.0,1.0,0.6735439182299784,Prototype only
q_1862,1.0,1.0,1.0,1.0,0.7763672830184426,Prototype only
q_1863,0.0,0.3333333333333333,1.0,0.1698412698412698,0.24166605982647626,Prototype only
q_1864,1.0,1.0,1.0,1.0,0.6735439182299784,Prototype only
q_1865,1.0,1.0,1.0,1.0,0.6735439182299784,Prototype only
q_1866,1.0,1.0,1.0,1.0,0.7680451650862903,Prototype only
q_1867,1.0,1.0,1.0,1.0,0.6735439182299784,Prototype only
q_1868,1.0,1.0,1.0,1.0,0.7852134991855584,Prototype only
q_1869,0.0,1.0,1.0,0.5,0.7136205775898136,Prototype only
q_1870,0.0,0.0,0.0,0.0,0.0,Prototype only
q_1871,1.0,1.0,1.0,1.0,0.8178747578506881,Prototype only
q_1872,0.0,0.0,0.0,0.0,0.0,Prototype only
q_1873,0.0,0.0,0.0,0.0,0.0,Prototype only
q_1874,1.0,1.0,1.0,1.0,0.8178747578506881,Prototype only
q_1875,0.0,0.0,0.0,0.0,0.0,Prototype only
q_1876,0.0,1.0,1.0,0.3333333333333333,0.3935773014954859,Prototype only
q_1877,1.0,1.0,1.0,1.0,0.6735439182299784,Prototype only
q_1878,1.0,1.0,1.0,1.0,0.6735439182299784,Prototype only
q_1879,1.0,1.0,1.0,1.0,0.6735439182299784,Prototype only
q_1880,0.0,1.0,1.0,0.5,0.42495889834839423,Prototype only
q_1881,1.0,1.0,1.0,1.0,1.0,Prototype only
q_1882,1.0,1.0,1.0,1.0,0.6735439182299784,Prototype only
q_1883,1.0,1.0,1.0,1.0,0.6735439182299784,Prototype only
q_1884,1.0,1.0,1.0,1.0,0.9073218002554916,Prototype only
q_1885,1.0,1.0,1.0,1.0,0.6735439182299784,Prototype only
q_1886,1.0,1.0,1.0,1.0,0.6735439182299784,Prototype only
q_1887,1.0,1.0,1.0,1.0,0.7871546029909718,Prototype only
q_1888,1.0,1.0,1.0,1.0,0.7978637366933587,Prototype only
q_1889,1.0,1.0,1.0,1.0,0.6735439182299784,Prototype only
q_1890,1.0,1.0,1.0,1.0,0.7978637366933587,Prototype only
q_1891,1.0,1.0,1.0,1.0,0.6735439182299784,Prototype only
q_1892,1.0,1.0,1.0,1.0,0.7871546029909718,Prototype only
q_1893,1.0,1.0,1.0,1.0,0.6735439182299784,Prototype only
q_1894,1.0,1.0,1.0,1.0,0.8556691603792904,Prototype only
q_1895,0.6666666666666666,1.0,1.0,0.8333333333333334,0.699403087169325,Prototype only
q_1896,1.0,1.0,1.0,1.0,0.6735439182299784,Prototype only
q_1897,1.0,1.0,1.0,1.0,0.6735439182299784,Prototype only
q_1898,1.0,1.0,1.0,1.0,0.8556691603792904,Prototype only
q_1899,0.0,1.0,1.0,0.5,0.8579514172105233,Prototype only
q_1900,1.0,1.0,1.0,1.0,0.8178747578506881,Prototype only
q_1901,1.0,1.0,1.0,1.0,0.9324441894571632,Prototype only
q_1902,0.0,1.0,1.0,0.5,0.42495889834839423,Prototype only
q_1903,1.0,1.0,1.0,1.0,0.7871546029909718,Prototype only
q_1904,1.0,1.0,1.0,1.0,0.7871546029909718,Prototype only
q_1905,1.0,1.0,1.0,1.0,0.6735439182299784,Prototype only
q_1906,1.0,1.0,1.0,1.0,0.7569858564045292,Prototype only
q_1907,1.0,1.0,1.0,1.0,0.7852134991855584,Prototype only
q_1908,1.0,1.0,1.0,1.0,0.6735439182299784,Prototype only
q_1909,1.0,1.0,1.0,1.0,0.763785624562094,Prototype only
q_1910,1.0,1.0,1.0,1.0,1.0,Prototype only
q_1911,1.0,1.0,1.0,1.0,0.8178747578506881,Prototype only
q_1912,1.0,1.0,1.0,1.0,0.7871546029909718,Prototype only
q_1913,0.0,1.0,1.0,0.5,0.4966392596877323,Prototype only
q_1914,1.0,1.0,1.0,1.0,0.8556691603792904,Prototype only
q_1915,1.0,1.0,1.0,1.0,0.7871546029909718,Prototype only
q_1916,1.0,1.0,1.0,1.0,0.6735439182299784,Prototype only
q_1917,1.0,1.0,1.0,1.0,0.6735439182299784,Prototype only
q_1918,1.0,1.0,1.0,1.0,0.7978637366933587,Prototype only
q_1919,1.0,1.0,1.0,1.0,0.6735439182299784,Prototype only
q_1920,1.0,1.0,1.0,1.0,0.6735439182299784,Prototype only
q_1921,1.0,1.0,1.0,1.0,0.6735439182299784,Prototype only
q_1922,1.0,1.0,1.0,1.0,0.7871546029909718,Prototype only
q_1923,1.0,1.0,1.0,1.0,0.6735439182299784,Prototype only
q_1924,1.0,1.0,1.0,1.0,0.6735439182299784,Prototype only
q_1925,1.0,1.0,1.0,1.0,0.7871546029909718,Prototype only
q_1926,1.0,1.0,1.0,1.0,0.6735439182299784,Prototype only
q_1927,1.0,1.0,1.0,1.0,0.7906982521350533,Prototype only
q_1928,1.0,1.0,1.0,1.0,0.8556691603792904,Prototype only
q_1929,1.0,1.0,1.0,1.0,0.6735439182299784,Prototype only
q_1930,1.0,1.0,1.0,1.0,0.7871546029909718,Prototype only
q_1931,1.0,1.0,1.0,1.0,0.7871546029909718,Prototype only
q_1932,0.0,1.0,1.0,0.3333333333333333,0.3367719591149892,Prototype only
q_1933,1.0,1.0,1.0,1.0,0.8556691603792904,Prototype only
q_1934,1.0,1.0,1.0,1.0,0.7871546029909718,Prototype only
q_1935,1.0,1.0,1.0,1.0,0.7871546029909718,Prototype only
q_1936,0.0,0.0,0.0,0.0,0.13099015884915674,Prototype only
q_1937,1.0,1.0,1.0,1.0,0.8556691603792904,Prototype only
q_1938,1.0,1.0,1.0,1.0,0.7978637366933587,Prototype only
q_1939,1.0,1.0,1.0,1.0,0.6735439182299784,Prototype only
q_1940,1.0,1.0,1.0,1.0,0.6735439182299784,Prototype only
q_1941,1.0,1.0,1.0,1.0,0.8112044174649116,Prototype only
q_1942,1.0,1.0,1.0,1.0,0.6735439182299784,Prototype only
q_1943,1.0,1.0,1.0,1.0,0.6735439182299784,Prototype only
q_1944,1.0,1.0,1.0,1.0,0.6735439182299784,Prototype only
q_1945,1.0,1.0,1.0,1.0,0.7978637366933587,Prototype only
q_1946,1.0,1.0,1.0,1.0,0.9324441894571632,Prototype only
q_1947,0.0,0.0,1.0,0.15079365079365073,0.22965015444213396,Prototype only
q_1948,1.0,1.0,1.0,1.0,0.8515023633550364,Prototype only
q_1949,1.0,1.0,1.0,1.0,0.6735439182299784,Prototype only
q_1950,1.0,1.0,1.0,1.0,0.6735439182299784,Prototype only
q_1951,1.0,1.0,1.0,1.0,0.6735439182299784,Prototype only
q_1952,1.0,1.0,1.0,1.0,0.8178747578506881,Prototype only
q_1953,1.0,1.0,1.0,1.0,0.6735439182299784,Prototype only
q_1954,1.0,1.0,1.0,1.0,0.6735439182299784,Prototype only
q_1955,1.0,1.0,1.0,1.0,0.6735439182299784,Prototype only
q_1956,0.0,1.0,1.0,0.3333333333333333,0.3367719591149892,Prototype only
q_1957,1.0,1.0,1.0,1.0,0.7871546029909718,Prototype only
q_1958,1.0,1.0,1.0,1.0,0.6735439182299784,Prototype only
q_1959,1.0,1.0,1.0,1.0,0.6735439182299784,Prototype only
q_1960,1.0,1.0,1.0,1.0,0.6735439182299784,Prototype only
q_1961,1.0,1.0,1.0,1.0,0.6735439182299784,Prototype only
q_1962,1.0,1.0,1.0,1.0,0.6735439182299784,Prototype only
q_1963,1.0,1.0,1.0,1.0,0.8556691603792904,Prototype only
q_1964,0.0,1.0,1.0,0.5,0.42495889834839423,Prototype only
q_1965,1.0,1.0,1.0,1.0,0.7871546029909718,Prototype only
q_1966,1.0,1.0,1.0,1.0,0.8556691603792904,Prototype only
q_1967,1.0,1.0,1.0,1.0,0.6735439182299784,Prototype only
q_1968,1.0,1.0,1.0,1.0,0.7013578976214955,Prototype only
q_1969,1.0,1.0,1.0,1.0,0.6735439182299784,Prototype only
q_1970,1.0,1.0,1.0,1.0,0.7871546029909718,Prototype only
q_1971,1.0,1.0,1.0,1.0,0.6735439182299784,Prototype only
q_1972,1.0,1.0,1.0,1.0,1.0,Prototype only
q_1973,1.0,1.0,1.0,1.0,0.6735439182299784,Prototype only
q_1974,1.0,1.0,1.0,1.0,0.6735439182299784,Prototype only
q_1975,0.0,1.0,1.0,0.5,0.4966392596877323,Prototype only
q_1976,1.0,1.0,1.0,1.0,0.6735439182299784,Prototype only
q_1977,1.0,1.0,1.0,1.0,0.7871546029909718,Prototype only
q_1978,0.0,0.0,0.0,0.0,0.0,Prototype only
q_1979,1.0,1.0,1.0,1.0,0.6735439182299784,Prototype only
q_1980,1.0,1.0,1.0,1.0,0.6735439182299784,Prototype only
q_1981,0.0,0.0,1.0,0.13095238095238093,0.21649117925279568,Prototype only
q_1982,1.0,1.0,1.0,1.0,0.6735439182299784,Prototype only
q_1983,1.0,1.0,1.0,1.0,0.7871546029909718,Prototype only
q_1984,0.0,1.0,1.0,0.25,0.290079576414554,Prototype only
q_1985,1.0,1.0,1.0,1.0,0.6735439182299784,Prototype only
q_1986,1.0,1.0,1.0,1.0,0.9421945763140686,Prototype only
q_1987,1.0,1.0,1.0,1.0,0.929544338806268,Prototype only
q_1988,1.0,1.0,1.0,1.0,1.0,Prototype only
q_1989,1.0,1.0,1.0,1.0,0.6735439182299784,Prototype only
q_1990,1.0,1.0,1.0,1.0,1.0,Prototype only
q_1991,1.0,1.0,1.0,1.0,0.7871546029909718,Prototype only
q_1992,1.0,1.0,1.0,1.0,0.7871546029909718,Prototype only
q_1993,1.0,1.0,1.0,1.0,0.7871546029909718,Prototype only
q_1994,0.0,1.0,1.0,0.25,0.290079576414554,Prototype only
q_1995,1.0,1.0,1.0,1.0,0.7871546029909718,Prototype only
q_1996,1.0,1.0,1.0,1.0,0.7871546029909718,Prototype only
q_1997,1.0,1.0,1.0,1.0,0.6735439182299784,Prototype only
q_1998,1.0,1.0,1.0,1.0,0.6735439182299784,Prototype only
q_1999,1.0,1.0,1.0,1.0,0.7871546029909718,Prototype only
q_2000,0.0,1.0,1.0,0.2333333333333333,0.533390036341426,Prototype only
q_2001,1.0,1.0,1.0,1.0,0.95583058934618,Prototype only
q_2002,1.0,1.0,1.0,1.0,0.7871546029909718,Prototype only
q_2003,1.0,1.0,1.0,1.0,0.6735439182299784,Prototype only
q_2004,1.0,1.0,1.0,1.0,0.7871546029909718,Prototype only
q_2005,1.0,1.0,1.0,1.0,0.6735439182299784,Prototype only
q_2006,0.0,1.0,1.0,0.5,0.5492787168117745,Prototype only
q_2007,1.0,1.0,1.0,1.0,0.7871546029909718,Prototype only
q_2008,1.0,1.0,1.0,1.0,0.7871546029909718,Prototype only
q_2009,1.0,1.0,1.0,1.0,0.6735439182299784,Prototype only
q_2010,0.0,0.0,1.0,0.1666666666666666,0.280390126950546,Prototype only
q_2011,1.0,1.0,1.0,1.0,0.6735439182299784,Prototype only
q_2012,1.0,1.0,1.0,1.0,0.7871546029909718,Prototype only
q_2013,0.0,1.0,1.0,0.3333333333333333,0.3367719591149892,Prototype only
q_2014,1.0,1.0,1.0,1.0,0.7871546029909718,Prototype only
q_2015,1.0,1.0,1.0,1.0,0.6735439182299784,Prototype only
q_2016,1.0,1.0,1.0,1.0,0.7871546029909718,Prototype only
q_2017,0.0,1.0,1.0,0.3333333333333333,0.3367719591149892,Prototype only
q_2018,1.0,1.0,1.0,1.0,0.7871546029909718,Prototype only
q_2019,1.0,1.0,1.0,1.0,0.6735439182299784,Prototype only
q_2020,1.0,1.0,1.0,1.0,0.6735439182299784,Prototype only
q_2021,1.0,1.0,1.0,1.0,0.6735439182299784,Prototype only
q_2022,0.0,0.0,0.0,0.0,0.0,Prototype only
q_2023,1.0,1.0,1.0,1.0,0.7871546029909718,Prototype only
q_2024,1.0,1.0,1.0,1.0,0.6735439182299784,Prototype only
q_2025,0.0,0.0,1.0,0.1666666666666666,0.280390126950546,Prototype only
q_2026,1.0,1.0,1.0,1.0,0.8906085984604922,Prototype only
q_2027,0.0,0.0,0.0,0.0,0.0,Prototype only
q_2028,1.0,1.0,1.0,1.0,0.8556691603792904,Prototype only
q_2029,0.0,0.0,0.0,0.0,0.0,Prototype only
q_2030,1.0,1.0,1.0,1.0,0.7871546029909718,Prototype only
q_2031,1.0,1.0,1.0,1.0,0.6735439182299784,Prototype only
q_2032,1.0,1.0,1.0,1.0,0.6735439182299784,Prototype only
q_2033,0.0,0.0,1.0,0.1111111111111111,0.2027569227842713,Prototype only
q_2034,1.0,1.0,1.0,1.0,0.7871546029909718,Prototype only
q_0001,1.0,1.0,1.0,1.0,0.7871546029909718,Residual only
q_0002,1.0,1.0,1.0,1.0,0.8556691603792904,Residual only
q_0003,1.0,1.0,1.0,1.0,0.7871546029909718,Residual only
q_0004,0.0,1.0,1.0,0.4444444444444444,0.4622852736236502,Residual only
q_0005,0.3333333333333333,1.0,1.0,0.611111111111111,0.4784249252311206,Residual only
q_0006,1.0,1.0,1.0,1.0,0.6735439182299784,Residual only
q_0007,0.3333333333333333,1.0,1.0,0.6666666666666666,0.5078205716422556,Residual only
q_0008,0.0,0.0,0.0,0.0,0.0,Residual only
q_0009,1.0,1.0,1.0,1.0,0.6735439182299784,Residual only
q_0010,1.0,1.0,1.0,1.0,0.6735439182299784,Residual only
q_0011,0.0,0.6666666666666666,1.0,0.18888888888888888,0.296472020913281,Residual only
q_0012,1.0,1.0,1.0,1.0,0.6735439182299784,Residual only
q_0013,0.0,0.0,0.0,0.0,0.0,Residual only
q_0014,1.0,1.0,1.0,1.0,0.7871546029909718,Residual only
q_0015,1.0,1.0,1.0,1.0,0.7581371516964795,Residual only
q_0016,0.3333333333333333,1.0,1.0,0.6666666666666666,0.7504803114469922,Residual only
q_0017,0.0,0.0,0.0,0.0,0.0,Residual only
q_0018,1.0,1.0,1.0,1.0,0.6735439182299784,Residual only
q_0019,0.0,1.0,1.0,0.25,0.723072095276683,Residual only
q_0020,1.0,1.0,1.0,1.0,0.7871546029909718,Residual only
q_0021,0.0,1.0,1.0,0.3055555555555555,0.5284729324554477,Residual only
q_0022,0.0,0.0,0.0,0.0,0.0,Residual only
q_0023,1.0,1.0,1.0,1.0,1.0,Residual only
q_0024,1.0,1.0,1.0,1.0,0.7871546029909718,Residual only
q_0025,0.0,0.0,0.6666666666666666,0.07407407407407407,0.13517128185618085,Residual only
q_0026,0.0,1.0,1.0,0.27777777777777773,0.594305383222785,Residual only
q_0027,1.0,1.0,1.0,1.0,0.6735439182299784,Residual only
q_0028,1.0,1.0,1.0,1.0,0.7871546029909718,Residual only
q_0029,1.0,1.0,1.0,1.0,0.6735439182299784,Residual only
q_0030,1.0,1.0,1.0,1.0,0.6735439182299784,Residual only
q_0031,0.0,1.0,1.0,0.4166666666666667,0.4492958379380207,Residual only
q_0032,0.6666666666666666,1.0,1.0,0.8333333333333334,0.6903161552232254,Residual only
q_0033,1.0,1.0,1.0,1.0,0.6735439182299784,Residual only
q_0034,1.0,1.0,1.0,1.0,0.7871546029909718,Residual only
q_0035,1.0,1.0,1.0,1.0,0.6735439182299784,Residual only
q_0036,1.0,1.0,1.0,1.0,0.7871546029909718,Residual only
q_0037,1.0,1.0,1.0,1.0,0.7871546029909718,Residual only
q_0038,1.0,1.0,1.0,1.0,0.7852134991855584,Residual only
q_0039,0.0,0.0,1.0,0.1263227513227513,0.2132503371228204,Residual only
q_0040,1.0,1.0,1.0,1.0,0.7871546029909718,Residual only
q_0041,1.0,1.0,1.0,1.0,0.6735439182299784,Residual only
q_0042,0.0,0.0,0.0,0.0,0.0,Residual only
q_0043,1.0,1.0,1.0,1.0,0.7871546029909718,Residual only
q_0044,0.0,1.0,1.0,0.25,0.37998199012707584,Residual only
q_0045,1.0,1.0,1.0,1.0,0.8178747578506881,Residual only
q_0046,1.0,1.0,1.0,1.0,0.9421945763140686,Residual only
q_0047,1.0,1.0,1.0,1.0,0.9109870723655821,Residual only
q_0048,1.0,1.0,1.0,1.0,0.8571436853141958,Residual only
q_0049,1.0,1.0,1.0,1.0,0.792059412274809,Residual only
q_0050,0.0,1.0,1.0,0.5,0.42495889834839423,Residual only
q_0051,1.0,1.0,1.0,1.0,0.7936469908574253,Residual only
q_0052,1.0,1.0,1.0,1.0,0.6735439182299784,Residual only
q_0053,0.0,1.0,1.0,0.5,0.42495889834839423,Residual only
q_0054,1.0,1.0,1.0,1.0,0.7871546029909718,Residual only
q_0055,0.0,1.0,1.0,0.3333333333333333,0.46109177757836955,Residual only
q_0056,0.0,0.3333333333333333,1.0,0.19444444444444442,0.25664064847579554,Residual only
q_0057,1.0,1.0,1.0,1.0,0.7871546029909718,Residual only
q_0058,0.0,1.0,1.0,0.38888888888888884,0.3661676055261242,Residual only
q_0059,1.0,1.0,1.0,1.0,1.0,Residual only
q_0060,1.0,1.0,1.0,1.0,0.8556691603792904,Residual only
q_0061,0.0,0.0,0.3333333333333333,0.037037037037037035,0.06758564092809043,Residual only
q_0062,0.0,1.0,1.0,0.3055555555555555,0.32120783154817745,Residual only
q_0063,0.0,0.6666666666666666,1.0,0.21944444444444444,0.298903195967536,Residual only
q_0064,0.3333333333333333,1.0,1.0,0.611111111111111,0.4784249252311206,Residual only
q_0065,1.0,1.0,1.0,1.0,1.0,Residual only
q_0066,0.0,0.0,1.0,0.1037037037037037,0.23067818797435913,Residual only
q_0067,0.3333333333333333,1.0,1.0,0.6666666666666666,0.5078205716422556,Residual only
q_0068,1.0,1.0,1.0,1.0,1.0,Residual only
q_0069,1.0,1.0,1.0,1.0,0.8556691603792904,Residual only
q_0070,0.0,1.0,1.0,0.5,0.42495889834839423,Residual only
q_0071,1.0,1.0,1.0,1.0,0.6735439182299784,Residual only
q_0072,1.0,1.0,1.0,1.0,0.8171322112553359,Residual only
q_0073,0.0,1.0,1.0,0.2888888888888889,0.4673431857647273,Residual only
q_0074,1.0,1.0,1.0,1.0,0.6735439182299784,Residual only
q_0075,1.0,1.0,1.0,1.0,1.0,Residual only
q_0076,0.0,0.0,1.0,0.11798941798941798,0.24229357432927445,Residual only
q_0077,0.0,0.0,1.0,0.1666666666666666,0.2399211845064163,Residual only
q_0078,0.0,1.0,1.0,0.38888888888888884,0.42793128755956805,Residual only
q_0079,0.0,1.0,1.0,0.3333333333333333,0.42136519258149036,Residual only
q_0080,0.0,1.0,1.0,0.5,0.5160215194230502,Residual only
q_0081,1.0,1.0,1.0,1.0,0.7871546029909718,Residual only
q_0082,1.0,1.0,1.0,1.0,0.6735439182299784,Residual only
q_0083,1.0,1.0,1.0,1.0,0.7871546029909718,Residual only
q_0084,1.0,1.0,1.0,1.0,0.933296256815353,Residual only
q_0085,0.0,0.0,0.0,0.0,0.0,Residual only
q_0086,1.0,1.0,1.0,1.0,0.7871546029909718,Residual only
q_0087,1.0,1.0,1.0,1.0,0.6735439182299784,Residual only
q_0088,0.3333333333333333,1.0,1.0,0.6666666666666666,0.5078205716422556,Residual only
q_0089,0.0,0.0,0.0,0.0,0.1243198184633803,Residual only
q_0090,1.0,1.0,1.0,1.0,0.6735439182299784,Residual only
q_0091,1.0,1.0,1.0,1.0,0.7871546029909718,Residual only
q_0092,0.0,1.0,1.0,0.4444444444444444,0.49897491392444643,Residual only
q_0093,0.0,1.0,1.0,0.2333333333333333,0.3889613450305838,Residual only
q_0094,1.0,1.0,1.0,1.0,0.6735439182299784,Residual only
q_0095,1.0,1.0,1.0,1.0,0.7936469908574253,Residual only
q_0096,1.0,1.0,1.0,1.0,0.6735439182299784,Residual only
q_0097,1.0,1.0,1.0,1.0,0.7381725801843518,Residual only
q_0098,1.0,1.0,1.0,1.0,0.7871546029909718,Residual only
q_0099,1.0,1.0,1.0,1.0,0.6735439182299784,Residual only
q_0100,1.0,1.0,1.0,1.0,0.6735439182299784,Residual only
q_0101,0.0,0.0,0.0,0.0,0.0,Residual only
q_0102,1.0,1.0,1.0,1.0,0.8556691603792904,Residual only
q_0103,1.0,1.0,1.0,1.0,0.9799889788426704,Residual only
q_0104,0.0,0.0,0.3333333333333333,0.03333333333333333,0.06489928524687276,Residual only
q_0105,1.0,1.0,1.0,1.0,0.6735439182299784,Residual only
q_0106,0.0,0.0,0.0,0.0,0.0,Residual only
q_0107,1.0,1.0,1.0,1.0,0.8178747578506881,Residual only
q_0108,1.0,1.0,1.0,1.0,0.9402396560868356,Residual only
q_0109,0.0,1.0,1.0,0.38888888888888884,0.3661676055261242,Residual only
q_0110,1.0,1.0,1.0,1.0,0.7291718770130123,Residual only
q_0111,0.3333333333333333,1.0,1.0,0.6666666666666666,0.5934777074554788,Residual only
q_0112,1.0,1.0,1.0,1.0,0.7871546029909718,Residual only
q_0113,1.0,1.0,1.0,1.0,0.6735439182299784,Residual only
q_0114,0.0,1.0,1.0,0.3333333333333333,0.3935773014954859,Residual only
q_0115,1.0,1.0,1.0,1.0,0.7936469908574253,Residual only
q_0116,0.0,1.0,1.0,0.38888888888888884,0.4544523619179442,Residual only
q_0117,0.0,0.6666666666666666,1.0,0.21428571428571427,0.2682245974130336,Residual only
q_0118,1.0,1.0,1.0,1.0,0.7871546029909718,Residual only
q_0119,1.0,1.0,1.0,1.0,0.7822647604631864,Residual only
q_0120,0.0,1.0,1.0,0.2333333333333333,0.3275103460234028,Residual only
q_0121,0.6666666666666666,1.0,1.0,0.7777777777777778,0.5612865985249821,Residual only
q_0122,0.6666666666666666,1.0,1.0,0.8333333333333334,0.8148034128593616,Residual only
q_0123,1.0,1.0,1.0,1.0,0.8556691603792904,Residual only
q_0124,1.0,1.0,1.0,1.0,0.6735439182299784,Residual only
q_0125,1.0,1.0,1.0,1.0,0.7871546029909718,Residual only
q_0126,0.0,1.0,1.0,0.5,0.5692897379691039,Residual only
q_0127,1.0,1.0,1.0,1.0,0.735971645170577,Residual only
q_0128,1.0,1.0,1.0,1.0,0.6735439182299784,Residual only
q_0129,1.0,1.0,1.0,1.0,0.8178747578506881,Residual only
q_0130,1.0,1.0,1.0,1.0,0.7342523322797492,Residual only
q_0131,0.0,1.0,1.0,0.38888888888888884,0.42793128755956805,Residual only
q_0132,1.0,1.0,1.0,1.0,0.7822647604631864,Residual only
q_0133,0.0,0.0,0.0,0.0,0.0,Residual only
q_0134,0.0,1.0,1.0,0.38888888888888884,0.3661676055261242,Residual only
q_0135,1.0,1.0,1.0,1.0,0.7871546029909718,Residual only
q_0136,0.0,1.0,1.0,0.3055555555555555,0.32120783154817745,Residual only
q_0137,1.0,1.0,1.0,1.0,0.6735439182299784,Residual only
q_0138,1.0,1.0,1.0,1.0,0.8226288358258098,Residual only
q_0139,1.0,1.0,1.0,1.0,0.7871546029909718,Residual only
q_0140,1.0,1.0,1.0,1.0,0.6735439182299784,Residual only
q_0141,0.0,1.0,1.0,0.5,0.7136205775898136,Residual only
q_0142,1.0,1.0,1.0,1.0,0.6735439182299784,Residual only
q_0143,1.0,1.0,1.0,1.0,0.6735439182299784,Residual only
q_0144,1.0,1.0,1.0,1.0,0.8304728920268888,Residual only
q_0145,1.0,1.0,1.0,1.0,1.0,Residual only
q_0146,1.0,1.0,1.0,1.0,0.7871546029909718,Residual only
q_0147,0.0,0.0,0.0,0.0,0.0,Residual only
q_0148,1.0,1.0,1.0,1.0,0.6735439182299784,Residual only
q_0149,1.0,1.0,1.0,1.0,0.943107113117489,Residual only
q_0150,1.0,1.0,1.0,1.0,0.6735439182299784,Residual only
q_0151,0.0,1.0,1.0,0.20000000000000004,0.549224034804439,Residual only
q_0152,1.0,1.0,1.0,1.0,0.6735439182299784,Residual only
q_0153,0.0,1.0,1.0,0.27777777777777773,0.4433042032162989,Residual only
q_0154,1.0,1.0,1.0,1.0,0.7871546029909718,Residual only
q_0155,1.0,1.0,1.0,1.0,0.6735439182299784,Residual only
q_0156,1.0,1.0,1.0,1.0,0.7646065393046344,Residual only
q_0157,1.0,1.0,1.0,1.0,0.6735439182299784,Residual only
q_0158,0.3333333333333333,1.0,1.0,0.6666666666666666,0.7019097256485344,Residual only
q_0159,1.0,1.0,1.0,1.0,0.6735439182299784,Residual only
q_0160,0.0,1.0,1.0,0.5,0.4966392596877323,Residual only
q_0161,0.0,0.3333333333333333,1.0,0.18148148148148147,0.2447422458799596,Residual only
q_0162,1.0,1.0,1.0,1.0,0.8556691603792904,Residual only
q_0163,0.0,1.0,1.0,0.25,0.3390090350877799,Residual only
q_0164,1.0,1.0,1.0,1.0,0.6735439182299784,Residual only
q_0165,1.0,1.0,1.0,1.0,0.8304728920268888,Residual only
q_0166,1.0,1.0,1.0,1.0,0.7763672830184426,Residual only
q_0167,1.0,1.0,1.0,1.0,0.6735439182299784,Residual only
q_0168,1.0,1.0,1.0,1.0,0.7871546029909718,Residual only
q_0169,0.6666666666666666,1.0,1.0,0.8333333333333334,0.8083196327827981,Residual only
q_0170,1.0,1.0,1.0,1.0,0.6735439182299784,Residual only
q_0171,1.0,1.0,1.0,1.0,0.7871546029909718,Residual only
q_0172,1.0,1.0,1.0,1.0,0.6735439182299784,Residual only
q_0173,0.0,0.0,1.0,0.13095238095238093,0.21649117925279568,Residual only
q_0174,0.0,0.0,0.0,0.0,0.0,Residual only
q_0175,0.0,1.0,1.0,0.3333333333333333,0.3935773014954859,Residual only
q_0176,1.0,1.0,1.0,1.0,0.7763672830184426,Residual only
q_0177,1.0,1.0,1.0,1.0,0.7871546029909718,Residual only
q_0178,0.0,1.0,1.0,0.21666666666666667,0.3160116569590256,Residual only
q_0179,0.6666666666666666,1.0,1.0,0.8333333333333334,0.8589921415784335,Residual only
q_0180,1.0,1.0,1.0,1.0,0.8556691603792904,Residual only
q_0181,0.0,0.3333333333333333,1.0,0.18650793650793648,0.2515051334436544,Residual only
q_0182,0.0,1.0,1.0,0.5,0.4966392596877323,Residual only
q_0183,1.0,1.0,1.0,1.0,0.9705537262307867,Residual only
q_0184,1.0,1.0,1.0,1.0,0.7871546029909718,Residual only
q_0185,1.0,1.0,1.0,1.0,0.7858012379349749,Residual only
q_0186,0.0,1.0,1.0,0.5,0.42495889834839423,Residual only
q_0187,1.0,1.0,1.0,1.0,0.6735439182299784,Residual only
q_0188,1.0,1.0,1.0,1.0,0.6735439182299784,Residual only
q_0189,1.0,1.0,1.0,1.0,0.6735439182299784,Residual only
q_0190,1.0,1.0,1.0,1.0,0.7871546029909718,Residual only
q_0191,1.0,1.0,1.0,1.0,0.7871546029909718,Residual only
q_0192,1.0,1.0,1.0,1.0,0.7871546029909718,Residual only
q_0193,0.0,1.0,1.0,0.5,0.7136205775898136,Residual only
q_0194,0.3333333333333333,1.0,1.0,0.6666666666666666,0.5934777074554788,Residual only
q_0195,1.0,1.0,1.0,1.0,0.7871546029909718,Residual only
q_0196,0.0,0.3333333333333333,0.3333333333333333,0.06666666666666667,0.21546680843531338,Residual only
q_0197,0.0,0.0,0.0,0.0,0.0,Residual only
q_0198,1.0,1.0,1.0,1.0,0.7894302450214918,Residual only
q_0199,0.0,1.0,1.0,0.25,0.3390090350877799,Residual only
q_0200,0.0,1.0,1.0,0.5,0.4966392596877323,Residual only
q_0201,1.0,1.0,1.0,1.0,0.8556691603792904,Residual only
q_0202,0.0,0.0,1.0,0.11203703703703705,0.2033114092330289,Residual only
q_0203,1.0,1.0,1.0,1.0,0.7871546029909718,Residual only
q_0204,0.0,0.0,1.0,0.14021164021164015,0.22239758223356013,Residual only
q_0205,1.0,1.0,1.0,1.0,0.7635479875126263,Residual only
q_0206,1.0,1.0,1.0,1.0,0.6735439182299784,Residual only
q_0207,0.0,1.0,1.0,0.5,0.4966392596877323,Residual only
q_0208,0.0,0.3333333333333333,1.0,0.15595238095238093,0.23251881471573654,Residual only
q_0209,0.0,0.0,0.0,0.0,0.07351345940350666,Residual only
q_0210,0.0,0.3333333333333333,1.0,0.17777777777777773,0.28843107393191353,Residual only
q_0211,0.0,0.0,0.6666666666666666,0.07037037037037037,0.13248492617496319,Residual only
q_0212,0.0,1.0,1.0,0.5,0.42495889834839423,Residual only
q_0213,0.0,0.0,1.0,0.1666666666666666,0.2399211845064163,Residual only
q_0214,0.3333333333333333,1.0,1.0,0.6666666666666666,0.5934777074554788,Residual only
q_0215,0.0,0.0,1.0,0.13888888888888887,0.25900979554609277,Residual only
q_0216,0.0,0.0,0.0,0.0,0.0,Residual only
q_0217,0.0,0.3333333333333333,0.6666666666666666,0.10000000000000002,0.15175340376787935,Residual only
q_0218,0.0,1.0,1.0,0.21666666666666667,0.27040142918019777,Residual only
q_0219,1.0,1.0,1.0,1.0,0.7871546029909718,Residual only
q_0220,0.0,1.0,1.0,0.25,0.4470085502114643,Residual only
q_0221,1.0,1.0,1.0,1.0,0.7978637366933587,Residual only
q_0222,0.0,0.0,0.0,0.0,0.0,Residual only
q_0223,1.0,1.0,1.0,1.0,0.7763672830184426,Residual only
q_0224,1.0,1.0,1.0,1.0,0.9436934559777789,Residual only
q_0225,1.0,1.0,1.0,1.0,0.7871546029909718,Residual only
q_0226,0.3333333333333333,1.0,1.0,0.6666666666666666,0.5934777074554788,Residual only
q_0227,1.0,1.0,1.0,1.0,0.8992339701766453,Residual only
q_0228,1.0,1.0,1.0,1.0,0.7978637366933587,Residual only
q_0229,0.0,1.0,1.0,0.38888888888888884,0.39513288020959153,Residual only
q_0230,1.0,1.0,1.0,1.0,0.6735439182299784,Residual only
q_0231,1.0,1.0,1.0,1.0,0.7871546029909718,Residual only
q_0232,0.0,1.0,1.0,0.5,0.42495889834839423,Residual only
q_0233,1.0,1.0,1.0,1.0,0.9433706390780371,Residual only
q_0234,1.0,1.0,1.0,1.0,0.7871546029909718,Residual only
q_0235,1.0,1.0,1.0,1.0,0.6735439182299784,Residual only
q_0236,0.0,0.0,1.0,0.1666666666666666,0.280390126950546,Residual only
q_0237,0.0,1.0,1.0,0.5,0.4966392596877323,Residual only
q_0238,1.0,1.0,1.0,1.0,1.0,Residual only
q_0239,1.0,1.0,1.0,1.0,0.8556691603792904,Residual only
q_0240,1.0,1.0,1.0,1.0,0.6735439182299784,Residual only
q_0241,0.0,0.0,0.0,0.0,0.0,Residual only
q_0242,0.0,1.0,1.0,0.24444444444444446,0.2859655567470096,Residual only
q_0243,1.0,1.0,1.0,1.0,0.7871546029909718,Residual only
q_0244,1.0,1.0,1.0,1.0,0.7871546029909718,Residual only
q_0245,1.0,1.0,1.0,1.0,0.6735439182299784,Residual only
q_0246,0.0,0.0,1.0,0.15079365079365073,0.2683866207592868,Residual only
q_0247,0.0,1.0,1.0,0.25,0.3390090350877799,Residual only
q_0248,0.3333333333333333,1.0,1.0,0.611111111111111,0.4784249252311206,Residual only
q_0249,0.0,1.0,1.0,0.3333333333333333,0.6254336383564085,Residual only
q_0250,1.0,1.0,1.0,1.0,0.6735439182299784,Residual only
q_0251,1.0,1.0,1.0,1.0,0.7871546029909718,Residual only
q_0252,1.0,1.0,1.0,1.0,0.7871546029909718,Residual only
q_0253,1.0,1.0,1.0,1.0,0.7871546029909718,Residual only
q_0254,1.0,1.0,1.0,1.0,0.7763672830184426,Residual only
q_0255,0.0,0.0,0.0,0.0,0.0,Residual only
q_0256,0.0,0.0,0.0,0.0,0.0,Residual only
q_0257,1.0,1.0,1.0,1.0,0.7871546029909718,Residual only
q_0258,1.0,1.0,1.0,1.0,0.8556691603792904,Residual only
q_0259,1.0,1.0,1.0,1.0,0.7871546029909718,Residual only
q_0260,1.0,1.0,1.0,1.0,0.7367836478429339,Residual only
q_0261,0.0,1.0,1.0,0.38888888888888884,0.3661676055261242,Residual only
q_0262,1.0,1.0,1.0,1.0,0.7871546029909718,Residual only
q_0263,0.0,1.0,1.0,0.20000000000000004,0.2605623555630197,Residual only
q_0264,0.0,1.0,1.0,0.3055555555555555,0.32120783154817745,Residual only
q_0265,1.0,1.0,1.0,1.0,0.7871546029909718,Residual only
q_0266,0.0,0.0,0.0,0.0,0.2886616792414193,Residual only
q_0267,0.0,0.0,0.0,0.0,0.0,Residual only
q_0268,1.0,1.0,1.0,1.0,0.6735439182299784,Residual only
q_0269,1.0,1.0,1.0,1.0,0.7871546029909718,Residual only
q_0270,1.0,1.0,1.0,1.0,0.7871546029909718,Residual only
q_0271,1.0,1.0,1.0,1.0,0.6735439182299784,Residual only
q_0272,1.0,1.0,1.0,1.0,1.0,Residual only
q_0273,1.0,1.0,1.0,1.0,1.0,Residual only
q_0274,1.0,1.0,1.0,1.0,0.8129154654194025,Residual only
q_0275,1.0,1.0,1.0,1.0,0.7871546029909718,Residual only
q_0276,0.0,1.0,1.0,0.38888888888888884,0.42793128755956805,Residual only
q_0277,0.0,0.0,0.0,0.0,0.0,Residual only
q_0278,0.0,0.6666666666666666,1.0,0.19761904761904758,0.2583855237958555,Residual only
q_0279,1.0,1.0,1.0,1.0,0.6735439182299784,Residual only
q_0280,1.0,1.0,1.0,1.0,0.7871546029909718,Residual only
q_0281,0.0,0.0,0.0,0.0,0.0,Residual only
q_0282,1.0,1.0,1.0,1.0,0.7871546029909718,Residual only
q_0283,0.3333333333333333,1.0,1.0,0.5555555555555555,0.44902927881998567,Residual only
q_0284,1.0,1.0,1.0,1.0,0.7871546029909718,Residual only
q_0285,1.0,1.0,1.0,1.0,0.9643900026124981,Residual only
q_0286,1.0,1.0,1.0,1.0,0.7871546029909718,Residual only
q_0287,1.0,1.0,1.0,1.0,0.7741663480046679,Residual only
q_0288,0.0,0.0,1.0,0.15079365079365073,0.22965015444213396,Residual only
q_0289,0.0,1.0,1.0,0.20000000000000004,0.3045129678946485,Residual only
q_0290,1.0,1.0,1.0,1.0,0.6735439182299784,Residual only
q_0291,0.0,1.0,1.0,0.4444444444444444,0.39556325193725916,Residual only
q_0292,1.0,1.0,1.0,1.0,0.8430710262030896,Residual only
q_0293,0.0,1.0,1.0,0.5,0.42495889834839423,Residual only
q_0294,1.0,1.0,1.0,1.0,0.7871546029909718,Residual only
q_0295,1.0,1.0,1.0,1.0,0.7871546029909718,Residual only
q_0296,0.0,1.0,1.0,0.38888888888888884,0.47910519359526565,Residual only
q_0297,0.0,1.0,1.0,0.25,0.5432291099586042,Residual only
q_0298,1.0,1.0,1.0,1.0,0.8556691603792904,Residual only
q_0299,0.0,1.0,1.0,0.31666666666666665,0.3800537542233869,Residual only
q_0300,1.0,1.0,1.0,1.0,0.7871546029909718,Residual only
q_0301,1.0,1.0,1.0,1.0,0.6735439182299784,Residual only
q_0302,0.6666666666666666,1.0,1.0,0.8333333333333334,0.590682244936117,Residual only
q_0303,0.0,0.0,1.0,0.13095238095238093,0.21649117925279568,Residual only
q_0304,0.0,0.0,1.0,0.10000000000000002,0.1946978557406183,Residual only
q_0305,1.0,1.0,1.0,1.0,0.6735439182299784,Residual only
q_0306,1.0,1.0,1.0,1.0,0.6735439182299784,Residual only
q_0307,0.3333333333333333,1.0,1.0,0.6666666666666666,0.5078205716422556,Residual only
q_0308,1.0,1.0,1.0,1.0,0.6735439182299784,Residual only
q_0309,0.0,0.0,0.3333333333333333,0.037037037037037035,0.06758564092809043,Residual only
q_0310,1.0,1.0,1.0,1.0,0.8861484930851788,Residual only
q_0311,0.0,0.0,0.0,0.0,0.0,Residual only
q_0312,1.0,1.0,1.0,1.0,0.7871546029909718,Residual only
q_0313,0.0,0.0,0.0,0.0,0.0,Residual only
q_0314,1.0,1.0,1.0,1.0,0.6735439182299784,Residual only
q_0315,1.0,1.0,1.0,1.0,0.6735439182299784,Residual only
q_0316,1.0,1.0,1.0,1.0,0.7871546029909718,Residual only
q_0317,1.0,1.0,1.0,1.0,0.7871546029909718,Residual only
q_0318,1.0,1.0,1.0,1.0,0.6735439182299784,Residual only
q_0319,0.6666666666666666,1.0,1.0,0.8333333333333334,0.6903161552232252,Residual only
q_0320,0.0,1.0,1.0,0.2333333333333333,0.28024050279737595,Residual only
q_0321,0.0,0.0,0.0,0.0,0.0,Residual only
q_0322,0.0,1.0,1.0,0.3611111111111111,0.3506034779593124,Residual only
q_0323,1.0,1.0,1.0,1.0,0.6735439182299784,Residual only
q_0324,1.0,1.0,1.0,1.0,0.6735439182299784,Residual only
q_0325,1.0,1.0,1.0,1.0,0.7871546029909718,Residual only
q_0326,0.0,1.0,1.0,0.5,0.42495889834839423,Residual only
q_0327,0.0,1.0,1.0,0.5,0.7136205775898136,Residual only
q_0328,0.0,0.0,0.0,0.0,0.0,Residual only
q_0329,1.0,1.0,1.0,1.0,0.7871546029909718,Residual only
q_0330,0.0,0.0,0.0,0.0,0.0,Residual only
q_0331,1.0,1.0,1.0,1.0,0.7871546029909718,Residual only
q_0332,1.0,1.0,1.0,1.0,0.6735439182299784,Residual only
q_0333,0.0,0.0,0.0,0.0,0.0,Residual only
q_0334,0.0,1.0,1.0,0.3333333333333333,0.8075588805057204,Residual only
q_0335,0.0,1.0,1.0,0.3333333333333333,0.3367719591149892,Residual only
q_0336,1.0,1.0,1.0,1.0,0.9039863514303956,Residual only
q_0337,1.0,1.0,1.0,1.0,0.8556691603792904,Residual only
q_0338,1.0,1.0,1.0,1.0,0.8556691603792904,Residual only
q_0339,0.0,0.3333333333333333,1.0,0.17777777777777773,0.24680157485861742,Residual only
q_0340,0.0,1.0,1.0,0.25,0.3390090350877799,Residual only
q_0341,0.6666666666666666,1.0,1.0,0.8333333333333334,0.590682244936117,Residual only
q_0342,0.0,0.0,0.0,0.0,0.0,Residual only
q_0343,1.0,1.0,1.0,1.0,0.6735439182299784,Residual only
q_0344,0.0,0.0,0.0,0.0,0.0,Residual only
q_0345,1.0,1.0,1.0,1.0,0.6735439182299784,Residual only
q_0346,0.0,1.0,1.0,0.5,0.8579514172105233,Residual only
q_0347,1.0,1.0,1.0,1.0,1.0,Residual only
q_0348,1.0,1.0,1.0,1.0,0.7871546029909718,Residual only
q_0349,1.0,1.0,1.0,1.0,1.0,Residual only
q_0350,1.0,1.0,1.0,1.0,0.6735439182299784,Residual only
q_0351,0.0,1.0,1.0,0.5,0.4966392596877323,Residual only
q_0352,0.0,1.0,1.0,0.5,0.42495889834839423,Residual only
q_0353,0.0,0.0,0.0,0.0,0.21763738784668096,Residual only
q_0354,0.0,0.0,0.0,0.0,0.0,Residual only
q_0355,0.0,0.0,0.0,0.0,0.0,Residual only
q_0356,0.0,1.0,1.0,0.38888888888888884,0.3661676055261242,Residual only
q_0357,1.0,1.0,1.0,1.0,0.7871546029909718,Residual only
q_0358,0.0,0.3333333333333333,1.0,0.16190476190476186,0.2365305447943351,Residual only
q_0359,0.6666666666666666,1.0,1.0,0.8333333333333334,0.6903161552232252,Residual only
q_0360,0.0,0.6666666666666666,1.0,0.242063492063492,0.3116027043713622,Residual only
q_0361,1.0,1.0,1.0,1.0,0.6735439182299784,Residual only
q_0362,0.0,0.0,0.0,0.0,0.0,Residual only
q_0363,0.0,1.0,1.0,0.4444444444444444,0.39556325193725916,Residual only
q_0364,0.3333333333333333,1.0,1.0,0.6666666666666666,0.5934777074554788,Residual only
q_0365,1.0,1.0,1.0,1.0,0.6735439182299784,Residual only
q_0366,1.0,1.0,1.0,1.0,0.7871546029909718,Residual only
q_0367,0.0,1.0,1.0,0.5,0.7136205775898136,Residual only
q_0368,1.0,1.0,1.0,1.0,0.7871546029909718,Residual only
q_0369,1.0,1.0,1.0,1.0,0.7871546029909718,Residual only
q_0370,1.0,1.0,1.0,1.0,0.9225881702591257,Residual only
q_0371,1.0,1.0,1.0,1.0,0.7871546029909718,Residual only
q_0372,1.0,1.0,1.0,1.0,0.7871546029909718,Residual only
q_0373,1.0,1.0,1.0,1.0,0.7871546029909718,Residual only
q_0374,1.0,1.0,1.0,1.0,0.6735439182299784,Residual only
q_0375,0.0,0.0,1.0,0.12037037037037036,0.29522077285214093,Residual only
q_0376,0.0,1.0,1.0,0.5,0.42495889834839423,Residual only
q_0377,1.0,1.0,1.0,1.0,0.9480351227165077,Residual only
q_0378,0.0,0.0,0.0,0.0,0.0,Residual only
q_0379,1.0,1.0,1.0,1.0,0.7871546029909718,Residual only
q_0380,0.0,1.0,1.0,0.3055555555555555,0.32120783154817745,Residual only
q_0381,0.0,0.0,0.0,0.0,0.0,Residual only
q_0382,1.0,1.0,1.0,1.0,0.7871546029909718,Residual only
q_0383,1.0,1.0,1.0,1.0,0.9402396560868356,Residual only
q_0384,1.0,1.0,1.0,1.0,0.6735439182299784,Residual only
q_0385,0.0,0.0,0.0,0.0,0.0,Residual only
q_0386,0.0,0.0,1.0,0.13690476190476186,0.22050290933139424,Residual only
q_0387,0.0,0.0,0.0,0.0,0.0,Residual only
q_0388,0.0,1.0,1.0,0.25,0.7356702294528837,Residual only
q_0389,1.0,1.0,1.0,1.0,0.7871546029909718,Residual only
q_0390,1.0,1.0,1.0,1.0,0.8018379978928314,Residual only
q_0391,0.0,0.0,0.0,0.0,0.0,Residual only
q_0392,0.0,0.0,1.0,0.1448412698412698,0.2636982081526898,Residual only
q_0393,0.0,1.0,1.0,0.3333333333333333,0.3935773014954859,Residual only
q_0394,1.0,1.0,1.0,1.0,0.6735439182299784,Residual only
q_0395,1.0,1.0,1.0,1.0,0.7871546029909718,Residual only
q_0396,1.0,1.0,1.0,1.0,0.6735439182299784,Residual only
q_0397,1.0,1.0,1.0,1.0,0.7871546029909718,Residual only
q_0398,0.0,0.0,0.0,0.0,0.0,Residual only
q_0399,1.0,1.0,1.0,1.0,0.7871546029909718,Residual only
q_0400,1.0,1.0,1.0,1.0,0.7038981252548638,Residual only
q_0401,0.0,0.0,0.0,0.0,0.059319481708352634,Residual only
q_0402,1.0,1.0,1.0,1.0,0.6735439182299784,Residual only
q_0403,1.0,1.0,1.0,1.0,0.7871546029909718,Residual only
q_0404,0.6666666666666666,1.0,1.0,0.8333333333333334,0.590682244936117,Residual only
q_0405,1.0,1.0,1.0,1.0,0.6735439182299784,Residual only
q_0406,0.0,1.0,1.0,0.3333333333333333,0.3367719591149892,Residual only
q_0407,0.0,1.0,1.0,0.20000000000000004,0.3045129678946485,Residual only
q_0408,1.0,1.0,1.0,1.0,0.7871546029909718,Residual only
q_0409,1.0,1.0,1.0,1.0,1.0,Residual only
q_0410,1.0,1.0,1.0,1.0,0.7871546029909718,Residual only
q_0411,1.0,1.0,1.0,1.0,0.7871546029909718,Residual only
q_0412,1.0,1.0,1.0,1.0,0.7978637366933587,Residual only
q_0413,0.3333333333333333,1.0,1.0,0.6666666666666666,0.5078205716422556,Residual only
q_0414,1.0,1.0,1.0,1.0,0.7871546029909718,Residual only
q_0415,1.0,1.0,1.0,1.0,0.7871546029909718,Residual only
q_0416,0.0,0.0,0.0,0.0,0.0,Residual only
q_0417,1.0,1.0,1.0,1.0,0.7871546029909718,Residual only
q_0418,0.0,1.0,1.0,0.5,0.7136205775898136,Residual only
q_0419,1.0,1.0,1.0,1.0,1.0,Residual only
q_0420,1.0,1.0,1.0,1.0,0.9403839517767958,Residual only
q_0421,0.0,0.0,0.0,0.0,0.12677341301322323,Residual only
q_0422,1.0,1.0,1.0,1.0,0.9592403288763515,Residual only
q_0423,1.0,1.0,1.0,1.0,0.8430710262030896,Residual only
q_0424,1.0,1.0,1.0,1.0,0.7871546029909718,Residual only
q_0425,0.0,1.0,1.0,0.5,0.4966392596877323,Residual only
q_0426,1.0,1.0,1.0,1.0,0.6735439182299784,Residual only
q_0427,0.0,1.0,1.0,0.3055555555555555,0.32120783154817745,Residual only
q_0428,1.0,1.0,1.0,1.0,0.7771150867270397,Residual only
q_0429,0.0,0.0,0.0,0.0,0.0,Residual only
q_0430,0.0,0.0,0.0,0.0,0.0,Residual only
q_0431,1.0,1.0,1.0,1.0,0.8955866211840274,Residual only
q_0432,1.0,1.0,1.0,1.0,0.8601123883491893,Residual only
q_0433,0.0,0.3333333333333333,1.0,0.22222222222222218,0.31811918513219267,Residual only
q_0434,0.0,0.0,0.0,0.0,0.0,Residual only
q_0435,0.0,1.0,1.0,0.5,0.4966392596877323,Residual only
q_0436,0.3333333333333333,1.0,1.0,0.6666666666666666,0.5078205716422556,Residual only
q_0437,0.0,0.0,0.0,0.0,0.0,Residual only
q_0438,0.3333333333333333,1.0,1.0,0.6666666666666666,0.5934777074554788,Residual only
q_0439,1.0,1.0,1.0,1.0,1.0,Residual only
q_0440,0.0,0.0,0.3333333333333333,0.03333333333333333,0.06489928524687276,Residual only
q_0441,1.0,1.0,1.0,1.0,1.0,Residual only
q_0442,1.0,1.0,1.0,1.0,0.7871546029909718,Residual only
q_0443,1.0,1.0,1.0,1.0,0.6735439182299784,Residual only
q_0444,0.0,0.0,0.0,0.0,0.0,Residual only
q_0445,0.0,0.0,0.0,0.0,0.0,Residual only
q_0446,0.0,1.0,1.0,0.25,0.290079576414554,Residual only
q_0447,1.0,1.0,1.0,1.0,0.6735439182299784,Residual only
q_0448,1.0,1.0,1.0,1.0,0.6735439182299784,Residual only
q_0449,1.0,1.0,1.0,1.0,0.7871546029909718,Residual only
q_0450,0.0,1.0,1.0,0.5,0.4966392596877323,Residual only
q_0451,1.0,1.0,1.0,1.0,0.6735439182299784,Residual only
q_0452,1.0,1.0,1.0,1.0,0.95583058934618,Residual only
q_0453,0.0,0.0,1.0,0.12857142857142853,0.560016644836605,Residual only
q_0454,1.0,1.0,1.0,1.0,1.0,Residual only
q_0455,0.0,1.0,1.0,0.3055555555555555,0.3753878793595839,Residual only
q_0456,0.0,1.0,1.0,0.20000000000000004,0.3045129678946485,Residual only
q_0457,1.0,1.0,1.0,1.0,0.8178747578506881,Residual only
q_0458,0.0,1.0,1.0,0.5,0.6240028228839981,Residual only
q_0459,1.0,1.0,1.0,1.0,0.8178747578506881,Residual only
q_0460,0.0,1.0,1.0,0.4444444444444444,0.4622852736236502,Residual only
q_0461,0.0,1.0,1.0,0.5,0.42495889834839423,Residual only
q_0462,1.0,1.0,1.0,1.0,1.0,Residual only
q_0463,1.0,1.0,1.0,1.0,0.7871546029909718,Residual only
q_0464,1.0,1.0,1.0,1.0,0.7871546029909718,Residual only
q_0465,1.0,1.0,1.0,1.0,1.0,Residual only
q_0466,1.0,1.0,1.0,1.0,0.7871546029909718,Residual only
q_0467,1.0,1.0,1.0,1.0,0.7871546029909718,Residual only
q_0468,0.0,1.0,1.0,0.3611111111111111,0.40974186542366603,Residual only
q_0469,1.0,1.0,1.0,1.0,0.6735439182299784,Residual only
q_0470,1.0,1.0,1.0,1.0,0.7871546029909718,Residual only
q_0471,1.0,1.0,1.0,1.0,0.7871546029909718,Residual only
q_0472,1.0,1.0,1.0,1.0,0.6735439182299784,Residual only
q_0473,0.0,1.0,1.0,0.5,0.42495889834839423,Residual only
q_0474,0.0,1.0,1.0,0.5,0.4966392596877323,Residual only
q_0475,0.0,1.0,1.0,0.3333333333333333,0.3367719591149892,Residual only
q_0476,1.0,1.0,1.0,1.0,0.7871546029909718,Residual only
q_0477,1.0,1.0,1.0,1.0,1.0,Residual only
q_0478,1.0,1.0,1.0,1.0,0.7871546029909718,Residual only
q_0479,1.0,1.0,1.0,1.0,0.8178747578506881,Residual only
q_0480,1.0,1.0,1.0,1.0,0.7871546029909718,Residual only
q_0481,0.0,0.3333333333333333,1.0,0.16190476190476186,0.2764275677406543,Residual only
q_0482,1.0,1.0,1.0,1.0,0.7871546029909718,Residual only
q_0483,0.0,1.0,1.0,0.3055555555555555,0.5033330736974894,Residual only
q_0484,1.0,1.0,1.0,1.0,0.7871546029909718,Residual only
q_0485,1.0,1.0,1.0,1.0,0.7871546029909718,Residual only
q_0486,1.0,1.0,1.0,1.0,0.6735439182299784,Residual only
q_0487,1.0,1.0,1.0,1.0,1.0,Residual only
q_0488,1.0,1.0,1.0,1.0,0.7871546029909718,Residual only
q_0489,1.0,1.0,1.0,1.0,0.7871546029909718,Residual only
q_0490,0.0,0.0,0.0,0.0,0.0,Residual only
q_0491,1.0,1.0,1.0,1.0,0.6735439182299784,Residual only
q_0492,1.0,1.0,1.0,1.0,0.6735439182299784,Residual only
q_0493,1.0,1.0,1.0,1.0,0.6735439182299784,Residual only
q_0494,0.0,0.0,0.0,0.0,0.0,Residual only
q_0495,1.0,1.0,1.0,1.0,0.950170407235602,Residual only
q_0496,1.0,1.0,1.0,1.0,0.6735439182299784,Residual only
q_0497,1.0,1.0,1.0,1.0,0.7936469908574253,Residual only
q_0498,0.0,1.0,1.0,0.25,0.290079576414554,Residual only
q_0499,0.3333333333333333,1.0,1.0,0.611111111111111,0.47842492523112057,Residual only
q_0500,1.0,1.0,1.0,1.0,0.6735439182299784,Residual only
q_0501,1.0,1.0,1.0,1.0,0.6735439182299784,Residual only
q_0502,1.0,1.0,1.0,1.0,0.6735439182299784,Residual only
q_0503,0.0,1.0,1.0,0.5,0.42495889834839423,Residual only
q_0504,1.0,1.0,1.0,1.0,0.8556691603792904,Residual only
q_0505,1.0,1.0,1.0,1.0,0.7894302450214918,Residual only
q_0506,1.0,1.0,1.0,1.0,1.0,Residual only
q_0507,1.0,1.0,1.0,1.0,0.7871546029909718,Residual only
q_0508,1.0,1.0,1.0,1.0,0.6735439182299784,Residual only
q_0509,1.0,1.0,1.0,1.0,0.7632176069632165,Residual only
q_0510,1.0,1.0,1.0,1.0,0.6735439182299784,Residual only
q_0511,1.0,1.0,1.0,1.0,0.7581371516964795,Residual only
q_0512,1.0,1.0,1.0,1.0,0.7822647604631864,Residual only
q_0513,1.0,1.0,1.0,1.0,0.8178747578506881,Residual only
q_0514,1.0,1.0,1.0,1.0,0.6735439182299784,Residual only
q_0515,0.0,0.0,1.0,0.12962962962962962,0.251434806800352,Residual only
q_0516,0.0,0.3333333333333333,1.0,0.17777777777777778,0.2828849062311028,Residual only
q_0517,0.3333333333333333,1.0,1.0,0.5555555555555555,0.4490292788199856,Residual only
q_0518,1.0,1.0,1.0,1.0,0.6735439182299784,Residual only
q_0519,1.0,1.0,1.0,1.0,0.6735439182299784,Residual only
q_0520,1.0,1.0,1.0,1.0,0.6735439182299784,Residual only
q_0521,1.0,1.0,1.0,1.0,0.6735439182299784,Residual only
q_0522,1.0,1.0,1.0,1.0,0.6735439182299784,Residual only
q_0523,1.0,1.0,1.0,1.0,0.6735439182299784,Residual only
q_0524,1.0,1.0,1.0,1.0,0.6735439182299784,Residual only
q_0525,0.6666666666666666,1.0,1.0,0.8333333333333334,0.6803559336693551,Residual only
q_0526,1.0,1.0,1.0,1.0,0.6735439182299784,Residual only
q_0527,1.0,1.0,1.0,1.0,0.6735439182299784,Residual only
q_0528,0.0,0.3333333333333333,1.0,0.17857142857142852,0.40329859220842357,Residual only
q_0529,1.0,1.0,1.0,1.0,0.6735439182299784,Residual only
q_0530,1.0,1.0,1.0,1.0,0.8045340770791353,Residual only
q_0531,0.0,1.0,1.0,0.5,0.555949057197551,Residual only
q_0532,1.0,1.0,1.0,1.0,0.9595368268076822,Residual only
q_0533,1.0,1.0,1.0,1.0,0.6735439182299784,Residual only
q_0534,0.0,0.6666666666666666,1.0,0.2222222222222222,0.4783993661156551,Residual only
q_0535,1.0,1.0,1.0,1.0,0.8556691603792904,Residual only
q_0536,0.0,0.3333333333333333,0.6666666666666666,0.21428571428571427,0.21649117925279568,Residual only
q_0537,1.0,1.0,1.0,1.0,0.6735439182299784,Residual only
q_0538,1.0,1.0,1.0,1.0,0.6735439182299784,Residual only
q_0539,0.0,0.0,0.0,0.0,0.0,Residual only
q_0540,0.0,0.0,0.6666666666666666,0.08333333333333333,0.1416529661161314,Residual only
q_0541,0.0,0.0,0.0,0.0,0.0,Residual only
q_0542,0.0,0.0,0.0,0.0,0.0,Residual only
q_0543,1.0,1.0,1.0,1.0,0.8449461906468528,Residual only
q_0544,0.0,0.0,0.0,0.0,0.0,Residual only
q_0545,1.0,1.0,1.0,1.0,0.763785624562094,Residual only
q_0546,1.0,1.0,1.0,1.0,0.9480351227165077,Residual only
q_0547,1.0,1.0,1.0,1.0,0.8430710262030896,Residual only
q_0548,1.0,1.0,1.0,1.0,0.6735439182299784,Residual only
q_0549,1.0,1.0,1.0,1.0,0.7291718770130123,Residual only
q_0550,1.0,1.0,1.0,1.0,0.7871546029909718,Residual only
q_0551,1.0,1.0,1.0,1.0,0.9236468613615242,Residual only
q_0552,1.0,1.0,1.0,1.0,0.6735439182299784,Residual only
q_0553,1.0,1.0,1.0,1.0,0.6735439182299784,Residual only
q_0554,0.0,0.0,0.0,0.0,0.2886616792414193,Residual only
q_0555,0.0,0.0,0.0,0.0,0.0,Residual only
q_0556,0.0,0.0,0.0,0.0,0.0,Residual only
q_0557,0.0,0.0,1.0,0.1666666666666666,0.4469200811842651,Residual only
q_0558,1.0,1.0,1.0,1.0,0.6735439182299784,Residual only
q_0559,1.0,1.0,1.0,1.0,0.6735439182299784,Residual only
q_0560,1.0,1.0,1.0,1.0,0.7334314175372086,Residual only
q_0561,0.0,1.0,1.0,0.5,0.8579514172105233,Residual only
q_0562,0.0,0.0,0.0,0.0,0.0,Residual only
q_0563,0.0,0.0,1.0,0.13690476190476186,0.2576964550570602,Residual only
q_0564,1.0,1.0,1.0,1.0,0.7871546029909718,Residual only
q_0565,0.0,0.0,0.0,0.0,0.33735197271041645,Residual only
q_0566,1.0,1.0,1.0,1.0,0.7871546029909718,Residual only
q_0567,1.0,1.0,1.0,1.0,0.7719654129908929,Residual only
q_0568,1.0,1.0,1.0,1.0,0.6735439182299784,Residual only
q_0569,1.0,1.0,1.0,1.0,0.6735439182299784,Residual only
q_0570,0.0,1.0,1.0,0.5,0.42495889834839423,Residual only
q_0571,0.0,1.0,1.0,0.3333333333333333,0.606422698504514,Residual only
q_0572,1.0,1.0,1.0,1.0,1.0,Residual only
q_0573,1.0,1.0,1.0,1.0,0.7793160217408145,Residual only
q_0574,1.0,1.0,1.0,1.0,0.7871546029909718,Residual only
q_0575,1.0,1.0,1.0,1.0,0.9562915901539796,Residual only
q_0576,1.0,1.0,1.0,1.0,0.9176601606601068,Residual only
q_0577,1.0,1.0,1.0,1.0,0.8178747578506881,Residual only
q_0578,1.0,1.0,1.0,1.0,0.6735439182299784,Residual only
q_0579,1.0,1.0,1.0,1.0,0.7871546029909718,Residual only
q_0580,1.0,1.0,1.0,1.0,0.8556691603792904,Residual only
q_0581,1.0,1.0,1.0,1.0,0.6735439182299784,Residual only
q_0582,1.0,1.0,1.0,1.0,0.6735439182299784,Residual only
q_0583,0.0,1.0,1.0,0.5,0.4966392596877323,Residual only
q_0584,1.0,1.0,1.0,1.0,0.7800638254494117,Residual only
q_0585,0.0,0.0,0.3333333333333333,0.041666666666666664,0.0708264830580657,Residual only
q_0586,1.0,1.0,1.0,1.0,0.6735439182299784,Residual only
q_0587,1.0,1.0,1.0,1.0,0.7025091929134458,Residual only
q_0588,0.0,0.0,0.0,0.0,0.09311231451489381,Residual only
q_0589,1.0,1.0,1.0,1.0,0.7013578976214955,Residual only
q_0590,0.0,1.0,1.0,0.4444444444444444,0.4622852736236502,Residual only
q_0591,0.0,0.0,0.0,0.0,0.0,Residual only
q_0592,1.0,1.0,1.0,1.0,0.9866593192284471,Residual only
q_0593,1.0,1.0,1.0,1.0,0.8556691603792904,Residual only
q_0594,1.0,1.0,1.0,1.0,0.7871546029909718,Residual only
q_0595,0.0,1.0,1.0,0.5,0.42495889834839423,Residual only
q_0596,1.0,1.0,1.0,1.0,0.7871546029909718,Residual only
q_0597,1.0,1.0,1.0,1.0,0.8178747578506881,Residual only
q_0598,1.0,1.0,1.0,1.0,0.8597158652123228,Residual only
q_0599,1.0,1.0,1.0,1.0,0.6735439182299784,Residual only
q_0600,0.0,0.0,0.6666666666666666,0.08333333333333333,0.3783918169049388,Residual only
q_0601,0.0,1.0,1.0,0.5,0.8339912323981488,Residual only
q_0602,1.0,1.0,1.0,1.0,0.8556691603792904,Residual only
q_0603,1.0,1.0,1.0,1.0,0.9021774404592375,Residual only
q_0604,0.0,0.0,0.0,0.0,0.0,Residual only
q_0605,1.0,1.0,1.0,1.0,0.6735439182299784,Residual only
q_0606,1.0,1.0,1.0,1.0,0.7864815062991198,Residual only
q_0607,1.0,1.0,1.0,1.0,0.7871546029909718,Residual only
q_0608,1.0,1.0,1.0,1.0,0.7822647604631864,Residual only
q_0609,0.0,0.3333333333333333,1.0,0.16190476190476186,0.2365305447943351,Residual only
q_0610,0.3333333333333333,1.0,1.0,0.6666666666666666,0.6521514112629653,Residual only
q_0611,1.0,1.0,1.0,1.0,0.7978637366933587,Residual only
q_0612,1.0,1.0,1.0,1.0,0.6735439182299784,Residual only
q_0613,0.0,1.0,1.0,0.5,0.6653152460429406,Residual only
q_0614,1.0,1.0,1.0,1.0,0.6735439182299784,Residual only
q_0615,1.0,1.0,1.0,1.0,0.7013578976214955,Residual only
q_0616,1.0,1.0,1.0,1.0,0.6735439182299784,Residual only
q_0617,1.0,1.0,1.0,1.0,0.8556691603792904,Residual only
q_0618,1.0,1.0,1.0,1.0,0.7871546029909718,Residual only
q_0619,1.0,1.0,1.0,1.0,0.8556691603792904,Residual only
q_0620,1.0,1.0,1.0,1.0,0.8045340770791353,Residual only
q_0621,0.0,1.0,1.0,0.25,0.290079576414554,Residual only
q_0622,1.0,1.0,1.0,1.0,0.6735439182299784,Residual only
q_0623,0.0,1.0,1.0,0.5,0.4966392596877323,Residual only
q_0624,0.6666666666666666,1.0,1.0,0.8333333333333334,0.7602093529092282,Residual only
q_0625,0.0,1.0,1.0,0.5,0.4966392596877323,Residual only
q_0626,1.0,1.0,1.0,1.0,0.6735439182299784,Residual only
q_0627,1.0,1.0,1.0,1.0,0.7618286746217985,Residual only
q_0628,1.0,1.0,1.0,1.0,0.7978637366933587,Residual only
q_0629,0.0,1.0,1.0,0.3333333333333333,0.3367719591149892,Residual only
q_0630,1.0,1.0,1.0,1.0,0.7978637366933587,Residual only
q_0631,1.0,1.0,1.0,1.0,0.6735439182299784,Residual only
q_0632,1.0,1.0,1.0,1.0,0.7871546029909718,Residual only
q_0633,1.0,1.0,1.0,1.0,0.7056174381456918,Residual only
q_0634,1.0,1.0,1.0,1.0,1.0,Residual only
q_0635,1.0,1.0,1.0,1.0,0.6735439182299784,Residual only
q_0636,1.0,1.0,1.0,1.0,0.6735439182299784,Residual only
q_0637,1.0,1.0,1.0,1.0,0.6735439182299784,Residual only
q_0638,1.0,1.0,1.0,1.0,0.8556691603792904,Residual only
q_0639,1.0,1.0,1.0,1.0,0.7871546029909718,Residual only
q_0640,0.0,0.0,0.0,0.0,0.0,Residual only
q_0641,0.0,0.0,1.0,0.15873015873015867,0.23478566947427515,Residual only
q_0642,0.0,0.3333333333333333,1.0,0.1698412698412698,0.2416660598264763,Residual only
q_0643,1.0,1.0,1.0,1.0,0.7871546029909718,Residual only
q_0644,1.0,1.0,1.0,1.0,0.6735439182299784,Residual only
q_0645,1.0,1.0,1.0,1.0,0.6735439182299784,Residual only
q_0646,0.0,0.0,1.0,0.12037037037037036,0.2092386070442218,Residual only
q_0647,1.0,1.0,1.0,1.0,0.6735439182299784,Residual only
q_0648,0.3333333333333333,1.0,1.0,0.6666666666666666,0.5934777074554788,Residual only
q_0649,0.0,0.0,0.0,0.0,0.0,Residual only
q_0650,0.0,0.0,1.0,0.15079365079365073,0.22965015444213396,Residual only
q_0651,1.0,1.0,1.0,1.0,0.6735439182299784,Residual only
q_0652,1.0,1.0,1.0,1.0,0.6735439182299784,Residual only
q_0653,1.0,1.0,1.0,1.0,0.7871546029909718,Residual only
q_0654,0.3333333333333333,1.0,1.0,0.6666666666666666,0.5078205716422556,Residual only
q_0655,0.0,1.0,1.0,0.3333333333333333,0.46109177757836955,Residual only
q_0656,0.6666666666666666,1.0,1.0,0.8333333333333334,0.8113572927244898,Residual only
q_0657,1.0,1.0,1.0,1.0,0.6735439182299784,Residual only
q_0658,1.0,1.0,1.0,1.0,0.7871546029909718,Residual only
q_0659,1.0,1.0,1.0,1.0,0.6735439182299784,Residual only
q_0660,1.0,1.0,1.0,1.0,0.6735439182299784,Residual only
q_0661,0.0,0.0,0.0,0.0,0.0,Residual only
q_0662,0.0,0.6666666666666666,1.0,0.2222222222222222,0.31946939904203525,Residual only
q_0663,0.0,1.0,1.0,0.5,0.42495889834839423,Residual only
q_0664,1.0,1.0,1.0,1.0,0.6735439182299784,Residual only
q_0665,1.0,1.0,1.0,1.0,0.6735439182299784,Residual only
q_0666,0.0,0.0,0.6666666666666666,0.06666666666666667,0.12979857049374552,Residual only
q_0667,1.0,1.0,1.0,1.0,0.7871546029909718,Residual only
q_0668,1.0,1.0,1.0,1.0,0.6735439182299784,Residual only
q_0669,0.0,0.0,1.0,0.13690476190476186,0.22050290933139424,Residual only
q_0670,0.3333333333333333,1.0,1.0,0.6666666666666666,0.8645412736833671,Residual only
q_0671,1.0,1.0,1.0,1.0,0.929544338806268,Residual only
q_0672,1.0,1.0,1.0,1.0,0.9402396560868356,Residual only
q_0673,1.0,1.0,1.0,1.0,0.6735439182299784,Residual only
q_0674,1.0,1.0,1.0,1.0,0.8112044174649116,Residual only
q_0675,1.0,1.0,1.0,1.0,0.9081957404922364,Residual only
q_0676,0.0,1.0,1.0,0.3333333333333333,0.3367719591149892,Residual only
q_0677,0.0,1.0,1.0,0.20000000000000004,0.3045129678946485,Residual only
q_0678,0.0,0.0,1.0,0.12962962962962962,0.251434806800352,Residual only
q_0679,0.3333333333333333,1.0,1.0,0.6666666666666666,0.5078205716422556,Residual only
q_0680,1.0,1.0,1.0,1.0,0.7871546029909718,Residual only
q_0681,1.0,1.0,1.0,1.0,0.95583058934618,Residual only
q_0682,1.0,1.0,1.0,1.0,0.7871546029909718,Residual only
q_0683,1.0,1.0,1.0,1.0,0.6735439182299784,Residual only
q_0684,1.0,1.0,1.0,1.0,0.7367836478429339,Residual only
q_0685,1.0,1.0,1.0,1.0,0.6735439182299784,Residual only
q_0686,1.0,1.0,1.0,1.0,0.7871546029909718,Residual only
q_0687,0.0,1.0,1.0,0.5,0.42495889834839423,Residual only
q_0688,1.0,1.0,1.0,1.0,0.6735439182299784,Residual only
q_0689,1.0,1.0,1.0,1.0,0.6735439182299784,Residual only
q_0690,1.0,1.0,1.0,1.0,0.7871546029909718,Residual only
q_0691,0.0,0.0,0.6666666666666666,0.10317460317460314,0.2706982680969831,Residual only
q_0692,0.3333333333333333,1.0,1.0,0.6666666666666666,0.5934777074554788,Residual only
q_0693,1.0,1.0,1.0,1.0,0.7871546029909718,Residual only
q_0694,1.0,1.0,1.0,1.0,0.6735439182299784,Residual only
q_0695,1.0,1.0,1.0,1.0,0.7871546029909718,Residual only
q_0696,1.0,1.0,1.0,1.0,0.7871546029909718,Residual only
q_0697,1.0,1.0,1.0,1.0,0.6735439182299784,Residual only
q_0698,0.3333333333333333,1.0,1.0,0.6666666666666666,0.5934777074554788,Residual only
q_0699,1.0,1.0,1.0,1.0,0.7871546029909718,Residual only
q_0700,1.0,1.0,1.0,1.0,0.6735439182299784,Residual only
q_0701,1.0,1.0,1.0,1.0,0.7871546029909718,Residual only
q_0702,1.0,1.0,1.0,1.0,0.6735439182299784,Residual only
q_0703,0.0,0.0,1.0,0.13095238095238093,0.2530080424504631,Residual only
q_0704,1.0,1.0,1.0,1.0,0.7871546029909718,Residual only
q_0705,0.0,1.0,1.0,0.5,0.42495889834839423,Residual only
q_0706,1.0,1.0,1.0,1.0,0.7871546029909718,Residual only
q_0707,0.0,0.0,1.0,0.1666666666666666,0.2399211845064163,Residual only
q_0708,0.0,0.0,1.0,0.1111111111111111,0.2027569227842713,Residual only
q_0709,1.0,1.0,1.0,1.0,0.7871546029909718,Residual only
q_0710,0.0,1.0,1.0,0.3055555555555555,0.32120783154817745,Residual only
q_0711,0.0,0.0,1.0,0.13095238095238093,0.21649117925279568,Residual only
q_0712,1.0,1.0,1.0,1.0,0.6735439182299784,Residual only
q_0713,1.0,1.0,1.0,1.0,0.7871546029909718,Residual only
q_0714,1.0,1.0,1.0,1.0,0.7871546029909718,Residual only
q_0715,1.0,1.0,1.0,1.0,0.7978637366933587,Residual only
q_0716,1.0,1.0,1.0,1.0,0.6735439182299784,Residual only
q_0717,1.0,1.0,1.0,1.0,0.8178747578506881,Residual only
q_0718,1.0,1.0,1.0,1.0,0.6735439182299784,Residual only
q_0719,0.0,1.0,1.0,0.3055555555555555,0.32120783154817745,Residual only
q_0720,1.0,1.0,1.0,1.0,0.6735439182299784,Residual only
q_0721,1.0,1.0,1.0,1.0,0.6735439182299784,Residual only
q_0722,1.0,1.0,1.0,1.0,0.7871546029909718,Residual only
q_0723,0.0,1.0,1.0,0.25,0.290079576414554,Residual only
q_0724,0.0,1.0,1.0,0.27777777777777773,0.35719845722368193,Residual only
q_0725,1.0,1.0,1.0,1.0,0.7871546029909718,Residual only
q_0726,1.0,1.0,1.0,1.0,0.954962792971442,Residual only
q_0727,0.6666666666666666,1.0,1.0,0.8333333333333334,0.7350130845568267,Residual only
q_0728,0.0,1.0,1.0,0.5,0.4966392596877323,Residual only
q_0729,0.0,1.0,1.0,0.5,0.4966392596877323,Residual only
q_0730,1.0,1.0,1.0,1.0,0.6735439182299784,Residual only
q_0731,1.0,1.0,1.0,1.0,0.7871546029909718,Residual only
q_0732,1.0,1.0,1.0,1.0,0.6735439182299784,Residual only
q_0733,1.0,1.0,1.0,1.0,0.6735439182299784,Residual only
q_0734,0.6666666666666666,1.0,1.0,0.8333333333333334,0.590682244936117,Residual only
q_0735,1.0,1.0,1.0,1.0,0.6735439182299784,Residual only
q_0736,1.0,1.0,1.0,1.0,0.6735439182299784,Residual only
q_0737,1.0,1.0,1.0,1.0,0.6735439182299784,Residual only
q_0738,1.0,1.0,1.0,1.0,0.6735439182299784,Residual only
q_0739,1.0,1.0,1.0,1.0,0.6735439182299784,Residual only
q_0740,1.0,1.0,1.0,1.0,0.6735439182299784,Residual only
q_0741,1.0,1.0,1.0,1.0,0.7871546029909718,Residual only
q_0742,1.0,1.0,1.0,1.0,0.7871546029909718,Residual only
q_0743,1.0,1.0,1.0,1.0,0.7871546029909718,Residual only
q_0744,1.0,1.0,1.0,1.0,0.7871546029909718,Residual only
q_0745,1.0,1.0,1.0,1.0,0.7871546029909718,Residual only
q_0746,1.0,1.0,1.0,1.0,0.7871546029909718,Residual only
q_0747,1.0,1.0,1.0,1.0,0.7871546029909718,Residual only
q_0748,1.0,1.0,1.0,1.0,0.7871546029909718,Residual only
q_0749,1.0,1.0,1.0,1.0,0.6735439182299784,Residual only
q_0750,0.6666666666666666,1.0,1.0,0.8333333333333334,0.590682244936117,Residual only
q_0751,0.0,1.0,1.0,0.5,0.8339912323981488,Residual only
q_0752,1.0,1.0,1.0,1.0,0.7871546029909718,Residual only
q_0753,1.0,1.0,1.0,1.0,0.7871546029909718,Residual only
q_0754,1.0,1.0,1.0,1.0,0.6735439182299784,Residual only
q_0755,0.0,0.0,0.0,0.0,0.0,Residual only
q_0756,1.0,1.0,1.0,1.0,0.95583058934618,Residual only
q_0757,1.0,1.0,1.0,1.0,0.6735439182299784,Residual only
q_0758,1.0,1.0,1.0,1.0,0.7871546029909718,Residual only
q_0759,1.0,1.0,1.0,1.0,0.7871546029909718,Residual only
q_0760,1.0,1.0,1.0,1.0,0.7871546029909718,Residual only
q_0761,1.0,1.0,1.0,1.0,0.7871546029909718,Residual only
q_0762,1.0,1.0,1.0,1.0,0.7871546029909718,Residual only
q_0763,0.0,0.0,0.0,0.0,0.1686759863552082,Residual only
q_0764,0.0,1.0,1.0,0.3,0.36855506515900976,Residual only
q_0765,1.0,1.0,1.0,1.0,0.6735439182299784,Residual only
q_0766,1.0,1.0,1.0,1.0,0.7871546029909718,Residual only
q_0767,0.0,0.0,0.0,0.0,0.0,Residual only
q_0768,1.0,1.0,1.0,1.0,0.7871546029909718,Residual only
q_0769,1.0,1.0,1.0,1.0,0.7871546029909718,Residual only
q_0770,1.0,1.0,1.0,1.0,0.7871546029909718,Residual only
q_0771,0.0,1.0,1.0,0.5,0.4966392596877323,Residual only
q_0772,1.0,1.0,1.0,1.0,0.7871546029909718,Residual only
q_0773,0.0,1.0,1.0,0.3055555555555555,0.43287741250375733,Residual only
q_0774,0.0,1.0,1.0,0.3055555555555555,0.3753878793595839,Residual only
q_0775,1.0,1.0,1.0,1.0,0.7871546029909718,Residual only
q_0776,1.0,1.0,1.0,1.0,0.7871546029909718,Residual only
q_0777,1.0,1.0,1.0,1.0,0.7871546029909718,Residual only
q_0778,1.0,1.0,1.0,1.0,0.6735439182299784,Residual only
q_0779,0.0,0.6666666666666666,0.6666666666666666,0.15,0.18354731065919125,Residual only
q_0780,0.0,0.0,0.0,0.0,0.0,Residual only
q_0781,1.0,1.0,1.0,1.0,0.7871546029909718,Residual only
q_0782,1.0,1.0,1.0,1.0,0.7871546029909718,Residual only
q_0783,1.0,1.0,1.0,1.0,0.6735439182299784,Residual only
q_0784,0.0,0.0,1.0,0.1263227513227513,0.24922054807759278,Residual only
q_0785,1.0,1.0,1.0,1.0,0.7871546029909718,Residual only
q_0786,1.0,1.0,1.0,1.0,0.6735439182299784,Residual only
q_0787,0.0,0.0,0.0,0.0,0.0,Residual only
q_0788,1.0,1.0,1.0,1.0,0.6735439182299784,Residual only
q_0789,1.0,1.0,1.0,1.0,0.7013578976214955,Residual only
q_0790,1.0,1.0,1.0,1.0,1.0,Residual only
q_0791,0.0,0.0,0.0,0.0,0.0,Residual only
q_0792,1.0,1.0,1.0,1.0,0.7871546029909718,Residual only
q_0793,1.0,1.0,1.0,1.0,0.7871546029909718,Residual only
q_0794,1.0,1.0,1.0,1.0,0.7871546029909718,Residual only
q_0795,0.0,1.0,1.0,0.5,0.4966392596877323,Residual only
q_0796,1.0,1.0,1.0,1.0,0.8887076658732239,Residual only
q_0797,0.0,1.0,1.0,0.4444444444444444,0.5265534107864159,Residual only
q_0798,1.0,1.0,1.0,1.0,0.7871546029909718,Residual only
q_0799,0.0,0.0,0.0,0.0,0.0,Residual only
q_0800,0.0,0.0,0.0,0.0,0.0,Residual only
q_0801,1.0,1.0,1.0,1.0,0.6735439182299784,Residual only
q_0802,0.0,1.0,1.0,0.3333333333333333,0.3367719591149892,Residual only
q_0803,0.0,0.0,0.0,0.0,0.0,Residual only
q_0804,0.0,1.0,1.0,0.5,0.42495889834839423,Residual only
q_0805,1.0,1.0,1.0,1.0,0.6735439182299784,Residual only
q_0806,1.0,1.0,1.0,1.0,0.9223560171672576,Residual only
q_0807,1.0,1.0,1.0,1.0,0.7894302450214918,Residual only
q_0808,1.0,1.0,1.0,1.0,0.9799889788426704,Residual only
q_0809,1.0,1.0,1.0,1.0,0.7871546029909718,Residual only
q_0810,1.0,1.0,1.0,1.0,0.9131237500912551,Residual only
q_0811,0.3333333333333333,1.0,1.0,0.6666666666666666,0.5078205716422556,Residual only
q_0812,1.0,1.0,1.0,1.0,1.0,Residual only
q_0813,1.0,1.0,1.0,1.0,0.7871546029909718,Residual only
q_0814,0.0,1.0,1.0,0.3611111111111111,0.3506034779593124,Residual only
q_0815,1.0,1.0,1.0,1.0,0.8556691603792904,Residual only
q_0816,1.0,1.0,1.0,1.0,0.6735439182299784,Residual only
q_0817,1.0,1.0,1.0,1.0,0.7871546029909718,Residual only
q_0818,1.0,1.0,1.0,1.0,0.6735439182299784,Residual only
q_0819,1.0,1.0,1.0,1.0,0.6735439182299784,Residual only
q_0820,1.0,1.0,1.0,1.0,0.6735439182299784,Residual only
q_0821,0.0,0.0,1.0,0.14021164021164015,0.22239758223356013,Residual only
q_0822,1.0,1.0,1.0,1.0,0.7871546029909718,Residual only
q_0823,0.0,1.0,1.0,0.5,0.4966392596877323,Residual only
q_0824,1.0,1.0,1.0,1.0,0.6735439182299784,Residual only
q_0825,1.0,1.0,1.0,1.0,0.7871546029909718,Residual only
q_0826,1.0,1.0,1.0,1.0,0.7871546029909718,Residual only
q_0827,1.0,1.0,1.0,1.0,0.6735439182299784,Residual only
q_0828,1.0,1.0,1.0,1.0,0.7056174381456918,Residual only
q_0829,1.0,1.0,1.0,1.0,0.7871546029909718,Residual only
q_0830,1.0,1.0,1.0,1.0,0.7680451650862903,Residual only
q_0831,1.0,1.0,1.0,1.0,0.6735439182299784,Residual only
q_0832,1.0,1.0,1.0,1.0,0.6735439182299784,Residual only
q_0833,1.0,1.0,1.0,1.0,0.7871546029909718,Residual only
q_0834,1.0,1.0,1.0,1.0,0.7646065393046344,Residual only
q_0835,1.0,1.0,1.0,1.0,0.7793160217408145,Residual only
q_0836,1.0,1.0,1.0,1.0,0.7871546029909718,Residual only
q_0837,0.0,1.0,1.0,0.5,0.7136205775898136,Residual only
q_0838,1.0,1.0,1.0,1.0,0.6735439182299784,Residual only
q_0839,1.0,1.0,1.0,1.0,0.6735439182299784,Residual only
q_0840,0.0,1.0,1.0,0.5,0.42495889834839423,Residual only
q_0841,1.0,1.0,1.0,1.0,0.8196601327908163,Residual only
q_0842,0.0,1.0,1.0,0.3333333333333333,0.5188972012643011,Residual only
q_0843,1.0,1.0,1.0,1.0,0.7871546029909718,Residual only
q_0844,0.0,1.0,1.0,0.20000000000000004,0.2605623555630197,Residual only
q_0845,1.0,1.0,1.0,1.0,0.9073218002554916,Residual only
q_0846,1.0,1.0,1.0,1.0,0.7635479875126263,Residual only
q_0847,1.0,1.0,1.0,1.0,0.6735439182299784,Residual only
q_0848,1.0,1.0,1.0,1.0,0.6735439182299784,Residual only
q_0849,1.0,1.0,1.0,1.0,1.0,Residual only
q_0850,0.3333333333333333,1.0,1.0,0.6666666666666666,0.5934777074554788,Residual only
q_0851,1.0,1.0,1.0,1.0,0.6735439182299784,Residual only
q_0852,1.0,1.0,1.0,1.0,1.0,Residual only
q_0853,1.0,1.0,1.0,1.0,0.8556691603792904,Residual only
q_0854,1.0,1.0,1.0,1.0,0.8556691603792904,Residual only
q_0855,1.0,1.0,1.0,1.0,1.0,Residual only
q_0856,1.0,1.0,1.0,1.0,0.6735439182299784,Residual only
q_0857,1.0,1.0,1.0,1.0,1.0,Residual only
q_0858,0.0,0.0,0.0,0.0,0.0,Residual only
q_0859,0.0,0.0,0.0,0.0,0.059319481708352634,Residual only
q_0860,0.0,0.0,1.0,0.1448412698412698,0.36996926398424507,Residual only
q_0861,1.0,1.0,1.0,1.0,0.7871546029909718,Residual only
q_0862,1.0,1.0,1.0,1.0,0.95583058934618,Residual only
q_0863,1.0,1.0,1.0,1.0,0.9391110985538408,Residual only
q_0864,1.0,1.0,1.0,1.0,0.7871546029909718,Residual only
q_0865,1.0,1.0,1.0,1.0,0.6735439182299784,Residual only
q_0866,1.0,1.0,1.0,1.0,0.7871546029909718,Residual only
q_0867,0.0,0.0,1.0,0.15079365079365073,0.22965015444213396,Residual only
q_0868,0.6666666666666666,1.0,1.0,0.7777777777777777,0.6237143254655807,Residual only
q_0869,1.0,1.0,1.0,1.0,0.8112044174649116,Residual only
q_0870,1.0,1.0,1.0,1.0,0.7697644779771182,Residual only
q_0871,1.0,1.0,1.0,1.0,0.8018379978928314,Residual only
q_0872,1.0,1.0,1.0,1.0,0.8178747578506881,Residual only
q_0873,1.0,1.0,1.0,1.0,0.7871546029909718,Residual only
q_0874,1.0,1.0,1.0,1.0,0.6735439182299784,Residual only
q_0875,1.0,1.0,1.0,1.0,0.7013578976214955,Residual only
q_0876,0.0,0.0,0.0,0.0,0.0,Residual only
q_0877,1.0,1.0,1.0,1.0,0.9149886420876427,Residual only
q_0878,0.0,0.0,0.0,0.0,0.0,Residual only
q_0879,0.0,0.0,0.0,0.0,0.0,Residual only
q_0880,1.0,1.0,1.0,1.0,0.6735439182299784,Residual only
q_0881,0.0,0.0,0.0,0.0,0.0,Residual only
q_0882,1.0,1.0,1.0,1.0,1.0,Residual only
q_0883,1.0,1.0,1.0,1.0,0.8304728920268888,Residual only
q_0884,1.0,1.0,1.0,1.0,0.7871546029909718,Residual only
q_0885,0.0,0.0,0.0,0.0,0.10183078359543313,Residual only
q_0886,1.0,1.0,1.0,1.0,0.7013578976214955,Residual only
q_0887,0.0,1.0,1.0,0.5,0.42495889834839423,Residual only
q_0888,1.0,1.0,1.0,1.0,0.6735439182299784,Residual only
q_0889,1.0,1.0,1.0,1.0,0.7835327675767481,Residual only
q_0890,1.0,1.0,1.0,1.0,0.9016049212170262,Residual only
q_0891,1.0,1.0,1.0,1.0,0.7314744675969131,Residual only
q_0892,1.0,1.0,1.0,1.0,0.7871546029909718,Residual only
q_0893,1.0,1.0,1.0,1.0,0.7604397422803805,Residual only
q_0894,1.0,1.0,1.0,1.0,0.7852134991855584,Residual only
q_0895,1.0,1.0,1.0,1.0,0.7871546029909718,Residual only
q_0896,1.0,1.0,1.0,1.0,0.6735439182299784,Residual only
q_0897,1.0,1.0,1.0,1.0,0.7978637366933587,Residual only
q_0898,1.0,1.0,1.0,1.0,0.763785624562094,Residual only
q_0899,0.0,1.0,1.0,0.3333333333333333,0.3367719591149892,Residual only
q_0900,1.0,1.0,1.0,1.0,0.8178747578506881,Residual only
q_0901,1.0,1.0,1.0,1.0,0.8121373453651248,Residual only
q_0902,1.0,1.0,1.0,1.0,0.7871546029909718,Residual only
q_0903,1.0,1.0,1.0,1.0,0.6735439182299784,Residual only
q_0904,1.0,1.0,1.0,1.0,0.7871546029909718,Residual only
q_0905,0.0,1.0,1.0,0.5,0.42495889834839423,Residual only
q_0906,1.0,1.0,1.0,1.0,0.6735439182299784,Residual only
q_0907,1.0,1.0,1.0,1.0,0.8919540896213985,Residual only
q_0908,1.0,1.0,1.0,1.0,0.7871546029909718,Residual only
q_0909,1.0,1.0,1.0,1.0,0.6735439182299784,Residual only
q_0910,1.0,1.0,1.0,1.0,0.8178747578506881,Residual only
q_0911,1.0,1.0,1.0,1.0,0.6735439182299784,Residual only
q_0912,1.0,1.0,1.0,1.0,0.6735439182299784,Residual only
q_0913,1.0,1.0,1.0,1.0,0.7763672830184426,Residual only
q_0914,1.0,1.0,1.0,1.0,1.0,Residual only
q_0915,0.6666666666666666,1.0,1.0,0.8333333333333334,0.6903161552232252,Residual only
q_0916,0.0,1.0,1.0,0.3333333333333333,0.3367719591149892,Residual only
q_0917,0.0,1.0,1.0,0.5,0.42495889834839423,Residual only
q_0918,1.0,1.0,1.0,1.0,0.6735439182299784,Residual only
q_0919,1.0,1.0,1.0,1.0,0.8564798567865606,Residual only
q_0920,1.0,1.0,1.0,1.0,0.6735439182299784,Residual only
q_0921,0.0,0.0,0.0,0.0,0.0,Residual only
q_0922,1.0,1.0,1.0,1.0,0.6735439182299784,Residual only
q_0923,0.0,0.3333333333333333,1.0,0.17777777777777773,0.24680157485861742,Residual only
q_0924,1.0,1.0,1.0,1.0,0.7871546029909718,Residual only
q_0925,1.0,1.0,1.0,1.0,0.8112044174649116,Residual only
q_0926,1.0,1.0,1.0,1.0,0.7871546029909718,Residual only
q_0927,0.0,0.6666666666666666,1.0,0.18888888888888888,0.35430439498550786,Residual only
q_0928,1.0,1.0,1.0,1.0,0.9324441894571632,Residual only
q_0929,1.0,1.0,1.0,1.0,0.6735439182299784,Residual only
q_0930,1.0,1.0,1.0,1.0,0.7871546029909718,Residual only
q_0931,1.0,1.0,1.0,1.0,0.8430710262030896,Residual only
q_0932,0.0,1.0,1.0,0.38888888888888884,0.3661676055261242,Residual only
q_0933,1.0,1.0,1.0,1.0,0.6735439182299784,Residual only
q_0934,1.0,1.0,1.0,1.0,0.7013578976214955,Residual only
q_0935,0.0,1.0,1.0,0.5,0.4966392596877323,Residual only
q_0936,1.0,1.0,1.0,1.0,0.7871546029909718,Residual only
q_0937,0.0,0.0,0.0,0.0,0.0,Residual only
q_0938,1.0,1.0,1.0,1.0,0.9852768631153933,Residual only
q_0939,1.0,1.0,1.0,1.0,0.7612453969287255,Residual only
q_0940,0.6666666666666666,1.0,1.0,0.8333333333333334,0.590682244936117,Residual only
q_0941,0.0,1.0,1.0,0.5,0.4966392596877323,Residual only
q_0942,0.0,1.0,1.0,0.5,0.4966392596877323,Residual only
q_0943,1.0,1.0,1.0,1.0,0.95583058934618,Residual only
q_0944,1.0,1.0,1.0,1.0,0.8556691603792904,Residual only
q_0945,1.0,1.0,1.0,1.0,0.6735439182299784,Residual only
q_0946,1.0,1.0,1.0,1.0,0.6735439182299784,Residual only
q_0947,1.0,1.0,1.0,1.0,0.6735439182299784,Residual only
q_0948,1.0,1.0,1.0,1.0,0.6735439182299784,Residual only
q_0949,1.0,1.0,1.0,1.0,0.7871546029909718,Residual only
q_0950,1.0,1.0,1.0,1.0,0.7871546029909718,Residual only
q_0951,1.0,1.0,1.0,1.0,0.8226288358258098,Residual only
q_0952,0.0,0.0,0.0,0.0,0.08967368873323793,Residual only
q_0953,1.0,1.0,1.0,1.0,0.7871546029909718,Residual only
q_0954,1.0,1.0,1.0,1.0,0.7871546029909718,Residual only
q_0955,1.0,1.0,1.0,1.0,0.7871546029909718,Residual only
q_0956,1.0,1.0,1.0,1.0,0.7595260840378977,Residual only
q_0957,0.0,1.0,1.0,0.38888888888888884,0.42793128755956805,Residual only
q_0958,1.0,1.0,1.0,1.0,1.0,Residual only
q_0959,1.0,1.0,1.0,1.0,0.8556691603792904,Residual only
q_0960,1.0,1.0,1.0,1.0,0.7871546029909718,Residual only
q_0961,1.0,1.0,1.0,1.0,0.6735439182299784,Residual only
q_0962,1.0,1.0,1.0,1.0,0.6735439182299784,Residual only
q_0963,1.0,1.0,1.0,1.0,0.7852134991855584,Residual only
q_0964,1.0,1.0,1.0,1.0,0.6735439182299784,Residual only
q_0965,0.0,0.0,0.0,0.0,0.0,Residual only
q_0966,1.0,1.0,1.0,1.0,0.7646065393046344,Residual only
q_0967,1.0,1.0,1.0,1.0,0.7871546029909718,Residual only
q_0968,0.3333333333333333,1.0,1.0,0.48333333333333334,0.40806195006918405,Residual only
q_0969,1.0,1.0,1.0,1.0,0.6735439182299784,Residual only
q_0970,1.0,1.0,1.0,1.0,0.6735439182299784,Residual only
q_0971,0.0,0.0,0.0,0.0,0.0,Residual only
q_0972,0.0,0.0,0.0,0.0,0.0,Residual only
q_0973,0.0,0.3333333333333333,1.0,0.13703703703703704,0.21933904469596976,Residual only
q_0974,1.0,1.0,1.0,1.0,0.7871546029909718,Residual only
q_0975,1.0,1.0,1.0,1.0,0.6735439182299784,Residual only
q_0976,1.0,1.0,1.0,1.0,0.6735439182299784,Residual only
q_0977,0.0,1.0,1.0,0.25,0.3905424996793693,Residual only
q_0978,0.0,1.0,1.0,0.5,0.42495889834839423,Residual only
q_0979,1.0,1.0,1.0,1.0,0.7871546029909718,Residual only
q_0980,1.0,1.0,1.0,1.0,0.6735439182299784,Residual only
q_0981,1.0,1.0,1.0,1.0,0.7871546029909718,Residual only
q_0982,1.0,1.0,1.0,1.0,0.8856508047686317,Residual only
q_0983,1.0,1.0,1.0,1.0,0.8323480564706521,Residual only
q_0984,1.0,1.0,1.0,1.0,0.7771150867270397,Residual only
q_0985,0.0,0.3333333333333333,1.0,0.19444444444444442,0.3715940473670957,Residual only
q_0986,1.0,1.0,1.0,1.0,0.6735439182299784,Residual only
q_0987,1.0,1.0,1.0,1.0,0.7719654129908929,Residual only
q_0988,0.0,1.0,1.0,0.5,0.6236986972219956,Residual only
q_0989,1.0,1.0,1.0,1.0,0.6735439182299784,Residual only
q_0990,0.0,1.0,1.0,0.5,0.4966392596877323,Residual only
q_0991,0.0,1.0,1.0,0.5,0.4966392596877323,Residual only
q_0992,1.0,1.0,1.0,1.0,1.0,Residual only
q_0993,1.0,1.0,1.0,1.0,0.8556691603792904,Residual only
q_0994,0.0,0.6666666666666666,1.0,0.28888888888888886,0.46712083455734454,Residual only
q_0995,1.0,1.0,1.0,1.0,0.7871546029909718,Residual only
q_0996,1.0,1.0,1.0,1.0,0.7871546029909718,Residual only
q_0997,1.0,1.0,1.0,1.0,0.6735439182299784,Residual only
q_0998,1.0,1.0,1.0,1.0,0.7871546029909718,Residual only
q_0999,0.0,1.0,1.0,0.2611111111111111,0.3456997681593048,Residual only
q_1000,1.0,1.0,1.0,1.0,0.6735439182299784,Residual only
q_1001,1.0,1.0,1.0,1.0,0.6735439182299784,Residual only
q_1002,1.0,1.0,1.0,1.0,0.9324441894571632,Residual only
q_1003,1.0,1.0,1.0,1.0,0.7871546029909718,Residual only
q_1004,1.0,1.0,1.0,1.0,0.6735439182299784,Residual only
q_1005,1.0,1.0,1.0,1.0,0.7871546029909718,Residual only
q_1006,1.0,1.0,1.0,1.0,0.8556691603792904,Residual only
q_1007,1.0,1.0,1.0,1.0,0.7871546029909718,Residual only
q_1008,1.0,1.0,1.0,1.0,0.6735439182299784,Residual only
q_1009,0.0,0.3333333333333333,1.0,0.19444444444444442,0.25664064847579554,Residual only
q_1010,1.0,1.0,1.0,1.0,0.7871546029909718,Residual only
q_1011,1.0,1.0,1.0,1.0,0.7978637366933587,Residual only
q_1012,1.0,1.0,1.0,1.0,0.6735439182299784,Residual only
q_1013,1.0,1.0,1.0,1.0,0.6735439182299784,Residual only
q_1014,1.0,1.0,1.0,1.0,0.7871546029909718,Residual only
q_1015,1.0,1.0,1.0,1.0,0.6735439182299784,Residual only
q_1016,1.0,1.0,1.0,1.0,0.6735439182299784,Residual only
q_1017,1.0,1.0,1.0,1.0,0.6735439182299784,Residual only
q_1018,1.0,1.0,1.0,1.0,0.6735439182299784,Residual only
q_1019,0.0,0.3333333333333333,1.0,0.24537037037037038,0.3273053454189511,Residual only
q_1020,0.3333333333333333,1.0,1.0,0.6666666666666666,0.8893274882654326,Residual only
q_1021,1.0,1.0,1.0,1.0,0.6735439182299784,Residual only
q_1022,0.0,1.0,1.0,0.3333333333333333,0.3367719591149892,Residual only
q_1023,1.0,1.0,1.0,1.0,1.0,Residual only
q_1024,1.0,1.0,1.0,1.0,1.0,Residual only
q_1025,0.0,1.0,1.0,0.4444444444444444,0.5524922257341696,Residual only
q_1026,1.0,1.0,1.0,1.0,0.7871546029909718,Residual only
q_1027,1.0,1.0,1.0,1.0,0.7871546029909718,Residual only
q_1028,1.0,1.0,1.0,1.0,0.7871546029909718,Residual only
q_1029,1.0,1.0,1.0,1.0,0.6735439182299784,Residual only
q_1030,1.0,1.0,1.0,1.0,0.7871546029909718,Residual only
q_1031,0.0,0.6666666666666666,1.0,0.27777777777777773,0.3044883675787982,Residual only
q_1032,1.0,1.0,1.0,1.0,0.6735439182299784,Residual only
q_1033,1.0,1.0,1.0,1.0,0.7871546029909718,Residual only
q_1034,1.0,1.0,1.0,1.0,0.7783445125585837,Residual only
q_1035,1.0,1.0,1.0,1.0,0.7871546029909718,Residual only
q_1036,1.0,1.0,1.0,1.0,0.8556691603792904,Residual only
q_1037,1.0,1.0,1.0,1.0,0.7978637366933587,Residual only
q_1038,0.0,1.0,1.0,0.3055555555555555,0.3753878793595839,Residual only
q_1039,1.0,1.0,1.0,1.0,0.6735439182299784,Residual only
q_1040,0.6666666666666666,1.0,1.0,0.7777777777777778,0.5612865985249821,Residual only
q_1041,0.3333333333333333,1.0,1.0,0.6666666666666666,0.5078205716422556,Residual only
q_1042,1.0,1.0,1.0,1.0,0.6735439182299784,Residual only
q_1043,1.0,1.0,1.0,1.0,0.7871546029909718,Residual only
q_1044,1.0,1.0,1.0,1.0,0.7871546029909718,Residual only
q_1045,1.0,1.0,1.0,1.0,0.8877426802950036,Residual only
q_1046,1.0,1.0,1.0,1.0,0.9933296596142235,Residual only
q_1047,1.0,1.0,1.0,1.0,0.7871546029909718,Residual only
q_1048,1.0,1.0,1.0,1.0,0.7871546029909718,Residual only
q_1049,1.0,1.0,1.0,1.0,0.6735439182299784,Residual only
q_1050,1.0,1.0,1.0,1.0,0.6735439182299784,Residual only
q_1051,1.0,1.0,1.0,1.0,0.6735439182299784,Residual only
q_1052,1.0,1.0,1.0,1.0,0.6735439182299784,Residual only
q_1053,1.0,1.0,1.0,1.0,0.6735439182299784,Residual only
q_1054,1.0,1.0,1.0,1.0,0.8521656625906607,Residual only
q_1055,1.0,1.0,1.0,1.0,0.6735439182299784,Residual only
q_1056,1.0,1.0,1.0,1.0,0.6735439182299784,Residual only
q_1057,1.0,1.0,1.0,1.0,0.6735439182299784,Residual only
q_1058,1.0,1.0,1.0,1.0,0.6735439182299784,Residual only
q_1059,1.0,1.0,1.0,1.0,0.8178747578506881,Residual only
q_1060,0.0,0.0,0.0,0.0,0.0,Residual only
q_1061,1.0,1.0,1.0,1.0,0.7871546029909718,Residual only
q_1062,1.0,1.0,1.0,1.0,0.6735439182299784,Residual only
q_1063,0.0,1.0,1.0,0.5,0.42495889834839423,Residual only
q_1064,1.0,1.0,1.0,1.0,0.7871546029909718,Residual only
q_1065,1.0,1.0,1.0,1.0,0.7871546029909718,Residual only
q_1066,1.0,1.0,1.0,1.0,0.6735439182299784,Residual only
q_1067,1.0,1.0,1.0,1.0,0.8996052605611106,Residual only
q_1068,1.0,1.0,1.0,1.0,0.8556691603792904,Residual only
q_1069,1.0,1.0,1.0,1.0,0.7871546029909718,Residual only
q_1070,1.0,1.0,1.0,1.0,0.6735439182299784,Residual only
q_1071,1.0,1.0,1.0,1.0,0.7871546029909718,Residual only
q_1072,1.0,1.0,1.0,1.0,0.7978637366933587,Residual only
q_1073,1.0,1.0,1.0,1.0,0.7871546029909718,Residual only
q_1074,1.0,1.0,1.0,1.0,0.6735439182299784,Residual only
q_1075,1.0,1.0,1.0,1.0,0.9506520293585488,Residual only
q_1076,1.0,1.0,1.0,1.0,0.8282179437182441,Residual only
q_1077,1.0,1.0,1.0,1.0,0.8556691603792904,Residual only
q_1078,1.0,1.0,1.0,1.0,0.8556691603792904,Residual only
q_1079,0.0,0.0,1.0,0.13690476190476186,0.22050290933139424,Residual only
q_1080,1.0,1.0,1.0,1.0,0.8364006858173131,Residual only
q_1081,1.0,1.0,1.0,1.0,0.6735439182299784,Residual only
q_1082,1.0,1.0,1.0,1.0,0.6735439182299784,Residual only
q_1083,1.0,1.0,1.0,1.0,0.6735439182299784,Residual only
q_1084,1.0,1.0,1.0,1.0,1.0,Residual only
q_1085,1.0,1.0,1.0,1.0,0.7871546029909718,Residual only
q_1086,1.0,1.0,1.0,1.0,0.9047496203573645,Residual only
q_1087,1.0,1.0,1.0,1.0,0.6735439182299784,Residual only
q_1088,1.0,1.0,1.0,1.0,0.7871546029909718,Residual only
q_1089,1.0,1.0,1.0,1.0,0.6735439182299784,Residual only
q_1090,1.0,1.0,1.0,1.0,0.6735439182299784,Residual only
q_1091,1.0,1.0,1.0,1.0,0.7871546029909718,Residual only
q_1092,1.0,1.0,1.0,1.0,0.6735439182299784,Residual only
q_1093,1.0,1.0,1.0,1.0,0.7871546029909718,Residual only
q_1094,1.0,1.0,1.0,1.0,0.8040389329066063,Residual only
q_1095,1.0,1.0,1.0,1.0,0.6735439182299784,Residual only
q_1096,1.0,1.0,1.0,1.0,0.6735439182299784,Residual only
q_1097,1.0,1.0,1.0,1.0,1.0,Residual only
q_1098,1.0,1.0,1.0,1.0,0.7871546029909718,Residual only
q_1099,0.0,1.0,1.0,0.5,0.42495889834839423,Residual only
q_1100,1.0,1.0,1.0,1.0,0.7871546029909718,Residual only
q_1101,1.0,1.0,1.0,1.0,0.7871546029909718,Residual only
q_1102,1.0,1.0,1.0,1.0,0.7871546029909718,Residual only
q_1103,1.0,1.0,1.0,1.0,0.6735439182299784,Residual only
q_1104,1.0,1.0,1.0,1.0,0.7871546029909718,Residual only
q_1105,1.0,1.0,1.0,1.0,0.7871546029909718,Residual only
q_1106,1.0,1.0,1.0,1.0,0.6735439182299784,Residual only
q_1107,1.0,1.0,1.0,1.0,0.6735439182299784,Residual only
q_1108,1.0,1.0,1.0,1.0,0.7871546029909718,Residual only
q_1109,0.0,0.0,0.0,0.0,0.0,Residual only
q_1110,1.0,1.0,1.0,1.0,0.7871546029909718,Residual only
q_1111,1.0,1.0,1.0,1.0,0.6735439182299784,Residual only
q_1112,0.3333333333333333,1.0,1.0,0.6666666666666666,0.5934777074554788,Residual only
q_1113,1.0,1.0,1.0,1.0,0.9330701737074071,Residual only
q_1114,1.0,1.0,1.0,1.0,0.6735439182299784,Residual only
q_1115,1.0,1.0,1.0,1.0,0.6735439182299784,Residual only
q_1116,0.0,1.0,1.0,0.25,0.290079576414554,Residual only
q_1117,1.0,1.0,1.0,1.0,0.9140277822533759,Residual only
q_1118,1.0,1.0,1.0,1.0,0.8797147460418703,Residual only
q_1119,1.0,1.0,1.0,1.0,0.7871546029909718,Residual only
q_1120,0.0,0.0,0.0,0.0,0.2886616792414193,Residual only
q_1121,1.0,1.0,1.0,1.0,0.7871546029909718,Residual only
q_1122,1.0,1.0,1.0,1.0,0.7013578976214955,Residual only
q_1123,1.0,1.0,1.0,1.0,0.7871546029909718,Residual only
q_1124,1.0,1.0,1.0,1.0,0.7871546029909718,Residual only
q_1125,1.0,1.0,1.0,1.0,0.6735439182299784,Residual only
q_1126,0.0,0.3333333333333333,1.0,0.19444444444444442,0.29992976299629065,Residual only
q_1127,1.0,1.0,1.0,1.0,0.7871546029909718,Residual only
q_1128,1.0,1.0,1.0,1.0,0.6735439182299784,Residual only
q_1129,1.0,1.0,1.0,1.0,0.6735439182299784,Residual only
q_1130,1.0,1.0,1.0,1.0,0.7871546029909718,Residual only
q_1131,1.0,1.0,1.0,1.0,0.6735439182299784,Residual only
q_1132,1.0,1.0,1.0,1.0,0.6735439182299784,Residual only
q_1133,0.0,1.0,1.0,0.5,0.42495889834839423,Residual only
q_1134,0.0,0.0,0.6666666666666666,0.09523809523809519,0.1749232451091048,Residual only
q_1135,1.0,1.0,1.0,1.0,0.7871546029909718,Residual only
q_1136,1.0,1.0,1.0,1.0,0.7871546029909718,Residual only
q_1137,1.0,1.0,1.0,1.0,0.6735439182299784,Residual only
q_1138,0.0,1.0,1.0,0.5,0.4966392596877323,Residual only
q_1139,1.0,1.0,1.0,1.0,0.7871546029909718,Residual only
q_1140,1.0,1.0,1.0,1.0,0.7871546029909718,Residual only
q_1141,1.0,1.0,1.0,1.0,0.7871546029909718,Residual only
q_1142,1.0,1.0,1.0,1.0,0.8556691603792904,Residual only
q_1143,1.0,1.0,1.0,1.0,0.7871546029909718,Residual only
q_1144,1.0,1.0,1.0,1.0,0.7013578976214955,Residual only
q_1145,1.0,1.0,1.0,1.0,0.900168120770696,Residual only
q_1146,1.0,1.0,1.0,1.0,0.6735439182299784,Residual only
q_1147,0.0,1.0,1.0,0.5,0.42495889834839423,Residual only
q_1148,1.0,1.0,1.0,1.0,0.6735439182299784,Residual only
q_1149,0.0,0.0,0.0,0.0,0.0,Residual only
q_1150,1.0,1.0,1.0,1.0,0.9324441894571632,Residual only
q_1151,1.0,1.0,1.0,1.0,0.7871546029909718,Residual only
q_1152,1.0,1.0,1.0,1.0,0.7871546029909718,Residual only
q_1153,1.0,1.0,1.0,1.0,0.7871546029909718,Residual only
q_1154,1.0,1.0,1.0,1.0,0.7871546029909718,Residual only
q_1155,0.0,1.0,1.0,0.3333333333333333,0.3367719591149892,Residual only
q_1156,1.0,1.0,1.0,1.0,1.0,Residual only
q_1157,1.0,1.0,1.0,1.0,1.0,Residual only
q_1158,1.0,1.0,1.0,1.0,0.7871546029909718,Residual only
q_1159,0.0,0.0,0.0,0.0,0.0,Residual only
q_1160,1.0,1.0,1.0,1.0,0.8556691603792904,Residual only
q_1161,1.0,1.0,1.0,1.0,0.6735439182299784,Residual only
q_1162,1.0,1.0,1.0,1.0,0.6735439182299784,Residual only
q_1163,1.0,1.0,1.0,1.0,0.7871546029909718,Residual only
q_1164,1.0,1.0,1.0,1.0,0.7871546029909718,Residual only
q_1165,1.0,1.0,1.0,1.0,0.6735439182299784,Residual only
q_1166,1.0,1.0,1.0,1.0,1.0,Residual only
q_1167,0.6666666666666666,1.0,1.0,0.8333333333333334,0.7283427441710503,Residual only
q_1168,1.0,1.0,1.0,1.0,1.0,Residual only
q_1169,1.0,1.0,1.0,1.0,0.7871546029909718,Residual only
q_1170,1.0,1.0,1.0,1.0,0.8112044174649116,Residual only
q_1171,1.0,1.0,1.0,1.0,0.7871546029909718,Residual only
q_1172,0.0,0.0,0.0,0.0,0.0,Residual only
q_1173,1.0,1.0,1.0,1.0,1.0,Residual only
q_1174,1.0,1.0,1.0,1.0,0.7871546029909718,Residual only
q_1175,1.0,1.0,1.0,1.0,0.7871546029909718,Residual only
q_1176,1.0,1.0,1.0,1.0,0.9402396560868356,Residual only
q_1177,1.0,1.0,1.0,1.0,1.0,Residual only
q_1178,1.0,1.0,1.0,1.0,0.7871546029909718,Residual only
q_1179,1.0,1.0,1.0,1.0,0.7871546029909718,Residual only
q_1180,1.0,1.0,1.0,1.0,0.95583058934618,Residual only
q_1181,0.0,1.0,1.0,0.3333333333333333,0.4356750759988506,Residual only
q_1182,1.0,1.0,1.0,1.0,0.7871546029909718,Residual only
q_1183,1.0,1.0,1.0,1.0,0.7871546029909718,Residual only
q_1184,1.0,1.0,1.0,1.0,0.7871546029909718,Residual only
q_1185,1.0,1.0,1.0,1.0,0.6735439182299784,Residual only
q_1186,1.0,1.0,1.0,1.0,0.7871546029909718,Residual only
q_1187,1.0,1.0,1.0,1.0,0.6735439182299784,Residual only
q_1188,1.0,1.0,1.0,1.0,0.7871546029909718,Residual only
q_1189,0.0,0.0,0.0,0.0,0.0,Residual only
q_1190,1.0,1.0,1.0,1.0,0.7871546029909718,Residual only
q_1191,1.0,1.0,1.0,1.0,1.0,Residual only
q_1192,1.0,1.0,1.0,1.0,0.7871546029909718,Residual only
q_1193,1.0,1.0,1.0,1.0,0.7871546029909718,Residual only
q_1194,1.0,1.0,1.0,1.0,0.9021774404592375,Residual only
q_1195,1.0,1.0,1.0,1.0,0.8521656625906607,Residual only
q_1196,1.0,1.0,1.0,1.0,0.7871546029909718,Residual only
q_1197,1.0,1.0,1.0,1.0,0.6735439182299784,Residual only
q_1198,1.0,1.0,1.0,1.0,1.0,Residual only
q_1199,0.0,1.0,1.0,0.38888888888888884,0.4229468596011085,Residual only
q_1200,1.0,1.0,1.0,1.0,0.6735439182299784,Residual only
q_1201,0.3333333333333333,1.0,1.0,0.6666666666666666,0.5420950265717437,Residual only
q_1202,0.0,1.0,1.0,0.25,0.290079576414554,Residual only
q_1203,1.0,1.0,1.0,1.0,0.7763672830184426,Residual only
q_1204,0.0,1.0,1.0,0.5,0.42495889834839423,Residual only
q_1205,1.0,1.0,1.0,1.0,0.6735439182299784,Residual only
q_1206,1.0,1.0,1.0,1.0,0.6735439182299784,Residual only
q_1207,1.0,1.0,1.0,1.0,0.8556691603792904,Residual only
q_1208,0.0,0.0,0.0,0.0,0.0,Residual only
q_1209,1.0,1.0,1.0,1.0,0.7871546029909718,Residual only
q_1210,0.3333333333333333,1.0,1.0,0.611111111111111,0.47842492523112057,Residual only
q_1211,1.0,1.0,1.0,1.0,0.7013578976214955,Residual only
q_1212,1.0,1.0,1.0,1.0,0.6735439182299784,Residual only
q_1213,1.0,1.0,1.0,1.0,0.7871546029909718,Residual only
q_1214,1.0,1.0,1.0,1.0,0.7871546029909718,Residual only
q_1215,1.0,1.0,1.0,1.0,0.6735439182299784,Residual only
q_1216,1.0,1.0,1.0,1.0,0.6735439182299784,Residual only
q_1217,1.0,1.0,1.0,1.0,0.7719654129908929,Residual only
q_1218,1.0,1.0,1.0,1.0,0.7978637366933587,Residual only
q_1219,1.0,1.0,1.0,1.0,0.6735439182299784,Residual only
q_1220,1.0,1.0,1.0,1.0,0.6735439182299784,Residual only
q_1221,1.0,1.0,1.0,1.0,0.6735439182299784,Residual only
q_1222,1.0,1.0,1.0,1.0,0.6735439182299784,Residual only
q_1223,1.0,1.0,1.0,1.0,0.7763672830184426,Residual only
q_1224,1.0,1.0,1.0,1.0,0.6735439182299784,Residual only
q_1225,1.0,1.0,1.0,1.0,0.8045340770791353,Residual only
q_1226,1.0,1.0,1.0,1.0,0.8178747578506881,Residual only
q_1227,0.3333333333333333,1.0,1.0,0.5555555555555555,0.44902927881998567,Residual only
q_1228,1.0,1.0,1.0,1.0,0.6735439182299784,Residual only
q_1229,0.0,0.0,1.0,0.11203703703703705,0.2033114092330289,Residual only
q_1230,0.0,0.0,0.0,0.0,0.0,Residual only
q_1231,0.0,0.0,0.0,0.0,0.0,Residual only
q_1232,0.0,0.0,0.0,0.0,0.0,Residual only
q_1233,1.0,1.0,1.0,1.0,0.7936469908574253,Residual only
q_1234,1.0,1.0,1.0,1.0,0.6735439182299784,Residual only
q_1235,1.0,1.0,1.0,1.0,0.6735439182299784,Residual only
q_1236,1.0,1.0,1.0,1.0,0.6735439182299784,Residual only
q_1237,1.0,1.0,1.0,1.0,0.8919540896213985,Residual only
q_1238,1.0,1.0,1.0,1.0,0.929544338806268,Residual only
q_1239,1.0,1.0,1.0,1.0,0.8430710262030896,Residual only
q_1240,1.0,1.0,1.0,1.0,0.6735439182299784,Residual only
q_1241,1.0,1.0,1.0,1.0,0.8178747578506881,Residual only
q_1242,1.0,1.0,1.0,1.0,0.6735439182299784,Residual only
q_1243,1.0,1.0,1.0,1.0,0.8304728920268888,Residual only
q_1244,1.0,1.0,1.0,1.0,0.9517918684362975,Residual only
q_1245,1.0,1.0,1.0,1.0,0.8556691603792904,Residual only
q_1246,1.0,1.0,1.0,1.0,0.7697644779771182,Residual only
q_1247,0.0,0.0,0.0,0.0,0.0,Residual only
q_1248,1.0,1.0,1.0,1.0,0.7595260840378977,Residual only
q_1249,1.0,1.0,1.0,1.0,0.6735439182299784,Residual only
q_1250,0.0,1.0,1.0,0.5,0.6612507571920473,Residual only
q_1251,0.0,1.0,1.0,0.5,0.5616503192874213,Residual only
q_1252,1.0,1.0,1.0,1.0,1.0,Residual only
q_1253,1.0,1.0,1.0,1.0,0.8003173312432018,Residual only
q_1254,1.0,1.0,1.0,1.0,0.7871546029909718,Residual only
q_1255,0.0,1.0,1.0,0.5,0.5160215194230502,Residual only
q_1256,1.0,1.0,1.0,1.0,0.6735439182299784,Residual only
q_1257,1.0,1.0,1.0,1.0,0.6735439182299784,Residual only
q_1258,1.0,1.0,1.0,1.0,0.7871546029909718,Residual only
q_1259,1.0,1.0,1.0,1.0,0.7671378548678192,Residual only
q_1260,1.0,1.0,1.0,1.0,0.6735439182299784,Residual only
q_1261,1.0,1.0,1.0,1.0,0.6735439182299784,Residual only
q_1262,0.0,0.0,0.0,0.0,0.0,Residual only
q_1263,0.0,1.0,1.0,0.3333333333333333,0.3367719591149892,Residual only
q_1264,0.0,1.0,1.0,0.3333333333333333,0.3367719591149892,Residual only
q_1265,1.0,1.0,1.0,1.0,0.6735439182299784,Residual only
q_1266,0.0,1.0,1.0,0.5,0.42495889834839423,Residual only
q_1267,0.0,0.0,1.0,0.15079365079365073,0.22965015444213396,Residual only
q_1268,0.6666666666666666,1.0,1.0,0.8333333333333334,0.7929436339237613,Residual only
q_1269,1.0,1.0,1.0,1.0,0.7871546029909718,Residual only
q_1270,1.0,1.0,1.0,1.0,0.6735439182299784,Residual only
q_1271,0.0,1.0,1.0,0.5,0.518552834986235,Residual only
q_1272,1.0,1.0,1.0,1.0,1.0,Residual only
q_1273,1.0,1.0,1.0,1.0,0.8556691603792904,Residual only
q_1274,1.0,1.0,1.0,1.0,0.7871546029909718,Residual only
q_1275,1.0,1.0,1.0,1.0,0.6735439182299784,Residual only
q_1276,1.0,1.0,1.0,1.0,0.7871546029909718,Residual only
q_1277,1.0,1.0,1.0,1.0,0.7822647604631864,Residual only
q_1278,1.0,1.0,1.0,1.0,0.7871546029909718,Residual only
q_1279,1.0,1.0,1.0,1.0,0.6735439182299784,Residual only
q_1280,1.0,1.0,1.0,1.0,0.7871546029909718,Residual only
q_1281,1.0,1.0,1.0,1.0,1.0,Residual only
q_1282,1.0,1.0,1.0,1.0,0.8556691603792904,Residual only
q_1283,1.0,1.0,1.0,1.0,0.9225881702591257,Residual only
q_1284,1.0,1.0,1.0,1.0,0.6735439182299784,Residual only
q_1285,0.0,0.3333333333333333,1.0,0.16190476190476186,0.2764275677406543,Residual only
q_1286,1.0,1.0,1.0,1.0,0.8178747578506881,Residual only
q_1287,1.0,1.0,1.0,1.0,0.8556691603792904,Residual only
q_1288,1.0,1.0,1.0,1.0,0.6735439182299784,Residual only
q_1289,1.0,1.0,1.0,1.0,0.6735439182299784,Residual only
q_1290,1.0,1.0,1.0,1.0,0.9402396560868356,Residual only
q_1291,1.0,1.0,1.0,1.0,0.6735439182299784,Residual only
q_1292,1.0,1.0,1.0,1.0,0.8178747578506881,Residual only
q_1293,1.0,1.0,1.0,1.0,0.6735439182299784,Residual only
q_1294,1.0,1.0,1.0,1.0,0.7013578976214955,Residual only
q_1295,1.0,1.0,1.0,1.0,0.7871546029909718,Residual only
q_1296,1.0,1.0,1.0,1.0,0.6735439182299784,Residual only
q_1297,0.0,1.0,1.0,0.5,0.42495889834839423,Residual only
q_1298,1.0,1.0,1.0,1.0,0.7978637366933587,Residual only
q_1299,1.0,1.0,1.0,1.0,0.8272103354124783,Residual only
q_1300,1.0,1.0,1.0,1.0,0.6735439182299784,Residual only
q_1301,1.0,1.0,1.0,1.0,0.8556691603792904,Residual only
q_1302,1.0,1.0,1.0,1.0,0.6735439182299784,Residual only
q_1303,1.0,1.0,1.0,1.0,0.6735439182299784,Residual only
q_1304,1.0,1.0,1.0,1.0,1.0,Residual only
q_1305,1.0,1.0,1.0,1.0,0.6735439182299784,Residual only
q_1306,1.0,1.0,1.0,1.0,0.7871546029909718,Residual only
q_1307,0.0,1.0,1.0,0.3333333333333333,0.36458593850650617,Residual only
q_1308,1.0,1.0,1.0,1.0,0.6735439182299784,Residual only
q_1309,1.0,1.0,1.0,1.0,0.8556691603792904,Residual only
q_1310,1.0,1.0,1.0,1.0,0.7871546029909718,Residual only
q_1311,1.0,1.0,1.0,1.0,0.6735439182299784,Residual only
q_1312,1.0,1.0,1.0,1.0,0.6735439182299784,Residual only
q_1313,1.0,1.0,1.0,1.0,0.7871546029909718,Residual only
q_1314,1.0,1.0,1.0,1.0,0.6735439182299784,Residual only
q_1315,1.0,1.0,1.0,1.0,0.6735439182299784,Residual only
q_1316,1.0,1.0,1.0,1.0,0.6735439182299784,Residual only
q_1317,1.0,1.0,1.0,1.0,0.7936469908574253,Residual only
q_1318,1.0,1.0,1.0,1.0,0.6735439182299784,Residual only
q_1319,0.0,1.0,1.0,0.4444444444444444,0.4622852736236502,Residual only
q_1320,1.0,1.0,1.0,1.0,0.7398918930751798,Residual only
q_1321,1.0,1.0,1.0,1.0,0.9225881702591257,Residual only
q_1322,0.0,0.0,0.6666666666666666,0.0787037037037037,0.13841212398615613,Residual only
q_1323,1.0,1.0,1.0,1.0,0.732863399938331,Residual only
q_1324,0.0,0.0,0.0,0.0,0.0,Residual only
q_1325,1.0,1.0,1.0,1.0,0.6735439182299784,Residual only
q_1326,1.0,1.0,1.0,1.0,0.7871546029909718,Residual only
q_1327,0.0,1.0,1.0,0.3333333333333333,0.7111781671148601,Residual only
q_1328,0.0,1.0,1.0,0.5,0.42495889834839423,Residual only
q_1329,1.0,1.0,1.0,1.0,0.6735439182299784,Residual only
q_1330,0.0,1.0,1.0,0.5,0.8339912323981488,Residual only
q_1331,1.0,1.0,1.0,1.0,0.6735439182299784,Residual only
q_1332,1.0,1.0,1.0,1.0,0.7871546029909718,Residual only
q_1333,1.0,1.0,1.0,1.0,0.6735439182299784,Residual only
q_1334,1.0,1.0,1.0,1.0,0.6735439182299784,Residual only
q_1335,0.0,0.0,0.0,0.0,0.0,Residual only
q_1336,1.0,1.0,1.0,1.0,0.6735439182299784,Residual only
q_1337,1.0,1.0,1.0,1.0,0.7871546029909718,Residual only
q_1338,1.0,1.0,1.0,1.0,0.6735439182299784,Residual only
q_1339,1.0,1.0,1.0,1.0,0.6735439182299784,Residual only
q_1340,1.0,1.0,1.0,1.0,0.6735439182299784,Residual only
q_1341,1.0,1.0,1.0,1.0,0.6735439182299784,Residual only
q_1342,0.0,1.0,1.0,0.3333333333333333,0.3367719591149892,Residual only
q_1343,1.0,1.0,1.0,1.0,0.7871546029909718,Residual only
q_1344,1.0,1.0,1.0,1.0,0.6735439182299784,Residual only
q_1345,1.0,1.0,1.0,1.0,0.6735439182299784,Residual only
q_1346,1.0,1.0,1.0,1.0,0.6735439182299784,Residual only
q_1347,1.0,1.0,1.0,1.0,0.8556691603792904,Residual only
q_1348,1.0,1.0,1.0,1.0,0.8864289248229092,Residual only
q_1349,1.0,1.0,1.0,1.0,1.0,Residual only
q_1350,1.0,1.0,1.0,1.0,0.6735439182299784,Residual only
q_1351,1.0,1.0,1.0,1.0,0.6735439182299784,Residual only
q_1352,1.0,1.0,1.0,1.0,0.8564798567865606,Residual only
q_1353,1.0,1.0,1.0,1.0,0.8556691603792904,Residual only
q_1354,1.0,1.0,1.0,1.0,0.7871546029909718,Residual only
q_1355,1.0,1.0,1.0,1.0,0.7871546029909718,Residual only
q_1356,1.0,1.0,1.0,1.0,0.7871546029909718,Residual only
q_1357,0.0,1.0,1.0,0.5,0.4966392596877323,Residual only
q_1358,1.0,1.0,1.0,1.0,0.9036142409055677,Residual only
q_1359,0.0,1.0,1.0,0.4444444444444444,0.39556325193725916,Residual only
q_1360,1.0,1.0,1.0,1.0,0.6735439182299784,Residual only
q_1361,1.0,1.0,1.0,1.0,0.6735439182299784,Residual only
q_1362,1.0,1.0,1.0,1.0,0.7871546029909718,Residual only
q_1363,0.0,0.0,1.0,0.12261904761904759,0.2105639814416027,Residual only
q_1364,1.0,1.0,1.0,1.0,0.6735439182299784,Residual only
q_1365,1.0,1.0,1.0,1.0,0.6735439182299784,Residual only
q_1366,1.0,1.0,1.0,1.0,0.6735439182299784,Residual only
q_1367,1.0,1.0,1.0,1.0,0.7871546029909718,Residual only
q_1368,1.0,1.0,1.0,1.0,0.9604697547078954,Residual only
q_1369,1.0,1.0,1.0,1.0,0.7871546029909718,Residual only
q_1370,1.0,1.0,1.0,1.0,0.7871546029909718,Residual only
q_1371,1.0,1.0,1.0,1.0,0.6735439182299784,Residual only
q_1372,1.0,1.0,1.0,1.0,0.897595940872569,Residual only
q_1373,1.0,1.0,1.0,1.0,0.7871546029909718,Residual only
q_1374,1.0,1.0,1.0,1.0,0.6735439182299784,Residual only
q_1375,1.0,1.0,1.0,1.0,0.7871546029909718,Residual only
q_1376,1.0,1.0,1.0,1.0,0.7871546029909718,Residual only
q_1377,1.0,1.0,1.0,1.0,0.6735439182299784,Residual only
q_1378,0.0,1.0,1.0,0.5,0.4966392596877323,Residual only
q_1379,0.0,1.0,1.0,0.5,0.42495889834839423,Residual only
q_1380,0.0,0.3333333333333333,1.0,0.19444444444444442,0.29992976299629065,Residual only
q_1381,1.0,1.0,1.0,1.0,0.7871546029909718,Residual only
q_1382,1.0,1.0,1.0,1.0,0.7871546029909718,Residual only
q_1383,1.0,1.0,1.0,1.0,0.6735439182299784,Residual only
q_1384,1.0,1.0,1.0,1.0,0.6735439182299784,Residual only
q_1385,1.0,1.0,1.0,1.0,0.7871546029909718,Residual only
q_1386,1.0,1.0,1.0,1.0,0.6735439182299784,Residual only
q_1387,1.0,1.0,1.0,1.0,0.6735439182299784,Residual only
q_1388,1.0,1.0,1.0,1.0,0.6735439182299784,Residual only
q_1389,1.0,1.0,1.0,1.0,0.7871546029909718,Residual only
q_1390,1.0,1.0,1.0,1.0,0.7871546029909718,Residual only
q_1391,1.0,1.0,1.0,1.0,0.6735439182299784,Residual only
q_1392,1.0,1.0,1.0,1.0,0.6735439182299784,Residual only
q_1393,1.0,1.0,1.0,1.0,0.6735439182299784,Residual only
q_1394,0.0,1.0,1.0,0.5,0.4966392596877323,Residual only
q_1395,1.0,1.0,1.0,1.0,0.8926179181490338,Residual only
q_1396,1.0,1.0,1.0,1.0,0.6735439182299784,Residual only
q_1397,0.0,1.0,1.0,0.3333333333333333,0.3367719591149892,Residual only
q_1398,0.0,1.0,1.0,0.5,0.42495889834839423,Residual only
q_1399,1.0,1.0,1.0,1.0,0.6735439182299784,Residual only
q_1400,1.0,1.0,1.0,1.0,0.6735439182299784,Residual only
q_1401,1.0,1.0,1.0,1.0,0.6735439182299784,Residual only
q_1402,1.0,1.0,1.0,1.0,0.6735439182299784,Residual only
q_1403,1.0,1.0,1.0,1.0,0.7871546029909718,Residual only
q_1404,0.0,1.0,1.0,0.27777777777777773,0.35719845722368193,Residual only
q_1405,1.0,1.0,1.0,1.0,0.7871546029909718,Residual only
q_1406,1.0,1.0,1.0,1.0,0.7871546029909718,Residual only
q_1407,1.0,1.0,1.0,1.0,0.7871546029909718,Residual only
q_1408,0.0,1.0,1.0,0.5,0.4966392596877323,Residual only
q_1409,1.0,1.0,1.0,1.0,0.7871546029909718,Residual only
q_1410,1.0,1.0,1.0,1.0,0.6735439182299784,Residual only
q_1411,1.0,1.0,1.0,1.0,0.6735439182299784,Residual only
q_1412,1.0,1.0,1.0,1.0,0.7871546029909718,Residual only
q_1413,1.0,1.0,1.0,1.0,0.7871546029909718,Residual only
q_1414,1.0,1.0,1.0,1.0,0.7871546029909718,Residual only
q_1415,1.0,1.0,1.0,1.0,0.6735439182299784,Residual only
q_1416,1.0,1.0,1.0,1.0,0.7871546029909718,Residual only
q_1417,0.0,0.0,0.3333333333333333,0.041666666666666664,0.08277320994795537,Residual only
q_1418,1.0,1.0,1.0,1.0,0.7871546029909718,Residual only
q_1419,1.0,1.0,1.0,1.0,0.7871546029909718,Residual only
q_1420,1.0,1.0,1.0,1.0,0.7871546029909718,Residual only
q_1421,0.0,1.0,1.0,0.38888888888888884,0.42793128755956805,Residual only
q_1422,1.0,1.0,1.0,1.0,0.7871546029909718,Residual only
q_1423,1.0,1.0,1.0,1.0,0.7871546029909718,Residual only
q_1424,1.0,1.0,1.0,1.0,0.8970130063079452,Residual only
q_1425,1.0,1.0,1.0,1.0,0.7871546029909718,Residual only
q_1426,1.0,1.0,1.0,1.0,1.0,Residual only
q_1427,1.0,1.0,1.0,1.0,0.7978637366933587,Residual only
q_1428,1.0,1.0,1.0,1.0,0.7871546029909718,Residual only
q_1429,1.0,1.0,1.0,1.0,0.7871546029909718,Residual only
q_1430,1.0,1.0,1.0,1.0,0.7871546029909718,Residual only
q_1431,1.0,1.0,1.0,1.0,0.7871546029909718,Residual only
q_1432,1.0,1.0,1.0,1.0,0.7871546029909718,Residual only
q_1433,1.0,1.0,1.0,1.0,0.6735439182299784,Residual only
q_1434,0.0,0.3333333333333333,1.0,0.15925925925925924,0.23441348761790246,Residual only
q_1435,1.0,1.0,1.0,1.0,0.7871546029909718,Residual only
q_1436,1.0,1.0,1.0,1.0,0.7871546029909718,Residual only
q_1437,1.0,1.0,1.0,1.0,0.6735439182299784,Residual only
q_1438,0.3333333333333333,1.0,1.0,0.611111111111111,0.5591237213913968,Residual only
q_1439,0.0,0.6666666666666666,1.0,0.20833333333333334,0.26421286733443505,Residual only
q_1440,1.0,1.0,1.0,1.0,0.9500347833724234,Residual only
q_1441,1.0,1.0,1.0,1.0,0.7871546029909718,Residual only
q_1442,1.0,1.0,1.0,1.0,0.7871546029909718,Residual only
q_1443,0.0,0.0,0.6666666666666666,0.06666666666666667,0.12979857049374552,Residual only
q_1444,1.0,1.0,1.0,1.0,0.7871546029909718,Residual only
q_1445,1.0,1.0,1.0,1.0,0.7871546029909718,Residual only
q_1446,1.0,1.0,1.0,1.0,0.7871546029909718,Residual only
q_1447,0.0,1.0,1.0,0.2333333333333333,0.5689021820387953,Residual only
q_1448,1.0,1.0,1.0,1.0,0.897595940872569,Residual only
q_1449,0.0,0.0,0.0,0.0,0.0,Residual only
q_1450,0.3333333333333333,1.0,1.0,0.6666666666666666,0.5078205716422556,Residual only
q_1451,1.0,1.0,1.0,1.0,0.7871546029909718,Residual only
q_1452,1.0,1.0,1.0,1.0,0.9799889788426704,Residual only
q_1453,1.0,1.0,1.0,1.0,0.7871546029909718,Residual only
q_1454,0.0,0.0,0.0,0.0,0.0,Residual only
q_1455,0.0,1.0,1.0,0.21666666666666667,0.27040142918019777,Residual only
q_1456,1.0,1.0,1.0,1.0,1.0,Residual only
q_1457,1.0,1.0,1.0,1.0,0.7871546029909718,Residual only
q_1458,0.0,0.0,0.0,0.0,0.0,Residual only
q_1459,1.0,1.0,1.0,1.0,0.8556691603792904,Residual only
q_1460,0.0,0.0,0.0,0.0,0.0,Residual only
q_1461,1.0,1.0,1.0,1.0,0.6735439182299784,Residual only
q_1462,1.0,1.0,1.0,1.0,0.6735439182299784,Residual only
q_1463,1.0,1.0,1.0,1.0,0.6735439182299784,Residual only
q_1464,1.0,1.0,1.0,1.0,0.6735439182299784,Residual only
q_1465,1.0,1.0,1.0,1.0,0.7719654129908929,Residual only
q_1466,1.0,1.0,1.0,1.0,0.7871546029909718,Residual only
q_1467,1.0,1.0,1.0,1.0,0.8556691603792904,Residual only
q_1468,1.0,1.0,1.0,1.0,0.7871546029909718,Residual only
q_1469,0.0,1.0,1.0,0.3055555555555555,0.32120783154817745,Residual only
q_1470,0.0,0.0,1.0,0.15873015873015867,0.23478566947427515,Residual only
q_1471,1.0,1.0,1.0,1.0,0.6735439182299784,Residual only
q_1472,0.0,1.0,1.0,0.25,0.3390090350877799,Residual only
q_1473,1.0,1.0,1.0,1.0,0.6735439182299784,Residual only
q_1474,0.0,0.0,0.0,0.0,0.15692897379691034,Residual only
q_1475,1.0,1.0,1.0,1.0,0.6735439182299784,Residual only
q_1476,0.0,1.0,1.0,0.20000000000000004,0.7313492769537508,Residual only
q_1477,1.0,1.0,1.0,1.0,0.95583058934618,Residual only
q_1478,1.0,1.0,1.0,1.0,0.9421945763140686,Residual only
q_1479,1.0,1.0,1.0,1.0,0.9047496203573645,Residual only
q_1480,0.0,0.6666666666666666,1.0,0.20555555555555552,0.3580222856843085,Residual only
q_1481,1.0,1.0,1.0,1.0,1.0,Residual only
q_1482,1.0,1.0,1.0,1.0,0.7871546029909718,Residual only
q_1483,1.0,1.0,1.0,1.0,0.7013578976214955,Residual only
q_1484,1.0,1.0,1.0,1.0,0.8556691603792904,Residual only
q_1485,0.0,0.0,0.0,0.0,0.0,Residual only
q_1486,1.0,1.0,1.0,1.0,0.7871546029909718,Residual only
q_1487,1.0,1.0,1.0,1.0,0.6735439182299784,Residual only
q_1488,0.6666666666666666,1.0,1.0,0.8333333333333334,0.590682244936117,Residual only
q_1489,1.0,1.0,1.0,1.0,0.6735439182299784,Residual only
q_1490,1.0,1.0,1.0,1.0,0.6735439182299784,Residual only
q_1491,0.0,1.0,1.0,0.25,0.361577224995902,Residual only
q_1492,1.0,1.0,1.0,1.0,0.7871546029909718,Residual only
q_1493,1.0,1.0,1.0,1.0,0.7871546029909718,Residual only
q_1494,1.0,1.0,1.0,1.0,0.7013578976214955,Residual only
q_1495,1.0,1.0,1.0,1.0,0.6735439182299784,Residual only
q_1496,1.0,1.0,1.0,1.0,0.7871546029909718,Residual only
q_1497,1.0,1.0,1.0,1.0,0.6735439182299784,Residual only
q_1498,0.0,1.0,1.0,0.5,0.42495889834839423,Residual only
q_1499,0.0,0.6666666666666666,1.0,0.242063492063492,0.28378872497984536,Residual only
q_1500,1.0,1.0,1.0,1.0,0.8935773014954859,Residual only
q_1501,1.0,1.0,1.0,1.0,0.7852134991855584,Residual only
q_1502,0.0,1.0,1.0,0.5,0.8579514172105233,Residual only
q_1503,1.0,1.0,1.0,1.0,0.8556691603792904,Residual only
q_1504,1.0,1.0,1.0,1.0,0.7871546029909718,Residual only
q_1505,1.0,1.0,1.0,1.0,0.7569858564045292,Residual only
q_1506,1.0,1.0,1.0,1.0,0.6735439182299784,Residual only
q_1507,1.0,1.0,1.0,1.0,0.6735439182299784,Residual only
q_1508,0.3333333333333333,1.0,1.0,0.611111111111111,0.47842492523112057,Residual only
q_1509,1.0,1.0,1.0,1.0,0.9176601606601068,Residual only
q_1510,1.0,1.0,1.0,1.0,0.8736577620872522,Residual only
q_1511,1.0,1.0,1.0,1.0,0.8430710262030896,Residual only
q_1512,0.0,0.3333333333333333,1.0,0.18650793650793648,0.5750546538260082,Residual only
q_1513,0.0,1.0,1.0,0.3333333333333333,0.3367719591149892,Residual only
q_1514,1.0,1.0,1.0,1.0,0.7871546029909718,Residual only
q_1515,0.0,0.0,0.6666666666666666,0.075,0.4522014269378747,Residual only
q_1516,1.0,1.0,1.0,1.0,0.770246100100065,Residual only
q_1517,0.0,0.0,0.0,0.0,0.0,Residual only
q_1518,0.0,0.0,1.0,0.13888888888888887,0.22162669428493684,Residual only
q_1519,1.0,1.0,1.0,1.0,0.6735439182299784,Residual only
q_1520,1.0,1.0,1.0,1.0,1.0,Residual only
q_1521,1.0,1.0,1.0,1.0,0.6735439182299784,Residual only
q_1522,1.0,1.0,1.0,1.0,0.8556691603792904,Residual only
q_1523,1.0,1.0,1.0,1.0,0.6735439182299784,Residual only
q_1524,0.0,1.0,1.0,0.25,0.290079576414554,Residual only
q_1525,1.0,1.0,1.0,1.0,1.0,Residual only
q_1526,1.0,1.0,1.0,1.0,0.7871546029909718,Residual only
q_1527,0.3333333333333333,1.0,1.0,0.6666666666666666,0.574168546487457,Residual only
q_1528,1.0,1.0,1.0,1.0,0.7871546029909718,Residual only
q_1529,0.0,0.0,0.0,0.0,0.14358829302535747,Residual only
q_1530,0.0,0.0,0.0,0.0,0.0,Residual only
q_1531,1.0,1.0,1.0,1.0,0.7871546029909718,Residual only
q_1532,1.0,1.0,1.0,1.0,0.9428026214791596,Residual only
q_1533,1.0,1.0,1.0,1.0,0.7871546029909718,Residual only
q_1534,1.0,1.0,1.0,1.0,0.6735439182299784,Residual only
q_1535,0.0,0.0,1.0,0.1428571428571428,0.2245146394099928,Residual only
q_1536,1.0,1.0,1.0,1.0,0.7871546029909718,Residual only
q_1537,0.0,1.0,1.0,0.2888888888888889,0.3113687579309994,Residual only
q_1538,0.0,1.0,1.0,0.25,0.5787412556559733,Residual only
q_1539,1.0,1.0,1.0,1.0,0.6735439182299784,Residual only
q_1540,1.0,1.0,1.0,1.0,0.8556691603792904,Residual only
q_1541,1.0,1.0,1.0,1.0,0.8178747578506881,Residual only
q_1542,1.0,1.0,1.0,1.0,0.6735439182299784,Residual only
q_1543,0.0,0.3333333333333333,0.6666666666666666,0.14814814814814814,0.21017814940691362,Residual only
q_1544,1.0,1.0,1.0,1.0,0.8860233674041756,Residual only
q_1545,1.0,1.0,1.0,1.0,1.0,Residual only
q_1546,0.0,0.0,0.0,0.0,0.0,Residual only
q_1547,1.0,1.0,1.0,1.0,0.6735439182299784,Residual only
q_1548,1.0,1.0,1.0,1.0,0.7871546029909718,Residual only
q_1549,1.0,1.0,1.0,1.0,0.7978637366933587,Residual only
q_1550,1.0,1.0,1.0,1.0,0.7871546029909718,Residual only
q_1551,1.0,1.0,1.0,1.0,0.6735439182299784,Residual only
q_1552,0.0,1.0,1.0,0.3333333333333333,0.525564748628768,Residual only
q_1553,1.0,1.0,1.0,1.0,0.7606773793298481,Residual only
q_1554,1.0,1.0,1.0,1.0,0.6735439182299784,Residual only
q_1555,0.0,0.0,1.0,0.1444444444444444,0.2662866810722771,Residual only
q_1556,0.6666666666666666,1.0,1.0,0.8333333333333334,0.8083196327827981,Residual only
q_1557,1.0,1.0,1.0,1.0,0.8903308777473113,Residual only
q_1558,1.0,1.0,1.0,1.0,0.6735439182299784,Residual only
q_1559,0.0,1.0,1.0,0.5,0.42495889834839423,Residual only
q_1560,1.0,1.0,1.0,1.0,0.7871546029909718,Residual only
q_1561,1.0,1.0,1.0,1.0,0.7975784573686351,Residual only
q_1562,1.0,1.0,1.0,1.0,0.8178747578506881,Residual only
q_1563,1.0,1.0,1.0,1.0,0.75928844698843,Residual only
q_1564,1.0,1.0,1.0,1.0,0.6735439182299784,Residual only
q_1565,1.0,1.0,1.0,1.0,0.8178747578506881,Residual only
q_1566,0.0,0.0,0.3333333333333333,0.03333333333333333,0.4583615588168974,Residual only
q_1567,1.0,1.0,1.0,1.0,0.7871546029909718,Residual only
q_1568,1.0,1.0,1.0,1.0,0.7038981252548638,Residual only
q_1569,1.0,1.0,1.0,1.0,0.7871546029909718,Residual only
q_1570,1.0,1.0,1.0,1.0,0.6735439182299784,Residual only
q_1571,1.0,1.0,1.0,1.0,0.7871546029909718,Residual only
q_1572,1.0,1.0,1.0,1.0,0.6735439182299784,Residual only
q_1573,1.0,1.0,1.0,1.0,0.9036142409055677,Residual only
q_1574,1.0,1.0,1.0,1.0,0.6735439182299784,Residual only
q_1575,1.0,1.0,1.0,1.0,0.8430710262030896,Residual only
q_1576,1.0,1.0,1.0,1.0,0.6735439182299784,Residual only
q_1577,1.0,1.0,1.0,1.0,0.6735439182299784,Residual only
q_1578,1.0,1.0,1.0,1.0,0.8178747578506881,Residual only
q_1579,1.0,1.0,1.0,1.0,1.0,Residual only
q_1580,1.0,1.0,1.0,1.0,0.7871546029909718,Residual only
q_1581,1.0,1.0,1.0,1.0,0.6735439182299784,Residual only
q_1582,1.0,1.0,1.0,1.0,0.6735439182299784,Residual only
q_1583,0.0,0.0,0.0,0.0,0.16952710797311107,Residual only
q_1584,1.0,1.0,1.0,1.0,0.6735439182299784,Residual only
q_1585,0.0,1.0,1.0,0.2333333333333333,0.43716947659428623,Residual only
q_1586,1.0,1.0,1.0,1.0,0.7871546029909718,Residual only
q_1587,0.0,1.0,1.0,0.5,0.42495889834839423,Residual only
q_1588,1.0,1.0,1.0,1.0,0.8556691603792904,Residual only
q_1589,1.0,1.0,1.0,1.0,0.7871546029909718,Residual only
q_1590,1.0,1.0,1.0,1.0,0.6735439182299784,Residual only
q_1591,1.0,1.0,1.0,1.0,0.6735439182299784,Residual only
q_1592,1.0,1.0,1.0,1.0,0.6735439182299784,Residual only
q_1593,0.0,1.0,1.0,0.5,0.4966392596877323,Residual only
q_1594,1.0,1.0,1.0,1.0,0.8556691603792904,Residual only
q_1595,1.0,1.0,1.0,1.0,0.6735439182299784,Residual only
q_1596,1.0,1.0,1.0,1.0,0.7871546029909718,Residual only
q_1597,1.0,1.0,1.0,1.0,0.6735439182299784,Residual only
q_1598,1.0,1.0,1.0,1.0,0.8178747578506881,Residual only
q_1599,0.0,0.0,1.0,0.11574074074074074,0.20599776491424657,Residual only
q_1600,0.0,1.0,1.0,0.3333333333333333,0.3935773014954859,Residual only
q_1601,1.0,1.0,1.0,1.0,0.7749141517132649,Residual only
q_1602,0.0,1.0,1.0,0.3333333333333333,0.3935773014954859,Residual only
q_1603,1.0,1.0,1.0,1.0,1.0,Residual only
q_1604,1.0,1.0,1.0,1.0,0.6735439182299784,Residual only
q_1605,0.0,0.0,0.0,0.0,0.0,Residual only
q_1606,0.0,1.0,1.0,0.4444444444444444,0.4622852736236502,Residual only
q_1607,1.0,1.0,1.0,1.0,1.0,Residual only
q_1608,1.0,1.0,1.0,1.0,0.95583058934618,Residual only
q_1609,0.0,1.0,1.0,0.38888888888888884,0.3661676055261242,Residual only
q_1610,1.0,1.0,1.0,1.0,0.6735439182299784,Residual only
q_1611,0.6666666666666666,1.0,1.0,0.8333333333333334,0.590682244936117,Residual only
q_1612,1.0,1.0,1.0,1.0,0.6735439182299784,Residual only
q_1613,1.0,1.0,1.0,1.0,0.7871546029909718,Residual only
q_1614,0.0,0.0,0.0,0.0,0.1236133173993915,Residual only
q_1615,0.0,0.0,0.0,0.0,0.16952710797311107,Residual only
q_1616,1.0,1.0,1.0,1.0,0.6735439182299784,Residual only
q_1617,1.0,1.0,1.0,1.0,0.7646065393046344,Residual only
q_1618,1.0,1.0,1.0,1.0,0.7871546029909718,Residual only
q_1619,1.0,1.0,1.0,1.0,0.8556691603792904,Residual only
q_1620,1.0,1.0,1.0,1.0,0.6735439182299784,Residual only
q_1621,0.0,1.0,1.0,0.3333333333333333,0.3935773014954859,Residual only
q_1622,0.0,0.6666666666666666,1.0,0.19761904761904758,0.2583855237958555,Residual only
q_1623,0.0,1.0,1.0,0.27777777777777773,0.30564370398136576,Residual only
q_1624,1.0,1.0,1.0,1.0,0.7871546029909718,Residual only
q_1625,1.0,1.0,1.0,1.0,0.6735439182299784,Residual only
q_1626,0.0,1.0,1.0,0.5,0.4966392596877323,Residual only
q_1627,0.0,0.0,0.0,0.0,0.0,Residual only
q_1628,1.0,1.0,1.0,1.0,0.6735439182299784,Residual only
q_1629,0.0,0.0,0.3333333333333333,0.041666666666666664,0.0708264830580657,Residual only
q_1630,1.0,1.0,1.0,1.0,0.6735439182299784,Residual only
q_1631,1.0,1.0,1.0,1.0,0.7871546029909718,Residual only
q_1632,0.0,1.0,1.0,0.5,0.42495889834839423,Residual only
q_1633,1.0,1.0,1.0,1.0,0.6735439182299784,Residual only
q_1634,1.0,1.0,1.0,1.0,0.6735439182299784,Residual only
q_1635,0.0,1.0,1.0,0.3333333333333333,0.6254336383564085,Residual only
q_1636,1.0,1.0,1.0,1.0,0.8468400325341555,Residual only
q_1637,1.0,1.0,1.0,1.0,0.7871546029909718,Residual only
q_1638,1.0,1.0,1.0,1.0,0.9027403006688229,Residual only
q_1639,1.0,1.0,1.0,1.0,0.8923649835496706,Residual only
q_1640,1.0,1.0,1.0,1.0,0.7852134991855584,Residual only
q_1641,1.0,1.0,1.0,1.0,0.7852134991855584,Residual only
q_1642,1.0,1.0,1.0,1.0,0.7871546029909718,Residual only
q_1643,1.0,1.0,1.0,1.0,0.7871546029909718,Residual only
q_1644,1.0,1.0,1.0,1.0,0.6735439182299784,Residual only
q_1645,0.0,1.0,1.0,0.25,0.3390090350877799,Residual only
q_1646,0.0,1.0,1.0,0.5,0.4966392596877323,Residual only
q_1647,1.0,1.0,1.0,1.0,0.6735439182299784,Residual only
q_1648,0.0,1.0,1.0,0.5,0.8339912323981488,Residual only
q_1649,1.0,1.0,1.0,1.0,0.8556691603792904,Residual only
q_1650,1.0,1.0,1.0,1.0,0.7894302450214918,Residual only
q_1651,0.3333333333333333,1.0,1.0,0.6666666666666666,0.5078205716422556,Residual only
q_1652,1.0,1.0,1.0,1.0,0.8556691603792904,Residual only
q_1653,1.0,1.0,1.0,1.0,0.7871546029909718,Residual only
q_1654,1.0,1.0,1.0,1.0,0.7871546029909718,Residual only
q_1655,1.0,1.0,1.0,1.0,0.6735439182299784,Residual only
q_1656,1.0,1.0,1.0,1.0,0.6735439182299784,Residual only
q_1657,1.0,1.0,1.0,1.0,0.7871546029909718,Residual only
q_1658,1.0,1.0,1.0,1.0,0.7871546029909718,Residual only
q_1659,1.0,1.0,1.0,1.0,0.6735439182299784,Residual only
q_1660,1.0,1.0,1.0,1.0,0.7871546029909718,Residual only
q_1661,1.0,1.0,1.0,1.0,0.8556691603792904,Residual only
q_1662,1.0,1.0,1.0,1.0,0.7871546029909718,Residual only
q_1663,0.0,0.0,0.0,0.0,0.0,Residual only
q_1664,1.0,1.0,1.0,1.0,0.7871546029909718,Residual only
q_1665,0.0,0.0,1.0,0.1666666666666666,0.2399211845064163,Residual only
q_1666,0.0,0.0,0.0,0.0,0.0,Residual only
q_1667,1.0,1.0,1.0,1.0,0.7871546029909718,Residual only
q_1668,1.0,1.0,1.0,1.0,0.6735439182299784,Residual only
q_1669,1.0,1.0,1.0,1.0,0.6735439182299784,Residual only
q_1670,1.0,1.0,1.0,1.0,0.6735439182299784,Residual only
q_1671,1.0,1.0,1.0,1.0,0.7871546029909718,Residual only
q_1672,0.0,1.0,1.0,0.5,0.42495889834839423,Residual only
q_1673,1.0,1.0,1.0,1.0,1.0,Residual only
q_1674,1.0,1.0,1.0,1.0,1.0,Residual only
q_1675,1.0,1.0,1.0,1.0,0.7749141517132649,Residual only
q_1676,1.0,1.0,1.0,1.0,0.7871546029909718,Residual only
q_1677,1.0,1.0,1.0,1.0,0.7871546029909718,Residual only
q_1678,1.0,1.0,1.0,1.0,0.6735439182299784,Residual only
q_1679,1.0,1.0,1.0,1.0,0.6735439182299784,Residual only
q_1680,1.0,1.0,1.0,1.0,0.7871546029909718,Residual only
q_1681,1.0,1.0,1.0,1.0,0.6735439182299784,Residual only
q_1682,1.0,1.0,1.0,1.0,0.6735439182299784,Residual only
q_1683,1.0,1.0,1.0,1.0,0.7871546029909718,Residual only
q_1684,1.0,1.0,1.0,1.0,0.6735439182299784,Residual only
q_1685,1.0,1.0,1.0,1.0,0.7871546029909718,Residual only
q_1686,1.0,1.0,1.0,1.0,0.7811723260530993,Residual only
q_1687,1.0,1.0,1.0,1.0,0.7871546029909718,Residual only
q_1688,1.0,1.0,1.0,1.0,0.8556691603792904,Residual only
q_1689,1.0,1.0,1.0,1.0,0.7871546029909718,Residual only
q_1690,1.0,1.0,1.0,1.0,0.6735439182299784,Residual only
q_1691,1.0,1.0,1.0,1.0,0.6735439182299784,Residual only
q_1692,1.0,1.0,1.0,1.0,0.7936469908574253,Residual only
q_1693,1.0,1.0,1.0,1.0,0.7871546029909718,Residual only
q_1694,1.0,1.0,1.0,1.0,0.6735439182299784,Residual only
q_1695,1.0,1.0,1.0,1.0,0.7871546029909718,Residual only
q_1696,0.6666666666666666,1.0,1.0,0.8333333333333334,0.618496224327634,Residual only
q_1697,1.0,1.0,1.0,1.0,0.9755735867655387,Residual only
q_1698,0.0,1.0,1.0,0.5,0.7136205775898136,Residual only
q_1699,1.0,1.0,1.0,1.0,0.7871546029909718,Residual only
q_1700,1.0,1.0,1.0,1.0,0.6735439182299784,Residual only
q_1701,0.0,1.0,1.0,0.3333333333333333,0.3367719591149892,Residual only
q_1702,1.0,1.0,1.0,1.0,0.7871546029909718,Residual only
q_1703,1.0,1.0,1.0,1.0,0.6735439182299784,Residual only
q_1704,1.0,1.0,1.0,1.0,0.6735439182299784,Residual only
q_1705,1.0,1.0,1.0,1.0,0.6735439182299784,Residual only
q_1706,1.0,1.0,1.0,1.0,0.8556691603792904,Residual only
q_1707,1.0,1.0,1.0,1.0,0.8045340770791353,Residual only
q_1708,1.0,1.0,1.0,1.0,0.7871546029909718,Residual only
q_1709,1.0,1.0,1.0,1.0,0.7871546029909718,Residual only
q_1710,1.0,1.0,1.0,1.0,0.6735439182299784,Residual only
q_1711,1.0,1.0,1.0,1.0,0.7871546029909718,Residual only
q_1712,1.0,1.0,1.0,1.0,0.7871546029909718,Residual only
q_1713,0.0,1.0,1.0,0.20000000000000004,0.3045129678946485,Residual only
q_1714,1.0,1.0,1.0,1.0,0.7871546029909718,Residual only
q_1715,0.3333333333333333,1.0,1.0,0.6666666666666666,0.8739076932554471,Residual only
q_1716,1.0,1.0,1.0,1.0,0.9799889788426704,Residual only
q_1717,0.0,0.0,0.0,0.0,0.0,Residual only
q_1718,1.0,1.0,1.0,1.0,0.6735439182299784,Residual only
q_1719,0.0,1.0,1.0,0.3333333333333333,0.4484415400705691,Residual only
q_1720,1.0,1.0,1.0,1.0,0.7871546029909718,Residual only
q_1721,1.0,1.0,1.0,1.0,0.6735439182299784,Residual only
q_1722,1.0,1.0,1.0,1.0,0.6735439182299784,Residual only
q_1723,1.0,1.0,1.0,1.0,0.7871546029909718,Residual only
q_1724,1.0,1.0,1.0,1.0,0.7871546029909718,Residual only
q_1725,1.0,1.0,1.0,1.0,0.6735439182299784,Residual only
q_1726,1.0,1.0,1.0,1.0,0.7978637366933587,Residual only
q_1727,1.0,1.0,1.0,1.0,0.6735439182299784,Residual only
q_1728,1.0,1.0,1.0,1.0,0.7978637366933587,Residual only
q_1729,1.0,1.0,1.0,1.0,0.6735439182299784,Residual only
q_1730,1.0,1.0,1.0,1.0,0.6735439182299784,Residual only
q_1731,1.0,1.0,1.0,1.0,0.8556691603792904,Residual only
q_1732,1.0,1.0,1.0,1.0,1.0,Residual only
q_1733,0.0,1.0,1.0,0.4444444444444444,0.4622852736236502,Residual only
q_1734,1.0,1.0,1.0,1.0,0.762066311671266,Residual only
q_1735,1.0,1.0,1.0,1.0,0.7871546029909718,Residual only
q_1736,0.0,1.0,1.0,0.5,0.42495889834839423,Residual only
q_1737,0.0,1.0,1.0,0.5,0.42495889834839423,Residual only
q_1738,1.0,1.0,1.0,1.0,0.7871546029909718,Residual only
q_1739,1.0,1.0,1.0,1.0,0.6735439182299784,Residual only
q_1740,1.0,1.0,1.0,1.0,0.6735439182299784,Residual only
q_1741,1.0,1.0,1.0,1.0,0.6735439182299784,Residual only
q_1742,0.0,0.3333333333333333,1.0,0.25555555555555554,0.2865259795318096,Residual only
q_1743,0.0,1.0,1.0,0.3333333333333333,0.391552443287764,Residual only
q_1744,1.0,1.0,1.0,1.0,0.7871546029909718,Residual only
q_1745,1.0,1.0,1.0,1.0,0.8996052605611106,Residual only
q_1746,1.0,1.0,1.0,1.0,0.9073218002554916,Residual only
q_1747,1.0,1.0,1.0,1.0,0.7871546029909718,Residual only
q_1748,1.0,1.0,1.0,1.0,0.7871546029909718,Residual only
q_1749,1.0,1.0,1.0,1.0,0.7871546029909718,Residual only
q_1750,0.0,1.0,1.0,0.5,0.42495889834839423,Residual only
q_1751,0.0,0.0,0.0,0.0,0.0,Residual only
q_1752,1.0,1.0,1.0,1.0,0.6735439182299784,Residual only
q_1753,1.0,1.0,1.0,1.0,0.6735439182299784,Residual only
q_1754,1.0,1.0,1.0,1.0,0.7871546029909718,Residual only
q_1755,1.0,1.0,1.0,1.0,0.6735439182299784,Residual only
q_1756,1.0,1.0,1.0,1.0,0.7871546029909718,Residual only
q_1757,0.3333333333333333,1.0,1.0,0.6666666666666666,0.6454810708771889,Residual only
q_1758,1.0,1.0,1.0,1.0,0.7871546029909718,Residual only
q_1759,1.0,1.0,1.0,1.0,0.900168120770696,Residual only
q_1760,1.0,1.0,1.0,1.0,0.7871546029909718,Residual only
q_1761,1.0,1.0,1.0,1.0,0.6735439182299784,Residual only
q_1762,0.0,0.0,0.0,0.0,0.0,Residual only
q_1763,1.0,1.0,1.0,1.0,0.6735439182299784,Residual only
q_1764,0.6666666666666666,1.0,1.0,0.8333333333333334,0.9526504724035078,Residual only
q_1765,0.3333333333333333,1.0,1.0,0.6666666666666666,0.5934777074554788,Residual only
q_1766,1.0,1.0,1.0,1.0,0.6735439182299784,Residual only
q_1767,0.0,1.0,1.0,0.27777777777777773,0.35719845722368193,Residual only
q_1768,1.0,1.0,1.0,1.0,0.867266067833985,Residual only
q_1769,0.0,1.0,1.0,0.38888888888888884,0.42793128755956805,Residual only
q_1770,1.0,1.0,1.0,1.0,0.6735439182299784,Residual only
q_1771,1.0,1.0,1.0,1.0,0.7871546029909718,Residual only
q_1772,1.0,1.0,1.0,1.0,0.6735439182299784,Residual only
q_1773,1.0,1.0,1.0,1.0,0.7871546029909718,Residual only
q_1774,1.0,1.0,1.0,1.0,1.0,Residual only
q_1775,1.0,1.0,1.0,1.0,0.7871546029909718,Residual only
q_1776,1.0,1.0,1.0,1.0,0.8430710262030896,Residual only
q_1777,1.0,1.0,1.0,1.0,0.7685267872092371,Residual only
q_1778,0.0,0.0,0.0,0.0,0.0,Residual only
q_1779,0.0,0.3333333333333333,1.0,0.1698412698412698,0.28242932083628386,Residual only
q_1780,1.0,1.0,1.0,1.0,0.7871546029909718,Residual only
q_1781,1.0,1.0,1.0,1.0,0.7871546029909718,Residual only
q_1782,0.0,0.6666666666666666,1.0,0.18888888888888888,0.2536819652108186,Residual only
q_1783,0.6666666666666666,1.0,1.0,0.8333333333333334,0.6903161552232252,Residual only
q_1784,1.0,1.0,1.0,1.0,0.7871546029909718,Residual only
q_1785,0.0,1.0,1.0,0.5,0.4966392596877323,Residual only
q_1786,1.0,1.0,1.0,1.0,0.8556691603792904,Residual only
q_1787,0.0,0.0,1.0,0.11574074074074074,0.24074464109812535,Residual only
q_1788,0.0,1.0,1.0,0.5,0.42495889834839423,Residual only
q_1789,1.0,1.0,1.0,1.0,0.7871546029909718,Residual only
q_1790,0.0,1.0,1.0,0.5,0.5132436547402143,Residual only
q_1791,0.0,0.0,1.0,0.125,0.2993752732245991,Residual only
q_1792,1.0,1.0,1.0,1.0,0.8556691603792904,Residual only
q_1793,0.0,0.0,0.0,0.0,0.0,Residual only
q_1794,1.0,1.0,1.0,1.0,0.7871546029909718,Residual only
q_1795,0.0,0.0,0.0,0.0,0.0,Residual only
q_1796,0.0,0.0,0.6666666666666666,0.07037037037037037,0.15483195177472206,Residual only
q_1797,1.0,1.0,1.0,1.0,0.7871546029909718,Residual only
q_1798,1.0,1.0,1.0,1.0,0.95583058934618,Residual only
q_1799,1.0,1.0,1.0,1.0,0.8860233674041756,Residual only
q_1800,1.0,1.0,1.0,1.0,1.0,Residual only
q_1801,1.0,1.0,1.0,1.0,0.7871546029909718,Residual only
q_1802,1.0,1.0,1.0,1.0,0.6735439182299784,Residual only
q_1803,1.0,1.0,1.0,1.0,0.6735439182299784,Residual only
q_1804,0.0,0.0,1.0,0.125,0.21247944917419712,Residual only
q_1805,1.0,1.0,1.0,1.0,0.6735439182299784,Residual only
q_1806,1.0,1.0,1.0,1.0,0.6735439182299784,Residual only
q_1807,1.0,1.0,1.0,1.0,0.7871546029909718,Residual only
q_1808,1.0,1.0,1.0,1.0,0.6735439182299784,Residual only
q_1809,1.0,1.0,1.0,1.0,0.8903308777473113,Residual only
q_1810,1.0,1.0,1.0,1.0,1.0,Residual only
q_1811,1.0,1.0,1.0,1.0,0.7871546029909718,Residual only
q_1812,1.0,1.0,1.0,1.0,0.7871546029909718,Residual only
q_1813,1.0,1.0,1.0,1.0,0.7871546029909718,Residual only
q_1814,0.6666666666666666,0.6666666666666666,1.0,0.7222222222222222,0.5290030069887911,Residual only
q_1815,1.0,1.0,1.0,1.0,1.0,Residual only
q_1816,1.0,1.0,1.0,1.0,0.7871546029909718,Residual only
q_1817,0.0,0.0,0.0,0.0,0.0,Residual only
q_1818,1.0,1.0,1.0,1.0,0.7871546029909718,Residual only
q_1819,1.0,1.0,1.0,1.0,0.7871546029909718,Residual only
q_1820,1.0,1.0,1.0,1.0,0.8548566449124734,Residual only
q_1821,1.0,1.0,1.0,1.0,0.6735439182299784,Residual only
q_1822,1.0,1.0,1.0,1.0,0.7871546029909718,Residual only
q_1823,1.0,1.0,1.0,1.0,0.7871546029909718,Residual only
q_1824,0.0,1.0,1.0,0.5,0.42495889834839423,Residual only
q_1825,1.0,1.0,1.0,1.0,0.6735439182299784,Residual only
q_1826,0.0,1.0,1.0,0.3333333333333333,0.3935773014954859,Residual only
q_1827,1.0,1.0,1.0,1.0,0.7871546029909718,Residual only
q_1828,0.0,1.0,1.0,0.3333333333333333,0.3367719591149892,Residual only
q_1829,0.0,0.6666666666666666,1.0,0.38095238095238093,0.41855446234637395,Residual only
q_1830,1.0,1.0,1.0,1.0,1.0,Residual only
q_1831,1.0,1.0,1.0,1.0,0.7871546029909718,Residual only
q_1832,1.0,1.0,1.0,1.0,0.9866593192284471,Residual only
q_1833,1.0,1.0,1.0,1.0,0.7871546029909718,Residual only
q_1834,1.0,1.0,1.0,1.0,0.8621217080377309,Residual only
q_1835,1.0,1.0,1.0,1.0,0.7871546029909718,Residual only
q_1836,1.0,1.0,1.0,1.0,0.7871546029909718,Residual only
q_1837,1.0,1.0,1.0,1.0,1.0,Residual only
q_1838,1.0,1.0,1.0,1.0,0.8178747578506881,Residual only
q_1839,1.0,1.0,1.0,1.0,0.6735439182299784,Residual only
q_1840,1.0,1.0,1.0,1.0,0.6735439182299784,Residual only
q_1841,1.0,1.0,1.0,1.0,0.9467317814539461,Residual only
q_1842,1.0,1.0,1.0,1.0,0.6735439182299784,Residual only
q_1843,1.0,1.0,1.0,1.0,0.7978637366933587,Residual only
q_1844,1.0,1.0,1.0,1.0,0.6735439182299784,Residual only
q_1845,1.0,1.0,1.0,1.0,0.6735439182299784,Residual only
q_1846,1.0,1.0,1.0,1.0,0.6735439182299784,Residual only
q_1847,1.0,1.0,1.0,1.0,0.6735439182299784,Residual only
q_1848,0.0,1.0,1.0,0.3055555555555555,0.32120783154817745,Residual only
q_1849,0.0,0.0,0.3333333333333333,0.041666666666666664,0.0708264830580657,Residual only
q_1850,0.0,0.0,0.0,0.0,0.0,Residual only
q_1851,1.0,1.0,1.0,1.0,1.0,Residual only
q_1852,1.0,1.0,1.0,1.0,0.6735439182299784,Residual only
q_1853,1.0,1.0,1.0,1.0,0.7595260840378977,Residual only
q_1854,1.0,1.0,1.0,1.0,0.6735439182299784,Residual only
q_1855,0.0,1.0,1.0,0.3333333333333333,0.3367719591149892,Residual only
q_1856,1.0,1.0,1.0,1.0,1.0,Residual only
q_1857,1.0,1.0,1.0,1.0,0.8112044174649116,Residual only
q_1858,1.0,1.0,1.0,1.0,0.8113278868367862,Residual only
q_1859,1.0,1.0,1.0,1.0,0.6735439182299784,Residual only
q_1860,1.0,1.0,1.0,1.0,0.6735439182299784,Residual only
q_1861,1.0,1.0,1.0,1.0,0.6735439182299784,Residual only
q_1862,1.0,1.0,1.0,1.0,0.7864815062991198,Residual only
q_1863,0.0,0.0,0.0,0.0,0.0,Residual only
q_1864,1.0,1.0,1.0,1.0,0.6735439182299784,Residual only
q_1865,1.0,1.0,1.0,1.0,0.6735439182299784,Residual only
q_1866,1.0,1.0,1.0,1.0,0.7763672830184426,Residual only
q_1867,1.0,1.0,1.0,1.0,0.6735439182299784,Residual only
q_1868,1.0,1.0,1.0,1.0,0.8415586244897969,Residual only
q_1869,0.0,1.0,1.0,0.5,0.7136205775898136,Residual only
q_1870,0.0,0.0,0.0,0.0,0.0,Residual only
q_1871,1.0,1.0,1.0,1.0,0.8178747578506881,Residual only
q_1872,0.0,0.0,0.0,0.0,0.0,Residual only
q_1873,0.0,1.0,1.0,0.5,0.42495889834839423,Residual only
q_1874,0.3333333333333333,1.0,1.0,0.6666666666666666,0.6194901525978355,Residual only
q_1875,0.0,0.0,0.0,0.0,0.0,Residual only
q_1876,0.0,0.0,0.0,0.0,0.0,Residual only
q_1877,0.0,0.0,0.0,0.0,0.0,Residual only
q_1878,1.0,1.0,1.0,1.0,0.6735439182299784,Residual only
q_1879,0.0,1.0,1.0,0.5,0.42495889834839423,Residual only
q_1880,0.3333333333333333,1.0,1.0,0.5555555555555555,0.44902927881998567,Residual only
q_1881,1.0,1.0,1.0,1.0,0.9324441894571632,Residual only
q_1882,1.0,1.0,1.0,1.0,0.7771150867270397,Residual only
q_1883,1.0,1.0,1.0,1.0,0.6735439182299784,Residual only
q_1884,1.0,1.0,1.0,1.0,0.864693887935858,Residual only
q_1885,1.0,1.0,1.0,1.0,0.6735439182299784,Residual only
q_1886,1.0,1.0,1.0,1.0,0.6735439182299784,Residual only
q_1887,1.0,1.0,1.0,1.0,0.7871546029909718,Residual only
q_1888,1.0,1.0,1.0,1.0,0.7663258521954623,Residual only
q_1889,1.0,1.0,1.0,1.0,0.6735439182299784,Residual only
q_1890,1.0,1.0,1.0,1.0,0.7978637366933587,Residual only
q_1891,1.0,1.0,1.0,1.0,0.6735439182299784,Residual only
q_1892,1.0,1.0,1.0,1.0,0.7871546029909718,Residual only
q_1893,1.0,1.0,1.0,1.0,0.6735439182299784,Residual only
q_1894,1.0,1.0,1.0,1.0,0.8556691603792904,Residual only
q_1895,0.6666666666666666,1.0,1.0,0.8333333333333334,0.7283427441710503,Residual only
q_1896,1.0,1.0,1.0,1.0,0.6735439182299784,Residual only
q_1897,1.0,1.0,1.0,1.0,0.6735439182299784,Residual only
q_1898,1.0,1.0,1.0,1.0,0.8178747578506881,Residual only
q_1899,0.0,1.0,1.0,0.5,0.8579514172105233,Residual only
q_1900,1.0,1.0,1.0,1.0,0.8178747578506881,Residual only
q_1901,1.0,1.0,1.0,1.0,0.9073218002554916,Residual only
q_1902,0.0,1.0,1.0,0.5,0.42495889834839423,Residual only
q_1903,1.0,1.0,1.0,1.0,0.7871546029909718,Residual only
q_1904,1.0,1.0,1.0,1.0,0.7871546029909718,Residual only
q_1905,1.0,1.0,1.0,1.0,0.6735439182299784,Residual only
q_1906,1.0,1.0,1.0,1.0,0.770246100100065,Residual only
q_1907,1.0,1.0,1.0,1.0,0.7688571677586471,Residual only
q_1908,1.0,1.0,1.0,1.0,0.6735439182299784,Residual only
q_1909,1.0,1.0,1.0,1.0,0.7864815062991198,Residual only
q_1910,0.0,1.0,1.0,0.3333333333333333,0.6894270823054396,Residual only
q_1911,1.0,1.0,1.0,1.0,0.7961005854072684,Residual only
q_1912,0.6666666666666666,1.0,1.0,0.75,0.6377727470232412,Residual only
q_1913,0.0,1.0,1.0,0.25,0.3390090350877799,Residual only
q_1914,1.0,1.0,1.0,1.0,0.8556691603792904,Residual only
q_1915,1.0,1.0,1.0,1.0,0.7871546029909718,Residual only
q_1916,1.0,1.0,1.0,1.0,0.6735439182299784,Residual only
q_1917,1.0,1.0,1.0,1.0,0.6735439182299784,Residual only
q_1918,1.0,1.0,1.0,1.0,0.8556691603792904,Residual only
q_1919,1.0,1.0,1.0,1.0,0.6735439182299784,Residual only
q_1920,1.0,1.0,1.0,1.0,0.6735439182299784,Residual only
q_1921,1.0,1.0,1.0,1.0,0.6735439182299784,Residual only
q_1922,0.0,1.0,1.0,0.5,0.4966392596877323,Residual only
q_1923,1.0,1.0,1.0,1.0,0.6735439182299784,Residual only
q_1924,1.0,1.0,1.0,1.0,0.6735439182299784,Residual only
q_1925,1.0,1.0,1.0,1.0,0.7871546029909718,Residual only
q_1926,0.0,0.0,1.0,0.1481481481481481,0.22753309726570128,Residual only
q_1927,0.0,1.0,1.0,0.3444444444444444,0.4053930662965077,Residual only
q_1928,1.0,1.0,1.0,1.0,0.8556691603792904,Residual only
q_1929,1.0,1.0,1.0,1.0,0.6735439182299784,Residual only
q_1930,1.0,1.0,1.0,1.0,0.7871546029909718,Residual only
q_1931,1.0,1.0,1.0,1.0,0.7871546029909718,Residual only
q_1932,0.0,1.0,1.0,0.3333333333333333,0.3367719591149892,Residual only
q_1933,1.0,1.0,1.0,1.0,0.8556691603792904,Residual only
q_1934,1.0,1.0,1.0,1.0,0.9021774404592375,Residual only
q_1935,1.0,1.0,1.0,1.0,0.7871546029909718,Residual only
q_1936,0.0,0.0,0.0,0.0,0.0,Residual only
q_1937,1.0,1.0,1.0,1.0,0.8556691603792904,Residual only
q_1938,1.0,1.0,1.0,1.0,0.7978637366933587,Residual only
q_1939,1.0,1.0,1.0,1.0,0.6735439182299784,Residual only
q_1940,1.0,1.0,1.0,1.0,0.6735439182299784,Residual only
q_1941,1.0,1.0,1.0,1.0,0.8430710262030896,Residual only
q_1942,1.0,1.0,1.0,1.0,0.7411213189067238,Residual only
q_1943,1.0,1.0,1.0,1.0,0.6735439182299784,Residual only
q_1944,1.0,1.0,1.0,1.0,0.6735439182299784,Residual only
q_1945,1.0,1.0,1.0,1.0,0.7978637366933587,Residual only
q_1946,1.0,1.0,1.0,1.0,0.9176601606601068,Residual only
q_1947,0.0,0.0,1.0,0.15079365079365073,0.22965015444213396,Residual only
q_1948,1.0,1.0,1.0,1.0,0.8515023633550364,Residual only
q_1949,0.3333333333333333,1.0,1.0,0.6666666666666666,0.5078205716422556,Residual only
q_1950,1.0,1.0,1.0,1.0,0.6735439182299784,Residual only
q_1951,1.0,1.0,1.0,1.0,0.6735439182299784,Residual only
q_1952,1.0,1.0,1.0,1.0,0.770246100100065,Residual only
q_1953,1.0,1.0,1.0,1.0,0.6735439182299784,Residual only
q_1954,1.0,1.0,1.0,1.0,0.6735439182299784,Residual only
q_1955,1.0,1.0,1.0,1.0,0.6735439182299784,Residual only
q_1956,0.0,0.6666666666666666,1.0,0.20555555555555552,0.3764586268971381,Residual only
q_1957,1.0,1.0,1.0,1.0,0.7871546029909718,Residual only
q_1958,1.0,1.0,1.0,1.0,0.6735439182299784,Residual only
q_1959,1.0,1.0,1.0,1.0,0.6735439182299784,Residual only
q_1960,1.0,1.0,1.0,1.0,0.6735439182299784,Residual only
q_1961,1.0,1.0,1.0,1.0,0.6735439182299784,Residual only
q_1962,1.0,1.0,1.0,1.0,0.6735439182299784,Residual only
q_1963,1.0,1.0,1.0,1.0,0.8556691603792904,Residual only
q_1964,0.0,1.0,1.0,0.4444444444444444,0.39556325193725916,Residual only
q_1965,1.0,1.0,1.0,1.0,0.7871546029909718,Residual only
q_1966,1.0,1.0,1.0,1.0,0.8556691603792904,Residual only
q_1967,1.0,1.0,1.0,1.0,0.6735439182299784,Residual only
q_1968,1.0,1.0,1.0,1.0,0.7025091929134458,Residual only
q_1969,1.0,1.0,1.0,1.0,0.6735439182299784,Residual only
q_1970,1.0,1.0,1.0,1.0,0.7871546029909718,Residual only
q_1971,1.0,1.0,1.0,1.0,0.6735439182299784,Residual only
q_1972,1.0,1.0,1.0,1.0,1.0,Residual only
q_1973,1.0,1.0,1.0,1.0,0.6735439182299784,Residual only
q_1974,1.0,1.0,1.0,1.0,0.7314744675969131,Residual only
q_1975,0.0,1.0,1.0,0.5,0.4966392596877323,Residual only
q_1976,1.0,1.0,1.0,1.0,0.6735439182299784,Residual only
q_1977,1.0,1.0,1.0,1.0,0.7871546029909718,Residual only
q_1978,0.0,0.0,0.0,0.0,0.0,Residual only
q_1979,1.0,1.0,1.0,1.0,0.6735439182299784,Residual only
q_1980,1.0,1.0,1.0,1.0,0.6735439182299784,Residual only
q_1981,0.0,0.0,0.3333333333333333,0.041666666666666664,0.0708264830580657,Residual only
q_1982,0.0,1.0,1.0,0.5,0.42495889834839423,Residual only
q_1983,1.0,1.0,1.0,1.0,0.7871546029909718,Residual only
q_1984,0.0,0.0,0.6666666666666666,0.07407407407407407,0.13517128185618085,Residual only
q_1985,1.0,1.0,1.0,1.0,0.6735439182299784,Residual only
q_1986,1.0,1.0,1.0,1.0,0.9421945763140686,Residual only
q_1987,1.0,1.0,1.0,1.0,0.9132549193123433,Residual only
q_1988,1.0,1.0,1.0,1.0,0.943107113117489,Residual only
q_1989,1.0,1.0,1.0,1.0,0.6735439182299784,Residual only
q_1990,1.0,1.0,1.0,1.0,1.0,Residual only
q_1991,1.0,1.0,1.0,1.0,0.7871546029909718,Residual only
q_1992,1.0,1.0,1.0,1.0,0.7871546029909718,Residual only
q_1993,1.0,1.0,1.0,1.0,0.7871546029909718,Residual only
q_1994,0.0,1.0,1.0,0.27777777777777773,0.30564370398136576,Residual only
q_1995,0.0,1.0,1.0,0.38888888888888884,0.42793128755956805,Residual only
q_1996,1.0,1.0,1.0,1.0,0.7871546029909718,Residual only
q_1997,1.0,1.0,1.0,1.0,0.6735439182299784,Residual only
q_1998,1.0,1.0,1.0,1.0,0.6735439182299784,Residual only
q_1999,1.0,1.0,1.0,1.0,0.7871546029909718,Residual only
q_2000,1.0,1.0,1.0,1.0,0.8178747578506881,Residual only
q_2001,1.0,1.0,1.0,1.0,1.0,Residual only
q_2002,1.0,1.0,1.0,1.0,0.7871546029909718,Residual only
q_2003,1.0,1.0,1.0,1.0,0.6735439182299784,Residual only
q_2004,1.0,1.0,1.0,1.0,0.7871546029909718,Residual only
q_2005,1.0,1.0,1.0,1.0,0.6735439182299784,Residual only
q_2006,0.0,1.0,1.0,0.5,0.5492787168117745,Residual only
q_2007,0.6666666666666666,1.0,1.0,0.8333333333333334,0.6903161552232252,Residual only
q_2008,1.0,1.0,1.0,1.0,0.7871546029909718,Residual only
q_2009,1.0,1.0,1.0,1.0,0.6735439182299784,Residual only
q_2010,0.0,0.0,1.0,0.13690476190476186,0.2576964550570602,Residual only
q_2011,1.0,1.0,1.0,1.0,0.6735439182299784,Residual only
q_2012,1.0,1.0,1.0,1.0,0.7871546029909718,Residual only
q_2013,0.0,0.0,1.0,0.15873015873015867,0.23478566947427515,Residual only
q_2014,1.0,1.0,1.0,1.0,0.7871546029909718,Residual only
q_2015,1.0,1.0,1.0,1.0,0.6735439182299784,Residual only
q_2016,1.0,1.0,1.0,1.0,0.7871546029909718,Residual only
q_2017,0.0,1.0,1.0,0.38888888888888884,0.3661676055261242,Residual only
q_2018,1.0,1.0,1.0,1.0,0.7871546029909718,Residual only
q_2019,1.0,1.0,1.0,1.0,0.6735439182299784,Residual only
q_2020,1.0,1.0,1.0,1.0,0.6735439182299784,Residual only
q_2021,1.0,1.0,1.0,1.0,0.6735439182299784,Residual only
q_2022,0.0,1.0,1.0,0.38888888888888884,0.3661676055261242,Residual only
q_2023,1.0,1.0,1.0,1.0,0.7871546029909718,Residual only
q_2024,1.0,1.0,1.0,1.0,0.6735439182299784,Residual only
q_2025,0.0,0.0,0.0,0.0,0.0,Residual only
q_2026,1.0,1.0,1.0,1.0,0.9116418606271081,Residual only
q_2027,0.0,0.0,0.0,0.0,0.0,Residual only
q_2028,1.0,1.0,1.0,1.0,0.8304728920268888,Residual only
q_2029,0.0,0.0,0.0,0.0,0.0,Residual only
q_2030,1.0,1.0,1.0,1.0,0.7871546029909718,Residual only
q_2031,0.0,1.0,1.0,0.27777777777777773,0.30564370398136576,Residual only
q_2032,1.0,1.0,1.0,1.0,0.6735439182299784,Residual only
q_2033,0.0,0.0,1.0,0.1111111111111111,0.2027569227842713,Residual only
q_2034,1.0,1.0,1.0,1.0,0.7871546029909718,Residual only
q_0001,1.0,1.0,1.0,1.0,0.7871546029909718,Raw contextual vector
q_0002,1.0,1.0,1.0,1.0,0.8178747578506881,Raw contextual vector
q_0003,1.0,1.0,1.0,1.0,0.7871546029909718,Raw contextual vector
q_0004,1.0,1.0,1.0,1.0,0.7871546029909718,Raw contextual vector
q_0005,0.0,1.0,1.0,0.3333333333333333,0.3367719591149892,Raw contextual vector
q_0006,1.0,1.0,1.0,1.0,0.6735439182299785,Raw contextual vector
q_0007,0.0,1.0,1.0,0.25,0.290079576414554,Raw contextual vector
q_0008,0.0,0.0,0.0,0.0,0.0,Raw contextual vector
q_0009,1.0,1.0,1.0,1.0,0.6735439182299785,Raw contextual vector
q_0010,1.0,1.0,1.0,1.0,0.6735439182299785,Raw contextual vector
q_0011,0.0,0.0,1.0,0.1428571428571428,0.2623848676636572,Raw contextual vector
q_0012,1.0,1.0,1.0,1.0,0.6735439182299785,Raw contextual vector
q_0013,0.0,0.0,0.0,0.0,0.0,Raw contextual vector
q_0014,1.0,1.0,1.0,1.0,0.7871546029909718,Raw contextual vector
q_0015,1.0,1.0,1.0,1.0,0.6735439182299785,Raw contextual vector
q_0016,0.0,1.0,1.0,0.3333333333333333,0.5727613585339494,Raw contextual vector
q_0017,0.0,0.0,0.0,0.0,0.0,Raw contextual vector
q_0018,1.0,1.0,1.0,1.0,0.6735439182299785,Raw contextual vector
q_0019,0.0,1.0,1.0,0.25,0.723072095276683,Raw contextual vector
q_0020,1.0,1.0,1.0,1.0,0.7871546029909718,Raw contextual vector
q_0021,0.0,1.0,1.0,0.3333333333333333,0.606422698504514,Raw contextual vector
q_0022,0.0,0.0,0.0,0.0,0.0,Raw contextual vector
q_0023,1.0,1.0,1.0,1.0,1.0,Raw contextual vector
q_0024,1.0,1.0,1.0,1.0,0.7871546029909718,Raw contextual vector
q_0025,0.0,1.0,1.0,0.2,0.2605623555630197,Raw contextual vector
q_0026,0.0,1.0,1.0,0.2,0.549224034804439,Raw contextual vector
q_0027,1.0,1.0,1.0,1.0,0.6735439182299785,Raw contextual vector
q_0028,1.0,1.0,1.0,1.0,0.7871546029909718,Raw contextual vector
q_0029,1.0,1.0,1.0,1.0,0.6735439182299785,Raw contextual vector
q_0030,1.0,1.0,1.0,1.0,0.6735439182299785,Raw contextual vector
q_0031,0.0,1.0,1.0,0.5,0.5277822631368584,Raw contextual vector
q_0032,1.0,1.0,1.0,1.0,0.7871546029909718,Raw contextual vector
q_0033,1.0,1.0,1.0,1.0,0.6735439182299785,Raw contextual vector
q_0034,1.0,1.0,1.0,1.0,0.7871546029909718,Raw contextual vector
q_0035,1.0,1.0,1.0,1.0,0.6735439182299785,Raw contextual vector
q_0036,1.0,1.0,1.0,1.0,0.7871546029909718,Raw contextual vector
q_0037,1.0,1.0,1.0,1.0,0.7871546029909718,Raw contextual vector
q_0038,1.0,1.0,1.0,1.0,0.7978637366933587,Raw contextual vector
q_0039,0.0,1.0,1.0,0.2,0.2605623555630197,Raw contextual vector
q_0040,1.0,1.0,1.0,1.0,0.7871546029909718,Raw contextual vector
q_0041,1.0,1.0,1.0,1.0,0.6735439182299785,Raw contextual vector
q_0042,0.0,0.0,0.0,0.0,0.0,Raw contextual vector
q_0043,1.0,1.0,1.0,1.0,0.7871546029909718,Raw contextual vector
q_0044,0.0,1.0,1.0,0.25,0.3735215145891047,Raw contextual vector
q_0045,1.0,1.0,1.0,1.0,0.8178747578506881,Raw contextual vector
q_0046,1.0,1.0,1.0,1.0,0.929544338806268,Raw contextual vector
q_0047,1.0,1.0,1.0,1.0,0.908937378925344,Raw contextual vector
q_0048,1.0,1.0,1.0,1.0,0.8846711923905052,Raw contextual vector
q_0049,1.0,1.0,1.0,1.0,0.6735439182299785,Raw contextual vector
q_0050,0.0,1.0,1.0,0.5,0.4249588983483942,Raw contextual vector
q_0051,1.0,1.0,1.0,1.0,0.7978637366933587,Raw contextual vector
q_0052,1.0,1.0,1.0,1.0,0.6735439182299785,Raw contextual vector
q_0053,0.0,1.0,1.0,0.5,0.4249588983483942,Raw contextual vector
q_0054,1.0,1.0,1.0,1.0,0.7871546029909718,Raw contextual vector
q_0055,0.0,1.0,1.0,0.3333333333333333,0.432992518862129,Raw contextual vector
q_0056,0.0,1.0,1.0,0.25,0.290079576414554,Raw contextual vector
q_0057,1.0,1.0,1.0,1.0,0.7871546029909718,Raw contextual vector
q_0058,0.0,1.0,1.0,0.3333333333333333,0.4236677831653912,Raw contextual vector
q_0059,1.0,1.0,1.0,1.0,1.0,Raw contextual vector
q_0060,1.0,1.0,1.0,1.0,0.8556691603792903,Raw contextual vector
q_0061,0.0,0.0,0.0,0.0,0.0,Raw contextual vector
q_0062,0.0,0.0,1.0,0.1428571428571428,0.2245146394099928,Raw contextual vector
q_0063,0.0,0.0,1.0,0.1428571428571428,0.2245146394099928,Raw contextual vector
q_0064,0.0,1.0,1.0,0.5,0.4249588983483942,Raw contextual vector
q_0065,1.0,1.0,1.0,1.0,1.0,Raw contextual vector
q_0066,0.0,0.0,1.0,0.1,0.2275387085989112,Raw contextual vector
q_0067,1.0,1.0,1.0,1.0,0.6735439182299785,Raw contextual vector
q_0068,1.0,1.0,1.0,1.0,1.0,Raw contextual vector
q_0069,1.0,1.0,1.0,1.0,0.8556691603792903,Raw contextual vector
q_0070,0.0,1.0,1.0,0.3333333333333333,0.3367719591149892,Raw contextual vector
q_0071,1.0,1.0,1.0,1.0,0.6735439182299785,Raw contextual vector
q_0072,1.0,1.0,1.0,1.0,0.8178747578506881,Raw contextual vector
q_0073,0.0,1.0,1.0,0.3333333333333333,0.5,Raw contextual vector
q_0074,1.0,1.0,1.0,1.0,0.6735439182299785,Raw contextual vector
q_0075,1.0,1.0,1.0,1.0,1.0,Raw contextual vector
q_0076,0.0,0.0,1.0,0.125,0.2483196298438661,Raw contextual vector
q_0077,0.0,0.0,1.0,0.1666666666666666,0.2399211845064163,Raw contextual vector
q_0078,0.0,1.0,1.0,0.5,0.4966392596877323,Raw contextual vector
q_0079,0.0,1.0,1.0,0.3333333333333333,0.4236677831653912,Raw contextual vector
q_0080,0.0,1.0,1.0,0.5,0.521179458095534,Raw contextual vector
q_0081,1.0,1.0,1.0,1.0,0.7871546029909718,Raw contextual vector
q_0082,1.0,1.0,1.0,1.0,0.6735439182299785,Raw contextual vector
q_0083,1.0,1.0,1.0,1.0,0.7871546029909718,Raw contextual vector
q_0084,1.0,1.0,1.0,1.0,0.9584925251677544,Raw contextual vector
q_0085,0.0,0.0,0.0,0.0,0.0,Raw contextual vector
q_0086,1.0,1.0,1.0,1.0,0.7871546029909718,Raw contextual vector
q_0087,1.0,1.0,1.0,1.0,0.6735439182299785,Raw contextual vector
q_0088,1.0,1.0,1.0,1.0,0.6735439182299785,Raw contextual vector
q_0089,0.0,0.0,0.0,0.0,0.1243198184633803,Raw contextual vector
q_0090,1.0,1.0,1.0,1.0,0.6735439182299785,Raw contextual vector
q_0091,1.0,1.0,1.0,1.0,0.7871546029909718,Raw contextual vector
q_0092,0.0,1.0,1.0,0.25,0.290079576414554,Raw contextual vector
q_0093,0.0,0.0,1.0,0.1666666666666666,0.3361417442535561,Raw contextual vector
q_0094,1.0,1.0,1.0,1.0,0.6735439182299785,Raw contextual vector
q_0095,1.0,1.0,1.0,1.0,0.7978637366933587,Raw contextual vector
q_0096,1.0,1.0,1.0,1.0,0.6735439182299785,Raw contextual vector
q_0097,1.0,1.0,1.0,1.0,0.7646065393046344,Raw contextual vector
q_0098,1.0,1.0,1.0,1.0,0.7871546029909718,Raw contextual vector
q_0099,1.0,1.0,1.0,1.0,0.6735439182299785,Raw contextual vector
q_0100,1.0,1.0,1.0,1.0,0.6735439182299785,Raw contextual vector
q_0101,0.0,0.0,0.0,0.0,0.0,Raw contextual vector
q_0102,1.0,1.0,1.0,1.0,0.8556691603792903,Raw contextual vector
q_0103,1.0,1.0,1.0,1.0,0.9799889788426704,Raw contextual vector
q_0104,0.0,1.0,1.0,0.5,0.508400836522945,Raw contextual vector
q_0105,1.0,1.0,1.0,1.0,0.6735439182299785,Raw contextual vector
q_0106,0.0,0.0,0.0,0.0,0.0,Raw contextual vector
q_0107,1.0,1.0,1.0,1.0,0.8178747578506881,Raw contextual vector
q_0108,1.0,1.0,1.0,1.0,0.9324441894571632,Raw contextual vector
q_0109,0.0,1.0,1.0,0.3333333333333333,0.3367719591149892,Raw contextual vector
q_0110,1.0,1.0,1.0,1.0,0.6735439182299785,Raw contextual vector
q_0111,1.0,1.0,1.0,1.0,0.7871546029909718,Raw contextual vector
q_0112,1.0,1.0,1.0,1.0,0.7871546029909718,Raw contextual vector
q_0113,1.0,1.0,1.0,1.0,0.6735439182299785,Raw contextual vector
q_0114,0.0,1.0,1.0,0.25,0.3390090350877799,Raw contextual vector
q_0115,0.0,1.0,1.0,0.5,0.5492787168117745,Raw contextual vector
q_0116,1.0,1.0,1.0,1.0,0.6735439182299785,Raw contextual vector
q_0117,0.0,1.0,1.0,0.2,0.2605623555630197,Raw contextual vector
q_0118,1.0,1.0,1.0,1.0,0.7871546029909718,Raw contextual vector
q_0119,1.0,1.0,1.0,1.0,0.7852134991855584,Raw contextual vector
q_0120,0.0,1.0,1.0,0.2,0.3045129678946485,Raw contextual vector
q_0121,1.0,1.0,1.0,1.0,0.6735439182299785,Raw contextual vector
q_0122,1.0,1.0,1.0,1.0,0.9176601606601068,Raw contextual vector
q_0123,1.0,1.0,1.0,1.0,0.8556691603792903,Raw contextual vector
q_0124,0.0,1.0,1.0,0.3333333333333333,0.3367719591149892,Raw contextual vector
q_0125,1.0,1.0,1.0,1.0,0.7871546029909718,Raw contextual vector
q_0126,0.0,1.0,1.0,0.5,0.5692897379691039,Raw contextual vector
q_0127,1.0,1.0,1.0,1.0,0.6735439182299785,Raw contextual vector
q_0128,1.0,1.0,1.0,1.0,0.6735439182299785,Raw contextual vector
q_0129,1.0,1.0,1.0,1.0,0.8178747578506881,Raw contextual vector
q_0130,1.0,1.0,1.0,1.0,0.6735439182299785,Raw contextual vector
q_0131,0.0,1.0,1.0,0.5,0.4966392596877323,Raw contextual vector
q_0132,1.0,1.0,1.0,1.0,0.7604397422803805,Raw contextual vector
q_0133,0.0,0.0,0.0,0.0,0.0,Raw contextual vector
q_0134,1.0,1.0,1.0,1.0,0.6735439182299785,Raw contextual vector
q_0135,1.0,1.0,1.0,1.0,0.7871546029909718,Raw contextual vector
q_0136,0.0,1.0,1.0,0.3333333333333333,0.3367719591149892,Raw contextual vector
q_0137,1.0,1.0,1.0,1.0,0.6735439182299785,Raw contextual vector
q_0138,1.0,1.0,1.0,1.0,0.8996052605611106,Raw contextual vector
q_0139,1.0,1.0,1.0,1.0,0.7871546029909718,Raw contextual vector
q_0140,1.0,1.0,1.0,1.0,0.6735439182299785,Raw contextual vector
q_0141,1.0,1.0,1.0,1.0,0.8556691603792903,Raw contextual vector
q_0142,1.0,1.0,1.0,1.0,0.6735439182299785,Raw contextual vector
q_0143,1.0,1.0,1.0,1.0,0.6735439182299785,Raw contextual vector
q_0144,1.0,1.0,1.0,1.0,0.8178747578506881,Raw contextual vector
q_0145,1.0,1.0,1.0,1.0,1.0,Raw contextual vector
q_0146,1.0,1.0,1.0,1.0,0.7871546029909718,Raw contextual vector
q_0147,0.0,0.0,0.0,0.0,0.0,Raw contextual vector
q_0148,1.0,1.0,1.0,1.0,0.6735439182299785,Raw contextual vector
q_0149,1.0,1.0,1.0,1.0,1.0,Raw contextual vector
q_0150,1.0,1.0,1.0,1.0,0.6735439182299785,Raw contextual vector
q_0151,0.0,0.0,1.0,0.1666666666666666,0.5285828637478357,Raw contextual vector
q_0152,1.0,1.0,1.0,1.0,0.6735439182299785,Raw contextual vector
q_0153,0.0,1.0,1.0,0.3333333333333333,0.3367719591149892,Raw contextual vector
q_0154,1.0,1.0,1.0,1.0,0.7871546029909718,Raw contextual vector
q_0155,1.0,1.0,1.0,1.0,0.6735439182299785,Raw contextual vector
q_0156,1.0,1.0,1.0,1.0,0.7604397422803805,Raw contextual vector
q_0157,1.0,1.0,1.0,1.0,0.6735439182299785,Raw contextual vector
q_0158,0.0,1.0,1.0,0.5,0.6090899172578711,Raw contextual vector
q_0159,1.0,1.0,1.0,1.0,0.6735439182299785,Raw contextual vector
q_0160,0.0,1.0,1.0,0.5,0.4966392596877323,Raw contextual vector
q_0161,0.0,1.0,1.0,0.3333333333333333,0.3367719591149892,Raw contextual vector
q_0162,1.0,1.0,1.0,1.0,0.8556691603792903,Raw contextual vector
q_0163,0.0,1.0,1.0,0.25,0.3390090350877799,Raw contextual vector
q_0164,1.0,1.0,1.0,1.0,0.6735439182299785,Raw contextual vector
q_0165,1.0,1.0,1.0,1.0,0.8178747578506881,Raw contextual vector
q_0166,1.0,1.0,1.0,1.0,0.7763672830184426,Raw contextual vector
q_0167,1.0,1.0,1.0,1.0,0.6735439182299785,Raw contextual vector
q_0168,1.0,1.0,1.0,1.0,0.7871546029909718,Raw contextual vector
q_0169,0.0,1.0,1.0,0.5,0.7136205775898136,Raw contextual vector
q_0170,1.0,1.0,1.0,1.0,0.6735439182299785,Raw contextual vector
q_0171,1.0,1.0,1.0,1.0,0.7871546029909718,Raw contextual vector
q_0172,1.0,1.0,1.0,1.0,0.6735439182299785,Raw contextual vector
q_0173,0.0,0.0,0.0,0.0,0.0,Raw contextual vector
q_0174,0.0,0.0,0.0,0.0,0.0,Raw contextual vector
q_0175,0.0,1.0,1.0,0.3333333333333333,0.3935773014954859,Raw contextual vector
q_0176,1.0,1.0,1.0,1.0,0.7697644779771182,Raw contextual vector
q_0177,1.0,1.0,1.0,1.0,0.7871546029909718,Raw contextual vector
q_0178,0.0,1.0,1.0,0.2,0.3045129678946485,Raw contextual vector
q_0179,0.0,1.0,1.0,0.5,0.6653152460429406,Raw contextual vector
q_0180,1.0,1.0,1.0,1.0,0.8556691603792903,Raw contextual vector
q_0181,0.0,0.0,1.0,0.1,0.1946978557406183,Raw contextual vector
q_0182,0.0,1.0,1.0,0.5,0.4966392596877323,Raw contextual vector
q_0183,1.0,1.0,1.0,1.0,1.0,Raw contextual vector
q_0184,1.0,1.0,1.0,1.0,0.7871546029909718,Raw contextual vector
q_0185,1.0,1.0,1.0,1.0,0.7646065393046344,Raw contextual vector
q_0186,1.0,1.0,1.0,1.0,0.6735439182299785,Raw contextual vector
q_0187,1.0,1.0,1.0,1.0,0.6735439182299785,Raw contextual vector
q_0188,1.0,1.0,1.0,1.0,0.6735439182299785,Raw contextual vector
q_0189,1.0,1.0,1.0,1.0,0.6735439182299785,Raw contextual vector
q_0190,1.0,1.0,1.0,1.0,0.7871546029909718,Raw contextual vector
q_0191,1.0,1.0,1.0,1.0,0.7871546029909718,Raw contextual vector
q_0192,1.0,1.0,1.0,1.0,0.7871546029909718,Raw contextual vector
q_0193,0.0,1.0,1.0,0.5,0.7136205775898136,Raw contextual vector
q_0194,0.0,1.0,1.0,0.5,0.4966392596877323,Raw contextual vector
q_0195,1.0,1.0,1.0,1.0,0.7871546029909718,Raw contextual vector
q_0196,0.0,0.0,0.0,0.0,0.1305055576691351,Raw contextual vector
q_0197,0.0,0.0,0.0,0.0,0.0,Raw contextual vector
q_0198,1.0,1.0,1.0,1.0,0.7978637366933587,Raw contextual vector
q_0199,0.0,1.0,1.0,0.2,0.3045129678946485,Raw contextual vector
q_0200,0.0,1.0,1.0,0.5,0.4966392596877323,Raw contextual vector
q_0201,1.0,1.0,1.0,1.0,0.8556691603792903,Raw contextual vector
q_0202,0.0,0.0,0.0,0.0,0.0,Raw contextual vector
q_0203,1.0,1.0,1.0,1.0,0.7871546029909718,Raw contextual vector
q_0204,0.0,0.0,1.0,0.1111111111111111,0.2027569227842713,Raw contextual vector
q_0205,0.0,1.0,1.0,0.5,0.4249588983483942,Raw contextual vector
q_0206,1.0,1.0,1.0,1.0,0.6735439182299785,Raw contextual vector
q_0207,0.0,1.0,1.0,0.5,0.4966392596877323,Raw contextual vector
q_0208,0.0,1.0,1.0,0.2,0.2605623555630197,Raw contextual vector
q_0209,0.0,0.0,0.0,0.0,0.1443308396207096,Raw contextual vector
q_0210,0.0,0.0,1.0,0.1666666666666666,0.280390126950546,Raw contextual vector
q_0211,0.0,0.0,0.0,0.0,0.0,Raw contextual vector
q_0212,0.0,1.0,1.0,0.5,0.4249588983483942,Raw contextual vector
q_0213,0.0,0.0,1.0,0.1666666666666666,0.2399211845064163,Raw contextual vector
q_0214,0.0,1.0,1.0,0.5,0.4966392596877323,Raw contextual vector
q_0215,0.0,0.0,1.0,0.1428571428571428,0.2623848676636572,Raw contextual vector
q_0216,0.0,0.0,0.0,0.0,0.0,Raw contextual vector
q_0217,0.0,0.0,0.0,0.0,0.0,Raw contextual vector
q_0218,0.0,1.0,1.0,0.25,0.290079576414554,Raw contextual vector
q_0219,1.0,1.0,1.0,1.0,0.7871546029909718,Raw contextual vector
q_0220,0.0,1.0,1.0,0.2,0.549224034804439,Raw contextual vector
q_0221,1.0,1.0,1.0,1.0,0.7978637366933587,Raw contextual vector
q_0222,0.0,0.0,0.0,0.0,0.0,Raw contextual vector
q_0223,1.0,1.0,1.0,1.0,0.7763672830184426,Raw contextual vector
q_0224,1.0,1.0,1.0,1.0,0.908937378925344,Raw contextual vector
q_0225,1.0,1.0,1.0,1.0,0.7871546029909718,Raw contextual vector
q_0226,0.0,1.0,1.0,0.5,0.4966392596877323,Raw contextual vector
q_0227,1.0,1.0,1.0,1.0,0.9095333176489386,Raw contextual vector
q_0228,1.0,1.0,1.0,1.0,0.7978637366933587,Raw contextual vector
q_0229,0.0,1.0,1.0,0.3333333333333333,0.3367719591149892,Raw contextual vector
q_0230,1.0,1.0,1.0,1.0,0.6735439182299785,Raw contextual vector
q_0231,1.0,1.0,1.0,1.0,0.7871546029909718,Raw contextual vector
q_0232,0.0,1.0,1.0,0.5,0.4249588983483942,Raw contextual vector
q_0233,1.0,1.0,1.0,1.0,0.9425649844296922,Raw contextual vector
q_0234,1.0,1.0,1.0,1.0,0.7871546029909718,Raw contextual vector
q_0235,1.0,1.0,1.0,1.0,0.6735439182299785,Raw contextual vector
q_0236,0.0,1.0,1.0,0.2,0.3045129678946485,Raw contextual vector
q_0237,0.0,1.0,1.0,0.5,0.4966392596877323,Raw contextual vector
q_0238,1.0,1.0,1.0,1.0,1.0,Raw contextual vector
q_0239,1.0,1.0,1.0,1.0,0.8556691603792903,Raw contextual vector
q_0240,1.0,1.0,1.0,1.0,0.6735439182299785,Raw contextual vector
q_0241,0.0,0.0,0.0,0.0,0.0,Raw contextual vector
q_0242,0.0,1.0,1.0,0.2,0.2605623555630197,Raw contextual vector
q_0243,1.0,1.0,1.0,1.0,0.7871546029909718,Raw contextual vector
q_0244,1.0,1.0,1.0,1.0,0.7871546029909718,Raw contextual vector
q_0245,1.0,1.0,1.0,1.0,0.6735439182299785,Raw contextual vector
q_0246,0.0,0.0,1.0,0.125,0.2483196298438661,Raw contextual vector
q_0247,0.0,1.0,1.0,0.3333333333333333,0.3935773014954859,Raw contextual vector
q_0248,1.0,1.0,1.0,1.0,0.6735439182299785,Raw contextual vector
q_0249,0.0,1.0,1.0,0.3333333333333333,0.5188972012643011,Raw contextual vector
q_0250,1.0,1.0,1.0,1.0,0.6735439182299785,Raw contextual vector
q_0251,1.0,1.0,1.0,1.0,0.7871546029909718,Raw contextual vector
q_0252,1.0,1.0,1.0,1.0,0.7871546029909718,Raw contextual vector
q_0253,1.0,1.0,1.0,1.0,0.7871546029909718,Raw contextual vector
q_0254,1.0,1.0,1.0,1.0,0.7763672830184426,Raw contextual vector
q_0255,0.0,0.0,0.0,0.0,0.0,Raw contextual vector
q_0256,0.0,0.0,0.0,0.0,0.0,Raw contextual vector
q_0257,1.0,1.0,1.0,1.0,0.7871546029909718,Raw contextual vector
q_0258,1.0,1.0,1.0,1.0,0.8556691603792903,Raw contextual vector
q_0259,1.0,1.0,1.0,1.0,0.7871546029909718,Raw contextual vector
q_0260,1.0,1.0,1.0,1.0,0.7604397422803805,Raw contextual vector
q_0261,0.0,1.0,1.0,0.5,0.4249588983483942,Raw contextual vector
q_0262,1.0,1.0,1.0,1.0,0.7871546029909718,Raw contextual vector
q_0263,0.0,1.0,1.0,0.2,0.2605623555630197,Raw contextual vector
q_0264,0.0,1.0,1.0,0.25,0.290079576414554,Raw contextual vector
q_0265,1.0,1.0,1.0,1.0,0.7871546029909718,Raw contextual vector
q_0266,0.0,0.0,0.0,0.0,0.2886616792414193,Raw contextual vector
q_0267,0.0,0.0,0.0,0.0,0.0,Raw contextual vector
q_0268,1.0,1.0,1.0,1.0,0.6735439182299785,Raw contextual vector
q_0269,1.0,1.0,1.0,1.0,0.7871546029909718,Raw contextual vector
q_0270,1.0,1.0,1.0,1.0,0.7871546029909718,Raw contextual vector
q_0271,1.0,1.0,1.0,1.0,0.6735439182299785,Raw contextual vector
q_0272,1.0,1.0,1.0,1.0,1.0,Raw contextual vector
q_0273,1.0,1.0,1.0,1.0,1.0,Raw contextual vector
q_0274,1.0,1.0,1.0,1.0,0.8556691603792903,Raw contextual vector
q_0275,1.0,1.0,1.0,1.0,0.7871546029909718,Raw contextual vector
q_0276,0.0,1.0,1.0,0.5,0.4966392596877323,Raw contextual vector
q_0277,0.0,0.0,0.0,0.0,0.0,Raw contextual vector
q_0278,0.0,1.0,1.0,0.5,0.4249588983483942,Raw contextual vector
q_0279,1.0,1.0,1.0,1.0,0.6735439182299785,Raw contextual vector
q_0280,1.0,1.0,1.0,1.0,0.7871546029909718,Raw contextual vector
q_0281,0.0,0.0,0.0,0.0,0.0,Raw contextual vector
q_0282,1.0,1.0,1.0,1.0,0.7871546029909718,Raw contextual vector
q_0283,1.0,1.0,1.0,1.0,0.6735439182299785,Raw contextual vector
q_0284,1.0,1.0,1.0,1.0,0.7871546029909718,Raw contextual vector
q_0285,1.0,1.0,1.0,1.0,0.96733874133487,Raw contextual vector
q_0286,1.0,1.0,1.0,1.0,0.7871546029909718,Raw contextual vector
q_0287,1.0,1.0,1.0,1.0,0.7763672830184426,Raw contextual vector
q_0288,0.0,0.0,0.0,0.0,0.1243198184633803,Raw contextual vector
q_0289,0.0,0.0,1.0,0.125,0.2483196298438661,Raw contextual vector
q_0290,1.0,1.0,1.0,1.0,0.6735439182299785,Raw contextual vector
q_0291,0.0,1.0,1.0,0.3333333333333333,0.3367719591149892,Raw contextual vector
q_0292,1.0,1.0,1.0,1.0,0.8556691603792903,Raw contextual vector
q_0293,0.0,1.0,1.0,0.5,0.4249588983483942,Raw contextual vector
q_0294,1.0,1.0,1.0,1.0,0.7871546029909718,Raw contextual vector
q_0295,1.0,1.0,1.0,1.0,0.7871546029909718,Raw contextual vector
q_0296,0.0,0.0,1.0,0.1,0.339028695361328,Raw contextual vector
q_0297,0.0,1.0,1.0,0.2,0.549224034804439,Raw contextual vector
q_0298,1.0,1.0,1.0,1.0,0.8556691603792903,Raw contextual vector
q_0299,0.0,1.0,1.0,0.2,0.3045129678946485,Raw contextual vector
q_0300,1.0,1.0,1.0,1.0,0.7871546029909718,Raw contextual vector
q_0301,1.0,1.0,1.0,1.0,0.6735439182299785,Raw contextual vector
q_0302,1.0,1.0,1.0,1.0,0.6735439182299785,Raw contextual vector
q_0303,0.0,0.0,1.0,0.1666666666666666,0.2399211845064163,Raw contextual vector
q_0304,0.0,0.0,1.0,0.1,0.1946978557406183,Raw contextual vector
q_0305,1.0,1.0,1.0,1.0,0.6735439182299785,Raw contextual vector
q_0306,1.0,1.0,1.0,1.0,0.6735439182299785,Raw contextual vector
q_0307,1.0,1.0,1.0,1.0,0.6735439182299785,Raw contextual vector
q_0308,1.0,1.0,1.0,1.0,0.6735439182299785,Raw contextual vector
q_0309,0.0,0.0,0.0,0.0,0.0,Raw contextual vector
q_0310,1.0,1.0,1.0,1.0,0.8762761202602143,Raw contextual vector
q_0311,0.0,0.0,1.0,0.1428571428571428,0.2623848676636572,Raw contextual vector
q_0312,1.0,1.0,1.0,1.0,0.7871546029909718,Raw contextual vector
q_0313,0.0,0.0,0.0,0.0,0.0,Raw contextual vector
q_0314,1.0,1.0,1.0,1.0,0.6735439182299785,Raw contextual vector
q_0315,1.0,1.0,1.0,1.0,0.6735439182299785,Raw contextual vector
q_0316,1.0,1.0,1.0,1.0,0.7871546029909718,Raw contextual vector
q_0317,1.0,1.0,1.0,1.0,0.7871546029909718,Raw contextual vector
q_0318,1.0,1.0,1.0,1.0,0.6735439182299785,Raw contextual vector
q_0319,1.0,1.0,1.0,1.0,0.7871546029909718,Raw contextual vector
q_0320,0.0,0.0,1.0,0.1666666666666666,0.2399211845064163,Raw contextual vector
q_0321,0.0,0.0,0.0,0.0,0.0,Raw contextual vector
q_0322,0.0,1.0,1.0,0.25,0.290079576414554,Raw contextual vector
q_0323,1.0,1.0,1.0,1.0,0.6735439182299785,Raw contextual vector
q_0324,1.0,1.0,1.0,1.0,0.6735439182299785,Raw contextual vector
q_0325,1.0,1.0,1.0,1.0,0.7871546029909718,Raw contextual vector
q_0326,0.0,1.0,1.0,0.5,0.4249588983483942,Raw contextual vector
q_0327,0.0,1.0,1.0,0.5,0.7136205775898136,Raw contextual vector
q_0328,0.0,0.0,0.0,0.0,0.0,Raw contextual vector
q_0329,1.0,1.0,1.0,1.0,0.7871546029909718,Raw contextual vector
q_0330,0.0,0.0,0.0,0.0,0.0,Raw contextual vector
q_0331,1.0,1.0,1.0,1.0,0.7871546029909718,Raw contextual vector
q_0332,1.0,1.0,1.0,1.0,0.6735439182299785,Raw contextual vector
q_0333,0.0,0.0,1.0,0.1111111111111111,0.2027569227842713,Raw contextual vector
q_0334,0.0,1.0,1.0,0.3333333333333333,0.8075588805057204,Raw contextual vector
q_0335,0.0,1.0,1.0,0.3333333333333333,0.3367719591149892,Raw contextual vector
q_0336,1.0,1.0,1.0,1.0,0.914095317597828,Raw contextual vector
q_0337,1.0,1.0,1.0,1.0,0.8556691603792903,Raw contextual vector
q_0338,1.0,1.0,1.0,1.0,0.8556691603792903,Raw contextual vector
q_0339,0.0,0.0,1.0,0.1666666666666666,0.2399211845064163,Raw contextual vector
q_0340,0.0,1.0,1.0,0.25,0.3390090350877799,Raw contextual vector
q_0341,1.0,1.0,1.0,1.0,0.6735439182299785,Raw contextual vector
q_0342,0.0,0.0,0.0,0.0,0.0,Raw contextual vector
q_0343,1.0,1.0,1.0,1.0,0.6735439182299785,Raw contextual vector
q_0344,0.0,0.0,0.0,0.0,0.0,Raw contextual vector
q_0345,1.0,1.0,1.0,1.0,0.6735439182299785,Raw contextual vector
q_0346,1.0,1.0,1.0,1.0,1.0,Raw contextual vector
q_0347,1.0,1.0,1.0,1.0,1.0,Raw contextual vector
q_0348,1.0,1.0,1.0,1.0,0.7871546029909718,Raw contextual vector
q_0349,1.0,1.0,1.0,1.0,1.0,Raw contextual vector
q_0350,1.0,1.0,1.0,1.0,0.6735439182299785,Raw contextual vector
q_0351,0.0,1.0,1.0,0.5,0.4966392596877323,Raw contextual vector
q_0352,0.0,1.0,1.0,0.5,0.4249588983483942,Raw contextual vector
q_0353,0.0,0.0,0.0,0.0,0.1821252421493118,Raw contextual vector
q_0354,0.0,0.0,0.0,0.0,0.0,Raw contextual vector
q_0355,0.0,0.0,0.0,0.0,0.0,Raw contextual vector
q_0356,0.0,1.0,1.0,0.5,0.4249588983483942,Raw contextual vector
q_0357,1.0,1.0,1.0,1.0,0.7871546029909718,Raw contextual vector
q_0358,0.0,0.0,1.0,0.125,0.2124794491741971,Raw contextual vector
q_0359,1.0,1.0,1.0,1.0,0.7871546029909718,Raw contextual vector
q_0360,0.0,1.0,1.0,0.2,0.2605623555630197,Raw contextual vector
q_0361,1.0,1.0,1.0,1.0,0.6735439182299785,Raw contextual vector
q_0362,0.0,0.0,0.0,0.0,0.0,Raw contextual vector
q_0363,0.0,1.0,1.0,0.3333333333333333,0.3367719591149892,Raw contextual vector
q_0364,0.0,1.0,1.0,0.5,0.4966392596877323,Raw contextual vector
q_0365,0.0,1.0,1.0,0.25,0.290079576414554,Raw contextual vector
q_0366,1.0,1.0,1.0,1.0,0.7871546029909718,Raw contextual vector
q_0367,0.0,1.0,1.0,0.5,0.7136205775898136,Raw contextual vector
q_0368,1.0,1.0,1.0,1.0,0.7871546029909718,Raw contextual vector
q_0369,1.0,1.0,1.0,1.0,0.7871546029909718,Raw contextual vector
q_0370,1.0,1.0,1.0,1.0,0.8996052605611106,Raw contextual vector
q_0371,1.0,1.0,1.0,1.0,0.7871546029909718,Raw contextual vector
q_0372,1.0,1.0,1.0,1.0,0.7871546029909718,Raw contextual vector
q_0373,1.0,1.0,1.0,1.0,0.7871546029909718,Raw contextual vector
q_0374,1.0,1.0,1.0,1.0,0.6735439182299785,Raw contextual vector
q_0375,0.0,0.0,0.0,0.0,0.086895824050402,Raw contextual vector
q_0376,0.0,1.0,1.0,0.5,0.4249588983483942,Raw contextual vector
q_0377,1.0,1.0,1.0,1.0,0.95583058934618,Raw contextual vector
q_0378,0.0,0.0,0.0,0.0,0.0,Raw contextual vector
q_0379,1.0,1.0,1.0,1.0,0.7871546029909718,Raw contextual vector
q_0380,0.0,1.0,1.0,0.25,0.290079576414554,Raw contextual vector
q_0381,0.0,0.0,0.0,0.0,0.0,Raw contextual vector
q_0382,1.0,1.0,1.0,1.0,0.7871546029909718,Raw contextual vector
q_0383,1.0,1.0,1.0,1.0,0.95583058934618,Raw contextual vector
q_0384,1.0,1.0,1.0,1.0,0.6735439182299785,Raw contextual vector
q_0385,0.0,0.0,0.0,0.0,0.0,Raw contextual vector
q_0386,0.0,0.0,1.0,0.125,0.2124794491741971,Raw contextual vector
q_0387,0.0,0.0,0.0,0.0,0.0,Raw contextual vector
q_0388,0.0,1.0,1.0,0.25,0.723072095276683,Raw contextual vector
q_0389,1.0,1.0,1.0,1.0,0.7871546029909718,Raw contextual vector
q_0390,1.0,1.0,1.0,1.0,0.7852134991855584,Raw contextual vector
q_0391,0.0,0.0,0.0,0.0,0.0,Raw contextual vector
q_0392,0.0,0.0,1.0,0.1428571428571428,0.2623848676636572,Raw contextual vector
q_0393,0.0,1.0,1.0,0.3333333333333333,0.3935773014954859,Raw contextual vector
q_0394,1.0,1.0,1.0,1.0,0.6735439182299785,Raw contextual vector
q_0395,1.0,1.0,1.0,1.0,0.7871546029909718,Raw contextual vector
q_0396,1.0,1.0,1.0,1.0,0.6735439182299785,Raw contextual vector
q_0397,1.0,1.0,1.0,1.0,0.7871546029909718,Raw contextual vector
q_0398,0.0,0.0,0.0,0.0,0.0,Raw contextual vector
q_0399,1.0,1.0,1.0,1.0,0.7871546029909718,Raw contextual vector
q_0400,0.0,1.0,1.0,0.5,0.508400836522945,Raw contextual vector
q_0401,0.0,0.0,0.0,0.0,0.0962205597471397,Raw contextual vector
q_0402,1.0,1.0,1.0,1.0,0.6735439182299785,Raw contextual vector
q_0403,1.0,1.0,1.0,1.0,0.7871546029909718,Raw contextual vector
q_0404,0.0,1.0,1.0,0.5,0.4249588983483942,Raw contextual vector
q_0405,1.0,1.0,1.0,1.0,0.6735439182299785,Raw contextual vector
q_0406,0.0,1.0,1.0,0.3333333333333333,0.3367719591149892,Raw contextual vector
q_0407,0.0,1.0,1.0,0.2,0.3045129678946485,Raw contextual vector
q_0408,1.0,1.0,1.0,1.0,0.7871546029909718,Raw contextual vector
q_0409,1.0,1.0,1.0,1.0,1.0,Raw contextual vector
q_0410,1.0,1.0,1.0,1.0,0.7871546029909718,Raw contextual vector
q_0411,1.0,1.0,1.0,1.0,0.7871546029909718,Raw contextual vector
q_0412,1.0,1.0,1.0,1.0,0.7978637366933587,Raw contextual vector
q_0413,0.0,1.0,1.0,0.5,0.4249588983483942,Raw contextual vector
q_0414,1.0,1.0,1.0,1.0,0.7871546029909718,Raw contextual vector
q_0415,1.0,1.0,1.0,1.0,0.7871546029909718,Raw contextual vector
q_0416,0.0,0.0,0.0,0.0,0.0,Raw contextual vector
q_0417,1.0,1.0,1.0,1.0,0.7871546029909718,Raw contextual vector
q_0418,1.0,1.0,1.0,1.0,0.8556691603792903,Raw contextual vector
q_0419,1.0,1.0,1.0,1.0,1.0,Raw contextual vector
q_0420,1.0,1.0,1.0,1.0,0.9324441894571632,Raw contextual vector
q_0421,0.0,0.0,0.0,0.0,0.1116695809555798,Raw contextual vector
q_0422,1.0,1.0,1.0,1.0,0.9584925251677544,Raw contextual vector
q_0423,1.0,1.0,1.0,1.0,0.8556691603792903,Raw contextual vector
q_0424,1.0,1.0,1.0,1.0,0.7871546029909718,Raw contextual vector
q_0425,0.0,1.0,1.0,0.5,0.4966392596877323,Raw contextual vector
q_0426,1.0,1.0,1.0,1.0,0.6735439182299785,Raw contextual vector
q_0427,1.0,1.0,1.0,1.0,0.6735439182299785,Raw contextual vector
q_0428,1.0,1.0,1.0,1.0,0.7697644779771182,Raw contextual vector
q_0429,0.0,0.0,1.0,0.125,0.2124794491741971,Raw contextual vector
q_0430,0.0,0.0,0.0,0.0,0.0,Raw contextual vector
q_0431,1.0,1.0,1.0,1.0,0.8935773014954859,Raw contextual vector
q_0432,1.0,1.0,1.0,1.0,0.888707665873224,Raw contextual vector
q_0433,0.0,0.0,1.0,0.1666666666666666,0.280390126950546,Raw contextual vector
q_0434,0.0,0.0,0.0,0.0,0.0,Raw contextual vector
q_0435,0.0,1.0,1.0,0.5,0.4966392596877323,Raw contextual vector
q_0436,0.0,1.0,1.0,0.5,0.4249588983483942,Raw contextual vector
q_0437,0.0,0.0,0.0,0.0,0.0,Raw contextual vector
q_0438,0.0,1.0,1.0,0.5,0.4966392596877323,Raw contextual vector
q_0439,1.0,1.0,1.0,1.0,1.0,Raw contextual vector
q_0440,0.0,0.0,0.0,0.0,0.0,Raw contextual vector
q_0441,1.0,1.0,1.0,1.0,1.0,Raw contextual vector
q_0442,1.0,1.0,1.0,1.0,0.7871546029909718,Raw contextual vector
q_0443,0.0,1.0,1.0,0.3333333333333333,0.3367719591149892,Raw contextual vector
q_0444,0.0,0.0,0.0,0.0,0.0,Raw contextual vector
q_0445,0.0,0.0,0.0,0.0,0.0,Raw contextual vector
q_0446,0.0,0.0,0.0,0.0,0.0,Raw contextual vector
q_0447,1.0,1.0,1.0,1.0,0.6735439182299785,Raw contextual vector
q_0448,1.0,1.0,1.0,1.0,0.6735439182299785,Raw contextual vector
q_0449,1.0,1.0,1.0,1.0,0.7871546029909718,Raw contextual vector
q_0450,0.0,1.0,1.0,0.5,0.4966392596877323,Raw contextual vector
q_0451,1.0,1.0,1.0,1.0,0.6735439182299785,Raw contextual vector
q_0452,1.0,1.0,1.0,1.0,0.95583058934618,Raw contextual vector
q_0453,0.0,0.0,1.0,0.125,0.5845830665901672,Raw contextual vector
q_0454,1.0,1.0,1.0,1.0,1.0,Raw contextual vector
q_0455,0.0,1.0,1.0,0.3333333333333333,0.3935773014954859,Raw contextual vector
q_0456,0.0,1.0,1.0,0.2,0.3045129678946485,Raw contextual vector
q_0457,1.0,1.0,1.0,1.0,0.8178747578506881,Raw contextual vector
q_0458,0.0,1.0,1.0,0.5,0.6240028228839981,Raw contextual vector
q_0459,1.0,1.0,1.0,1.0,0.8178747578506881,Raw contextual vector
q_0460,0.0,1.0,1.0,0.5,0.4966392596877323,Raw contextual vector
q_0461,0.0,1.0,1.0,0.5,0.4249588983483942,Raw contextual vector
q_0462,1.0,1.0,1.0,1.0,1.0,Raw contextual vector
q_0463,1.0,1.0,1.0,1.0,0.7871546029909718,Raw contextual vector
q_0464,1.0,1.0,1.0,1.0,0.7871546029909718,Raw contextual vector
q_0465,1.0,1.0,1.0,1.0,1.0,Raw contextual vector
q_0466,1.0,1.0,1.0,1.0,0.7871546029909718,Raw contextual vector
q_0467,1.0,1.0,1.0,1.0,0.7871546029909718,Raw contextual vector
q_0468,0.0,1.0,1.0,0.5,0.4966392596877323,Raw contextual vector
q_0469,1.0,1.0,1.0,1.0,0.6735439182299785,Raw contextual vector
q_0470,1.0,1.0,1.0,1.0,0.7871546029909718,Raw contextual vector
q_0471,1.0,1.0,1.0,1.0,0.7871546029909718,Raw contextual vector
q_0472,1.0,1.0,1.0,1.0,0.6735439182299785,Raw contextual vector
q_0473,1.0,1.0,1.0,1.0,0.6735439182299785,Raw contextual vector
q_0474,0.0,1.0,1.0,0.5,0.4966392596877323,Raw contextual vector
q_0475,0.0,1.0,1.0,0.3333333333333333,0.3367719591149892,Raw contextual vector
q_0476,1.0,1.0,1.0,1.0,0.7871546029909718,Raw contextual vector
q_0477,1.0,1.0,1.0,1.0,1.0,Raw contextual vector
q_0478,1.0,1.0,1.0,1.0,0.7871546029909718,Raw contextual vector
q_0479,1.0,1.0,1.0,1.0,0.8178747578506881,Raw contextual vector
q_0480,1.0,1.0,1.0,1.0,0.7871546029909718,Raw contextual vector
q_0481,0.0,0.0,1.0,0.1428571428571428,0.2623848676636572,Raw contextual vector
q_0482,1.0,1.0,1.0,1.0,0.7871546029909718,Raw contextual vector
q_0483,0.0,1.0,1.0,0.3333333333333333,0.5188972012643011,Raw contextual vector
q_0484,1.0,1.0,1.0,1.0,0.7871546029909718,Raw contextual vector
q_0485,1.0,1.0,1.0,1.0,0.7871546029909718,Raw contextual vector
q_0486,1.0,1.0,1.0,1.0,0.6735439182299785,Raw contextual vector
q_0487,1.0,1.0,1.0,1.0,1.0,Raw contextual vector
q_0488,1.0,1.0,1.0,1.0,0.7871546029909718,Raw contextual vector
q_0489,1.0,1.0,1.0,1.0,0.7871546029909718,Raw contextual vector
q_0490,0.0,0.0,0.0,0.0,0.0,Raw contextual vector
q_0491,1.0,1.0,1.0,1.0,0.6735439182299785,Raw contextual vector
q_0492,1.0,1.0,1.0,1.0,0.6735439182299785,Raw contextual vector
q_0493,1.0,1.0,1.0,1.0,0.6735439182299785,Raw contextual vector
q_0494,0.0,0.0,0.0,0.0,0.0,Raw contextual vector
q_0495,1.0,1.0,1.0,1.0,0.946731781453946,Raw contextual vector
q_0496,1.0,1.0,1.0,1.0,0.6735439182299785,Raw contextual vector
q_0497,1.0,1.0,1.0,1.0,0.7852134991855584,Raw contextual vector
q_0498,0.0,1.0,1.0,0.25,0.290079576414554,Raw contextual vector
q_0499,0.0,1.0,1.0,0.5,0.4249588983483942,Raw contextual vector
q_0500,1.0,1.0,1.0,1.0,0.6735439182299785,Raw contextual vector
q_0501,1.0,1.0,1.0,1.0,0.6735439182299785,Raw contextual vector
q_0502,1.0,1.0,1.0,1.0,0.6735439182299785,Raw contextual vector
q_0503,0.0,1.0,1.0,0.5,0.4249588983483942,Raw contextual vector
q_0504,1.0,1.0,1.0,1.0,0.8556691603792903,Raw contextual vector
q_0505,1.0,1.0,1.0,1.0,0.7852134991855584,Raw contextual vector
q_0506,1.0,1.0,1.0,1.0,1.0,Raw contextual vector
q_0507,1.0,1.0,1.0,1.0,0.7871546029909718,Raw contextual vector
q_0508,1.0,1.0,1.0,1.0,0.6735439182299785,Raw contextual vector
q_0509,1.0,1.0,1.0,1.0,0.7646065393046344,Raw contextual vector
q_0510,1.0,1.0,1.0,1.0,0.6735439182299785,Raw contextual vector
q_0511,1.0,1.0,1.0,1.0,0.6735439182299785,Raw contextual vector
q_0512,1.0,1.0,1.0,1.0,0.7569858564045292,Raw contextual vector
q_0513,1.0,1.0,1.0,1.0,0.8178747578506881,Raw contextual vector
q_0514,1.0,1.0,1.0,1.0,0.6735439182299785,Raw contextual vector
q_0515,0.0,0.0,0.0,0.0,0.0,Raw contextual vector
q_0516,0.0,0.0,0.0,0.0,0.0,Raw contextual vector
q_0517,1.0,1.0,1.0,1.0,0.6735439182299785,Raw contextual vector
q_0518,1.0,1.0,1.0,1.0,0.6735439182299785,Raw contextual vector
q_0519,1.0,1.0,1.0,1.0,0.6735439182299785,Raw contextual vector
q_0520,1.0,1.0,1.0,1.0,0.6735439182299785,Raw contextual vector
q_0521,1.0,1.0,1.0,1.0,0.7604397422803805,Raw contextual vector
q_0522,0.0,1.0,1.0,0.2,0.2605623555630197,Raw contextual vector
q_0523,1.0,1.0,1.0,1.0,0.6735439182299785,Raw contextual vector
q_0524,1.0,1.0,1.0,1.0,0.6735439182299785,Raw contextual vector
q_0525,0.0,1.0,1.0,0.25,0.290079576414554,Raw contextual vector
q_0526,1.0,1.0,1.0,1.0,0.6735439182299785,Raw contextual vector
q_0527,1.0,1.0,1.0,1.0,0.6735439182299785,Raw contextual vector
q_0528,0.0,1.0,1.0,0.3333333333333333,0.4610917775783695,Raw contextual vector
q_0529,1.0,1.0,1.0,1.0,0.6735439182299785,Raw contextual vector
q_0530,1.0,1.0,1.0,1.0,0.6735439182299785,Raw contextual vector
q_0531,0.0,1.0,1.0,0.5,0.5366284793039741,Raw contextual vector
q_0532,1.0,1.0,1.0,1.0,0.6735439182299785,Raw contextual vector
q_0533,1.0,1.0,1.0,1.0,0.6735439182299785,Raw contextual vector
q_0534,0.0,1.0,1.0,0.25,0.290079576414554,Raw contextual vector
q_0535,1.0,1.0,1.0,1.0,0.8556691603792903,Raw contextual vector
q_0536,0.0,0.0,1.0,0.1428571428571428,0.2245146394099928,Raw contextual vector
q_0537,1.0,1.0,1.0,1.0,0.6735439182299785,Raw contextual vector
q_0538,1.0,1.0,1.0,1.0,0.6735439182299785,Raw contextual vector
q_0539,0.0,0.0,0.0,0.0,0.0,Raw contextual vector
q_0540,0.0,0.0,1.0,0.1428571428571428,0.2245146394099928,Raw contextual vector
q_0541,0.0,0.0,0.0,0.0,0.0,Raw contextual vector
q_0542,0.0,0.0,0.0,0.0,0.0,Raw contextual vector
q_0543,1.0,1.0,1.0,1.0,0.7978637366933587,Raw contextual vector
q_0544,0.0,0.0,0.0,0.0,0.0,Raw contextual vector
q_0545,1.0,1.0,1.0,1.0,0.6735439182299785,Raw contextual vector
q_0546,1.0,1.0,1.0,1.0,0.95583058934618,Raw contextual vector
q_0547,1.0,1.0,1.0,1.0,0.8178747578506881,Raw contextual vector
q_0548,1.0,1.0,1.0,1.0,0.6735439182299785,Raw contextual vector
q_0549,1.0,1.0,1.0,1.0,0.6735439182299785,Raw contextual vector
q_0550,1.0,1.0,1.0,1.0,0.7871546029909718,Raw contextual vector
q_0551,1.0,1.0,1.0,1.0,0.9206981226391524,Raw contextual vector
q_0552,1.0,1.0,1.0,1.0,0.6735439182299785,Raw contextual vector
q_0553,1.0,1.0,1.0,1.0,0.6735439182299785,Raw contextual vector
q_0554,0.0,0.0,0.0,0.0,0.2886616792414193,Raw contextual vector
q_0555,0.0,0.0,0.0,0.0,0.0,Raw contextual vector
q_0556,0.0,0.0,0.0,0.0,0.0,Raw contextual vector
q_0557,0.0,0.0,1.0,0.1428571428571428,0.3361842203655727,Raw contextual vector
q_0558,1.0,1.0,1.0,1.0,0.6735439182299785,Raw contextual vector
q_0559,1.0,1.0,1.0,1.0,0.6735439182299785,Raw contextual vector
q_0560,1.0,1.0,1.0,1.0,0.7604397422803805,Raw contextual vector
q_0561,0.0,1.0,1.0,0.5,0.8579514172105233,Raw contextual vector
q_0562,0.0,0.0,0.0,0.0,0.0,Raw contextual vector
q_0563,0.0,0.0,1.0,0.125,0.2483196298438661,Raw contextual vector
q_0564,1.0,1.0,1.0,1.0,0.7871546029909718,Raw contextual vector
q_0565,0.0,0.0,0.0,0.0,0.3373519727104165,Raw contextual vector
q_0566,1.0,1.0,1.0,1.0,0.7871546029909718,Raw contextual vector
q_0567,1.0,1.0,1.0,1.0,0.6735439182299785,Raw contextual vector
q_0568,1.0,1.0,1.0,1.0,0.6735439182299785,Raw contextual vector
q_0569,1.0,1.0,1.0,1.0,0.6735439182299785,Raw contextual vector
q_0570,1.0,1.0,1.0,1.0,0.6735439182299785,Raw contextual vector
q_0571,0.0,1.0,1.0,0.3333333333333333,0.606422698504514,Raw contextual vector
q_0572,1.0,1.0,1.0,1.0,1.0,Raw contextual vector
q_0573,1.0,1.0,1.0,1.0,0.7763672830184426,Raw contextual vector
q_0574,1.0,1.0,1.0,1.0,0.7871546029909718,Raw contextual vector
q_0575,1.0,1.0,1.0,1.0,0.9391110985538408,Raw contextual vector
q_0576,1.0,1.0,1.0,1.0,0.9176601606601068,Raw contextual vector
q_0577,1.0,1.0,1.0,1.0,0.8556691603792903,Raw contextual vector
q_0578,1.0,1.0,1.0,1.0,0.6735439182299785,Raw contextual vector
q_0579,1.0,1.0,1.0,1.0,0.7871546029909718,Raw contextual vector
q_0580,1.0,1.0,1.0,1.0,0.8556691603792903,Raw contextual vector
q_0581,1.0,1.0,1.0,1.0,0.6735439182299785,Raw contextual vector
q_0582,1.0,1.0,1.0,1.0,0.6735439182299785,Raw contextual vector
q_0583,1.0,1.0,1.0,1.0,0.7871546029909718,Raw contextual vector
q_0584,1.0,1.0,1.0,1.0,0.7697644779771182,Raw contextual vector
q_0585,0.0,0.0,0.0,0.0,0.0,Raw contextual vector
q_0586,1.0,1.0,1.0,1.0,0.6735439182299785,Raw contextual vector
q_0587,1.0,1.0,1.0,1.0,0.7604397422803805,Raw contextual vector
q_0588,0.0,0.0,0.0,0.0,0.0834419381745507,Raw contextual vector
q_0589,1.0,1.0,1.0,1.0,0.6735439182299785,Raw contextual vector
q_0590,0.0,1.0,1.0,0.5,0.4966392596877323,Raw contextual vector
q_0591,0.0,0.0,0.0,0.0,0.0,Raw contextual vector
q_0592,1.0,1.0,1.0,1.0,1.0,Raw contextual vector
q_0593,1.0,1.0,1.0,1.0,0.8556691603792903,Raw contextual vector
q_0594,1.0,1.0,1.0,1.0,0.7871546029909718,Raw contextual vector
q_0595,1.0,1.0,1.0,1.0,0.6735439182299785,Raw contextual vector
q_0596,1.0,1.0,1.0,1.0,0.7871546029909718,Raw contextual vector
q_0597,1.0,1.0,1.0,1.0,0.8178747578506881,Raw contextual vector
q_0598,1.0,1.0,1.0,1.0,0.7871546029909718,Raw contextual vector
q_0599,1.0,1.0,1.0,1.0,0.6735439182299785,Raw contextual vector
q_0600,0.0,0.0,0.0,0.0,0.1201671972645197,Raw contextual vector
q_0601,0.0,1.0,1.0,0.5,0.8339912323981488,Raw contextual vector
q_0602,1.0,1.0,1.0,1.0,0.8556691603792903,Raw contextual vector
q_0603,1.0,1.0,1.0,1.0,0.8996052605611106,Raw contextual vector
q_0604,0.0,0.0,0.0,0.0,0.0,Raw contextual vector
q_0605,1.0,1.0,1.0,1.0,0.6735439182299785,Raw contextual vector
q_0606,1.0,1.0,1.0,1.0,0.7569858564045292,Raw contextual vector
q_0607,1.0,1.0,1.0,1.0,0.7871546029909718,Raw contextual vector
q_0608,1.0,1.0,1.0,1.0,0.7852134991855584,Raw contextual vector
q_0609,0.0,0.0,1.0,0.1428571428571428,0.2245146394099928,Raw contextual vector
q_0610,1.0,1.0,1.0,1.0,0.8178747578506881,Raw contextual vector
q_0611,1.0,1.0,1.0,1.0,0.7978637366933587,Raw contextual vector
q_0612,1.0,1.0,1.0,1.0,0.6735439182299785,Raw contextual vector
q_0613,0.0,1.0,1.0,0.3333333333333333,0.606422698504514,Raw contextual vector
q_0614,1.0,1.0,1.0,1.0,0.6735439182299785,Raw contextual vector
q_0615,1.0,1.0,1.0,1.0,0.6735439182299785,Raw contextual vector
q_0616,1.0,1.0,1.0,1.0,0.6735439182299785,Raw contextual vector
q_0617,1.0,1.0,1.0,1.0,0.8556691603792903,Raw contextual vector
q_0618,1.0,1.0,1.0,1.0,0.7871546029909718,Raw contextual vector
q_0619,1.0,1.0,1.0,1.0,0.8556691603792903,Raw contextual vector
q_0620,1.0,1.0,1.0,1.0,0.8178747578506881,Raw contextual vector
q_0621,0.0,1.0,1.0,0.3333333333333333,0.3367719591149892,Raw contextual vector
q_0622,1.0,1.0,1.0,1.0,0.6735439182299785,Raw contextual vector
q_0623,1.0,1.0,1.0,1.0,0.7871546029909718,Raw contextual vector
q_0624,1.0,1.0,1.0,1.0,0.8556691603792903,Raw contextual vector
q_0625,0.0,1.0,1.0,0.5,0.4966392596877323,Raw contextual vector
q_0626,1.0,1.0,1.0,1.0,0.6735439182299785,Raw contextual vector
q_0627,1.0,1.0,1.0,1.0,0.8178747578506881,Raw contextual vector
q_0628,1.0,1.0,1.0,1.0,0.7978637366933587,Raw contextual vector
q_0629,0.0,1.0,1.0,0.5,0.4249588983483942,Raw contextual vector
q_0630,1.0,1.0,1.0,1.0,0.7852134991855584,Raw contextual vector
q_0631,1.0,1.0,1.0,1.0,0.6735439182299785,Raw contextual vector
q_0632,1.0,1.0,1.0,1.0,0.7871546029909718,Raw contextual vector
q_0633,1.0,1.0,1.0,1.0,0.7604397422803805,Raw contextual vector
q_0634,1.0,1.0,1.0,1.0,1.0,Raw contextual vector
q_0635,1.0,1.0,1.0,1.0,0.6735439182299785,Raw contextual vector
q_0636,1.0,1.0,1.0,1.0,0.6735439182299785,Raw contextual vector
q_0637,1.0,1.0,1.0,1.0,0.6735439182299785,Raw contextual vector
q_0638,1.0,1.0,1.0,1.0,0.8556691603792903,Raw contextual vector
q_0639,1.0,1.0,1.0,1.0,0.7871546029909718,Raw contextual vector
q_0640,0.0,0.0,0.0,0.0,0.0,Raw contextual vector
q_0641,0.0,0.0,1.0,0.1111111111111111,0.2027569227842713,Raw contextual vector
q_0642,0.0,1.0,1.0,0.25,0.290079576414554,Raw contextual vector
q_0643,1.0,1.0,1.0,1.0,0.7871546029909718,Raw contextual vector
q_0644,1.0,1.0,1.0,1.0,0.6735439182299785,Raw contextual vector
q_0645,1.0,1.0,1.0,1.0,0.6735439182299785,Raw contextual vector
q_0646,0.0,0.0,0.0,0.0,0.0,Raw contextual vector
q_0647,1.0,1.0,1.0,1.0,0.6735439182299785,Raw contextual vector
q_0648,0.0,1.0,1.0,0.5,0.4966392596877323,Raw contextual vector
q_0649,0.0,0.0,0.0,0.0,0.0,Raw contextual vector
q_0650,0.0,0.0,1.0,0.125,0.2124794491741971,Raw contextual vector
q_0651,1.0,1.0,1.0,1.0,0.6735439182299785,Raw contextual vector
q_0652,1.0,1.0,1.0,1.0,0.6735439182299785,Raw contextual vector
q_0653,1.0,1.0,1.0,1.0,0.7871546029909718,Raw contextual vector
q_0654,0.0,1.0,1.0,0.5,0.4249588983483942,Raw contextual vector
q_0655,0.0,1.0,1.0,0.3333333333333333,0.4610917775783695,Raw contextual vector
q_0656,0.0,1.0,1.0,0.5,0.6030619581922464,Raw contextual vector
q_0657,0.0,1.0,1.0,0.5,0.4249588983483942,Raw contextual vector
q_0658,1.0,1.0,1.0,1.0,0.7871546029909718,Raw contextual vector
q_0659,1.0,1.0,1.0,1.0,0.6735439182299785,Raw contextual vector
q_0660,1.0,1.0,1.0,1.0,0.6735439182299785,Raw contextual vector
q_0661,0.0,0.0,0.0,0.0,0.0,Raw contextual vector
q_0662,0.0,1.0,1.0,0.25,0.3390090350877799,Raw contextual vector
q_0663,0.0,1.0,1.0,0.5,0.4249588983483942,Raw contextual vector
q_0664,1.0,1.0,1.0,1.0,0.6735439182299785,Raw contextual vector
q_0665,1.0,1.0,1.0,1.0,0.6735439182299785,Raw contextual vector
q_0666,0.0,0.0,0.0,0.0,0.0,Raw contextual vector
q_0667,1.0,1.0,1.0,1.0,0.7871546029909718,Raw contextual vector
q_0668,1.0,1.0,1.0,1.0,0.6735439182299785,Raw contextual vector
q_0669,0.0,1.0,1.0,0.25,0.290079576414554,Raw contextual vector
q_0670,0.0,1.0,1.0,0.5,0.8164439423782777,Raw contextual vector
q_0671,1.0,1.0,1.0,1.0,0.908937378925344,Raw contextual vector
q_0672,1.0,1.0,1.0,1.0,0.9324441894571632,Raw contextual vector
q_0673,1.0,1.0,1.0,1.0,0.6735439182299785,Raw contextual vector
q_0674,1.0,1.0,1.0,1.0,0.8178747578506881,Raw contextual vector
q_0675,1.0,1.0,1.0,1.0,0.7871546029909718,Raw contextual vector
q_0676,0.0,1.0,1.0,0.3333333333333333,0.3367719591149892,Raw contextual vector
q_0677,0.0,0.0,1.0,0.1428571428571428,0.2623848676636572,Raw contextual vector
q_0678,0.0,0.0,1.0,0.125,0.2483196298438661,Raw contextual vector
q_0679,0.0,1.0,1.0,0.5,0.4249588983483942,Raw contextual vector
q_0680,1.0,1.0,1.0,1.0,0.7871546029909718,Raw contextual vector
q_0681,1.0,1.0,1.0,1.0,0.95583058934618,Raw contextual vector
q_0682,1.0,1.0,1.0,1.0,0.7871546029909718,Raw contextual vector
q_0683,1.0,1.0,1.0,1.0,0.6735439182299785,Raw contextual vector
q_0684,1.0,1.0,1.0,1.0,0.7697644779771182,Raw contextual vector
q_0685,1.0,1.0,1.0,1.0,0.6735439182299785,Raw contextual vector
q_0686,1.0,1.0,1.0,1.0,0.7871546029909718,Raw contextual vector
q_0687,0.0,1.0,1.0,0.5,0.4249588983483942,Raw contextual vector
q_0688,1.0,1.0,1.0,1.0,0.6735439182299785,Raw contextual vector
q_0689,1.0,1.0,1.0,1.0,0.6735439182299785,Raw contextual vector
q_0690,1.0,1.0,1.0,1.0,0.7871546029909718,Raw contextual vector
q_0691,0.0,1.0,1.0,0.2,0.3848821740264,Raw contextual vector
q_0692,0.0,1.0,1.0,0.5,0.4966392596877323,Raw contextual vector
q_0693,1.0,1.0,1.0,1.0,0.7871546029909718,Raw contextual vector
q_0694,1.0,1.0,1.0,1.0,0.6735439182299785,Raw contextual vector
q_0695,1.0,1.0,1.0,1.0,0.7871546029909718,Raw contextual vector
q_0696,1.0,1.0,1.0,1.0,0.7871546029909718,Raw contextual vector
q_0697,1.0,1.0,1.0,1.0,0.6735439182299785,Raw contextual vector
q_0698,0.0,1.0,1.0,0.3333333333333333,0.3935773014954859,Raw contextual vector
q_0699,1.0,1.0,1.0,1.0,0.7871546029909718,Raw contextual vector
q_0700,1.0,1.0,1.0,1.0,0.6735439182299785,Raw contextual vector
q_0701,1.0,1.0,1.0,1.0,0.7871546029909718,Raw contextual vector
q_0702,1.0,1.0,1.0,1.0,0.6735439182299785,Raw contextual vector
q_0703,0.0,0.0,0.0,0.0,0.0,Raw contextual vector
q_0704,1.0,1.0,1.0,1.0,0.7871546029909718,Raw contextual vector
q_0705,0.0,1.0,1.0,0.5,0.4249588983483942,Raw contextual vector
q_0706,1.0,1.0,1.0,1.0,0.7871546029909718,Raw contextual vector
q_0707,0.0,0.0,1.0,0.1666666666666666,0.2399211845064163,Raw contextual vector
q_0708,0.0,0.0,1.0,0.125,0.2124794491741971,Raw contextual vector
q_0709,1.0,1.0,1.0,1.0,0.7871546029909718,Raw contextual vector
q_0710,0.0,1.0,1.0,0.3333333333333333,0.3367719591149892,Raw contextual vector
q_0711,0.0,0.0,1.0,0.125,0.2124794491741971,Raw contextual vector
q_0712,1.0,1.0,1.0,1.0,0.6735439182299785,Raw contextual vector
q_0713,1.0,1.0,1.0,1.0,0.7871546029909718,Raw contextual vector
q_0714,1.0,1.0,1.0,1.0,0.7871546029909718,Raw contextual vector
q_0715,1.0,1.0,1.0,1.0,0.7763672830184426,Raw contextual vector
q_0716,1.0,1.0,1.0,1.0,0.6735439182299785,Raw contextual vector
q_0717,1.0,1.0,1.0,1.0,0.9421945763140684,Raw contextual vector
q_0718,1.0,1.0,1.0,1.0,0.6735439182299785,Raw contextual vector
q_0719,0.0,1.0,1.0,0.25,0.290079576414554,Raw contextual vector
q_0720,1.0,1.0,1.0,1.0,0.6735439182299785,Raw contextual vector
q_0721,1.0,1.0,1.0,1.0,0.6735439182299785,Raw contextual vector
q_0722,1.0,1.0,1.0,1.0,0.7871546029909718,Raw contextual vector
q_0723,0.0,1.0,1.0,0.2,0.2605623555630197,Raw contextual vector
q_0724,0.0,1.0,1.0,0.25,0.3390090350877799,Raw contextual vector
q_0725,1.0,1.0,1.0,1.0,0.7871546029909718,Raw contextual vector
q_0726,1.0,1.0,1.0,1.0,0.9176601606601068,Raw contextual vector
q_0727,0.0,1.0,1.0,0.5,0.5692897379691039,Raw contextual vector
q_0728,0.0,1.0,1.0,0.3333333333333333,0.3935773014954859,Raw contextual vector
q_0729,0.0,1.0,1.0,0.3333333333333333,0.3935773014954859,Raw contextual vector
q_0730,1.0,1.0,1.0,1.0,0.6735439182299785,Raw contextual vector
q_0731,1.0,1.0,1.0,1.0,0.7871546029909718,Raw contextual vector
q_0732,1.0,1.0,1.0,1.0,0.6735439182299785,Raw contextual vector
q_0733,1.0,1.0,1.0,1.0,0.6735439182299785,Raw contextual vector
q_0734,0.0,1.0,1.0,0.5,0.4249588983483942,Raw contextual vector
q_0735,1.0,1.0,1.0,1.0,0.6735439182299785,Raw contextual vector
q_0736,1.0,1.0,1.0,1.0,0.6735439182299785,Raw contextual vector
q_0737,1.0,1.0,1.0,1.0,0.6735439182299785,Raw contextual vector
q_0738,1.0,1.0,1.0,1.0,0.6735439182299785,Raw contextual vector
q_0739,1.0,1.0,1.0,1.0,0.6735439182299785,Raw contextual vector
q_0740,1.0,1.0,1.0,1.0,0.6735439182299785,Raw contextual vector
q_0741,1.0,1.0,1.0,1.0,0.7871546029909718,Raw contextual vector
q_0742,1.0,1.0,1.0,1.0,0.7871546029909718,Raw contextual vector
q_0743,1.0,1.0,1.0,1.0,0.7871546029909718,Raw contextual vector
q_0744,1.0,1.0,1.0,1.0,0.7871546029909718,Raw contextual vector
q_0745,1.0,1.0,1.0,1.0,0.7871546029909718,Raw contextual vector
q_0746,1.0,1.0,1.0,1.0,0.7871546029909718,Raw contextual vector
q_0747,1.0,1.0,1.0,1.0,0.7871546029909718,Raw contextual vector
q_0748,1.0,1.0,1.0,1.0,0.7871546029909718,Raw contextual vector
q_0749,1.0,1.0,1.0,1.0,0.6735439182299785,Raw contextual vector
q_0750,1.0,1.0,1.0,1.0,0.6735439182299785,Raw contextual vector
q_0751,0.0,1.0,1.0,0.5,0.8339912323981488,Raw contextual vector
q_0752,1.0,1.0,1.0,1.0,0.7871546029909718,Raw contextual vector
q_0753,1.0,1.0,1.0,1.0,0.7871546029909718,Raw contextual vector
q_0754,1.0,1.0,1.0,1.0,0.7763672830184426,Raw contextual vector
q_0755,0.0,0.0,0.0,0.0,0.0,Raw contextual vector
q_0756,1.0,1.0,1.0,1.0,0.95583058934618,Raw contextual vector
q_0757,1.0,1.0,1.0,1.0,0.6735439182299785,Raw contextual vector
q_0758,1.0,1.0,1.0,1.0,0.7871546029909718,Raw contextual vector
q_0759,1.0,1.0,1.0,1.0,0.7871546029909718,Raw contextual vector
q_0760,1.0,1.0,1.0,1.0,0.7871546029909718,Raw contextual vector
q_0761,1.0,1.0,1.0,1.0,0.7871546029909718,Raw contextual vector
q_0762,1.0,1.0,1.0,1.0,0.7871546029909718,Raw contextual vector
q_0763,0.0,0.0,0.0,0.0,0.1686759863552082,Raw contextual vector
q_0764,0.0,1.0,1.0,0.5,0.4966392596877323,Raw contextual vector
q_0765,1.0,1.0,1.0,1.0,0.6735439182299785,Raw contextual vector
q_0766,1.0,1.0,1.0,1.0,0.7871546029909718,Raw contextual vector
q_0767,0.0,0.0,0.0,0.0,0.0,Raw contextual vector
q_0768,1.0,1.0,1.0,1.0,0.7871546029909718,Raw contextual vector
q_0769,1.0,1.0,1.0,1.0,0.7871546029909718,Raw contextual vector
q_0770,1.0,1.0,1.0,1.0,0.7871546029909718,Raw contextual vector
q_0771,0.0,1.0,1.0,0.5,0.4966392596877323,Raw contextual vector
q_0772,1.0,1.0,1.0,1.0,0.7871546029909718,Raw contextual vector
q_0773,0.0,1.0,1.0,0.5,0.4249588983483942,Raw contextual vector
q_0774,0.0,1.0,1.0,0.25,0.3390090350877799,Raw contextual vector
q_0775,1.0,1.0,1.0,1.0,0.7871546029909718,Raw contextual vector
q_0776,1.0,1.0,1.0,1.0,0.7871546029909718,Raw contextual vector
q_0777,1.0,1.0,1.0,1.0,0.7871546029909718,Raw contextual vector
q_0778,1.0,1.0,1.0,1.0,0.6735439182299785,Raw contextual vector
q_0779,0.0,1.0,1.0,0.25,0.290079576414554,Raw contextual vector
q_0780,0.0,0.0,0.0,0.0,0.0,Raw contextual vector
q_0781,1.0,1.0,1.0,1.0,0.7871546029909718,Raw contextual vector
q_0782,1.0,1.0,1.0,1.0,0.7871546029909718,Raw contextual vector
q_0783,1.0,1.0,1.0,1.0,0.6735439182299785,Raw contextual vector
q_0784,0.0,0.0,1.0,0.1428571428571428,0.2623848676636572,Raw contextual vector
q_0785,1.0,1.0,1.0,1.0,0.7871546029909718,Raw contextual vector
q_0786,1.0,1.0,1.0,1.0,0.6735439182299785,Raw contextual vector
q_0787,0.0,0.0,0.0,0.0,0.0,Raw contextual vector
q_0788,1.0,1.0,1.0,1.0,0.6735439182299785,Raw contextual vector
q_0789,1.0,1.0,1.0,1.0,0.6735439182299785,Raw contextual vector
q_0790,1.0,1.0,1.0,1.0,1.0,Raw contextual vector
q_0791,0.0,0.0,0.0,0.0,0.0,Raw contextual vector
q_0792,1.0,1.0,1.0,1.0,0.7871546029909718,Raw contextual vector
q_0793,1.0,1.0,1.0,1.0,0.7871546029909718,Raw contextual vector
q_0794,1.0,1.0,1.0,1.0,0.7871546029909718,Raw contextual vector
q_0795,0.0,1.0,1.0,0.5,0.4966392596877323,Raw contextual vector
q_0796,1.0,1.0,1.0,1.0,0.888707665873224,Raw contextual vector
q_0797,0.0,1.0,1.0,0.2,0.4048931951837294,Raw contextual vector
q_0798,1.0,1.0,1.0,1.0,0.7871546029909718,Raw contextual vector
q_0799,0.0,0.0,0.0,0.0,0.0,Raw contextual vector
q_0800,0.0,0.0,0.0,0.0,0.0,Raw contextual vector
q_0801,1.0,1.0,1.0,1.0,0.6735439182299785,Raw contextual vector
q_0802,0.0,1.0,1.0,0.3333333333333333,0.3367719591149892,Raw contextual vector
q_0803,0.0,0.0,0.0,0.0,0.0,Raw contextual vector
q_0804,0.0,1.0,1.0,0.5,0.4249588983483942,Raw contextual vector
q_0805,0.0,1.0,1.0,0.3333333333333333,0.3367719591149892,Raw contextual vector
q_0806,1.0,1.0,1.0,1.0,0.95583058934618,Raw contextual vector
q_0807,1.0,1.0,1.0,1.0,0.7978637366933587,Raw contextual vector
q_0808,1.0,1.0,1.0,1.0,0.9799889788426704,Raw contextual vector
q_0809,1.0,1.0,1.0,1.0,0.7871546029909718,Raw contextual vector
q_0810,1.0,1.0,1.0,1.0,1.0,Raw contextual vector
q_0811,1.0,1.0,1.0,1.0,0.7763672830184426,Raw contextual vector
q_0812,1.0,1.0,1.0,1.0,1.0,Raw contextual vector
q_0813,1.0,1.0,1.0,1.0,0.7871546029909718,Raw contextual vector
q_0814,0.0,1.0,1.0,0.5,0.4249588983483942,Raw contextual vector
q_0815,1.0,1.0,1.0,1.0,0.8556691603792903,Raw contextual vector
q_0816,0.0,0.0,1.0,0.1,0.1946978557406183,Raw contextual vector
q_0817,1.0,1.0,1.0,1.0,0.7871546029909718,Raw contextual vector
q_0818,1.0,1.0,1.0,1.0,0.6735439182299785,Raw contextual vector
q_0819,1.0,1.0,1.0,1.0,0.6735439182299785,Raw contextual vector
q_0820,1.0,1.0,1.0,1.0,0.6735439182299785,Raw contextual vector
q_0821,0.0,1.0,1.0,0.25,0.290079576414554,Raw contextual vector
q_0822,1.0,1.0,1.0,1.0,0.7871546029909718,Raw contextual vector
q_0823,0.0,1.0,1.0,0.25,0.3390090350877799,Raw contextual vector
q_0824,1.0,1.0,1.0,1.0,0.6735439182299785,Raw contextual vector
q_0825,1.0,1.0,1.0,1.0,0.7871546029909718,Raw contextual vector
q_0826,1.0,1.0,1.0,1.0,0.7871546029909718,Raw contextual vector
q_0827,1.0,1.0,1.0,1.0,0.6735439182299785,Raw contextual vector
q_0828,1.0,1.0,1.0,1.0,0.6735439182299785,Raw contextual vector
q_0829,1.0,1.0,1.0,1.0,0.7871546029909718,Raw contextual vector
q_0830,1.0,1.0,1.0,1.0,0.6735439182299785,Raw contextual vector
q_0831,1.0,1.0,1.0,1.0,0.6735439182299785,Raw contextual vector
q_0832,1.0,1.0,1.0,1.0,0.6735439182299785,Raw contextual vector
q_0833,1.0,1.0,1.0,1.0,0.7871546029909718,Raw contextual vector
q_0834,1.0,1.0,1.0,1.0,0.7569858564045292,Raw contextual vector
q_0835,1.0,1.0,1.0,1.0,0.7763672830184426,Raw contextual vector
q_0836,1.0,1.0,1.0,1.0,0.7871546029909718,Raw contextual vector
q_0837,0.0,1.0,1.0,0.5,0.7136205775898136,Raw contextual vector
q_0838,1.0,1.0,1.0,1.0,0.6735439182299785,Raw contextual vector
q_0839,1.0,1.0,1.0,1.0,0.6735439182299785,Raw contextual vector
q_0840,0.0,1.0,1.0,0.3333333333333333,0.3367719591149892,Raw contextual vector
q_0841,1.0,1.0,1.0,1.0,0.9073218002554916,Raw contextual vector
q_0842,0.0,1.0,1.0,0.25,0.4344104160352636,Raw contextual vector
q_0843,1.0,1.0,1.0,1.0,0.7871546029909718,Raw contextual vector
q_0844,0.0,1.0,1.0,0.25,0.290079576414554,Raw contextual vector
q_0845,1.0,1.0,1.0,1.0,0.8996052605611106,Raw contextual vector
q_0846,1.0,1.0,1.0,1.0,0.7604397422803805,Raw contextual vector
q_0847,1.0,1.0,1.0,1.0,0.6735439182299785,Raw contextual vector
q_0848,1.0,1.0,1.0,1.0,0.6735439182299785,Raw contextual vector
q_0849,1.0,1.0,1.0,1.0,1.0,Raw contextual vector
q_0850,0.0,1.0,1.0,0.5,0.4966392596877323,Raw contextual vector
q_0851,1.0,1.0,1.0,1.0,0.6735439182299785,Raw contextual vector
q_0852,1.0,1.0,1.0,1.0,1.0,Raw contextual vector
q_0853,1.0,1.0,1.0,1.0,0.7763672830184426,Raw contextual vector
q_0854,1.0,1.0,1.0,1.0,0.8556691603792903,Raw contextual vector
q_0855,1.0,1.0,1.0,1.0,1.0,Raw contextual vector
q_0856,1.0,1.0,1.0,1.0,0.6735439182299785,Raw contextual vector
q_0857,1.0,1.0,1.0,1.0,1.0,Raw contextual vector
q_0858,0.0,0.0,0.0,0.0,0.0,Raw contextual vector
q_0859,0.0,0.0,0.0,0.0,0.086895824050402,Raw contextual vector
q_0860,0.0,0.0,1.0,0.125,0.3568102887949068,Raw contextual vector
q_0861,1.0,1.0,1.0,1.0,0.7871546029909718,Raw contextual vector
q_0862,1.0,1.0,1.0,1.0,0.9073218002554916,Raw contextual vector
q_0863,1.0,1.0,1.0,1.0,0.9391110985538408,Raw contextual vector
q_0864,1.0,1.0,1.0,1.0,0.7871546029909718,Raw contextual vector
q_0865,1.0,1.0,1.0,1.0,0.6735439182299785,Raw contextual vector
q_0866,1.0,1.0,1.0,1.0,0.7871546029909718,Raw contextual vector
q_0867,0.0,0.0,1.0,0.125,0.2124794491741971,Raw contextual vector
q_0868,0.0,1.0,1.0,0.25,0.290079576414554,Raw contextual vector
q_0869,1.0,1.0,1.0,1.0,0.7763672830184426,Raw contextual vector
q_0870,1.0,1.0,1.0,1.0,0.7697644779771182,Raw contextual vector
q_0871,1.0,1.0,1.0,1.0,0.6735439182299785,Raw contextual vector
q_0872,1.0,1.0,1.0,1.0,0.8178747578506881,Raw contextual vector
q_0873,1.0,1.0,1.0,1.0,0.7871546029909718,Raw contextual vector
q_0874,1.0,1.0,1.0,1.0,0.6735439182299785,Raw contextual vector
q_0875,1.0,1.0,1.0,1.0,0.7763672830184426,Raw contextual vector
q_0876,0.0,0.0,0.0,0.0,0.0,Raw contextual vector
q_0877,1.0,1.0,1.0,1.0,0.8556691603792903,Raw contextual vector
q_0878,0.0,0.0,0.0,0.0,0.0,Raw contextual vector
q_0879,0.0,0.0,0.0,0.0,0.0,Raw contextual vector
q_0880,1.0,1.0,1.0,1.0,0.6735439182299785,Raw contextual vector
q_0881,0.0,0.0,0.0,0.0,0.0,Raw contextual vector
q_0882,1.0,1.0,1.0,1.0,1.0,Raw contextual vector
q_0883,1.0,1.0,1.0,1.0,0.8178747578506881,Raw contextual vector
q_0884,1.0,1.0,1.0,1.0,0.7871546029909718,Raw contextual vector
q_0885,0.0,0.0,0.0,0.0,0.106422698504514,Raw contextual vector
q_0886,0.0,1.0,1.0,0.5,0.5160215194230502,Raw contextual vector
q_0887,1.0,1.0,1.0,1.0,0.6735439182299785,Raw contextual vector
q_0888,1.0,1.0,1.0,1.0,0.6735439182299785,Raw contextual vector
q_0889,1.0,1.0,1.0,1.0,0.7978637366933587,Raw contextual vector
q_0890,1.0,1.0,1.0,1.0,0.9073218002554916,Raw contextual vector
q_0891,1.0,1.0,1.0,1.0,0.6735439182299785,Raw contextual vector
q_0892,1.0,1.0,1.0,1.0,0.7871546029909718,Raw contextual vector
q_0893,1.0,1.0,1.0,1.0,0.7604397422803805,Raw contextual vector
q_0894,1.0,1.0,1.0,1.0,0.7852134991855584,Raw contextual vector
q_0895,1.0,1.0,1.0,1.0,0.7871546029909718,Raw contextual vector
q_0896,1.0,1.0,1.0,1.0,0.6735439182299785,Raw contextual vector
q_0897,1.0,1.0,1.0,1.0,0.7978637366933587,Raw contextual vector
q_0898,1.0,1.0,1.0,1.0,0.6735439182299785,Raw contextual vector
q_0899,0.0,1.0,1.0,0.3333333333333333,0.3367719591149892,Raw contextual vector
q_0900,1.0,1.0,1.0,1.0,0.8178747578506881,Raw contextual vector
q_0901,1.0,1.0,1.0,1.0,0.7569858564045292,Raw contextual vector
q_0902,1.0,1.0,1.0,1.0,0.7871546029909718,Raw contextual vector
q_0903,1.0,1.0,1.0,1.0,0.6735439182299785,Raw contextual vector
q_0904,1.0,1.0,1.0,1.0,0.7871546029909718,Raw contextual vector
q_0905,0.0,1.0,1.0,0.5,0.4249588983483942,Raw contextual vector
q_0906,1.0,1.0,1.0,1.0,0.6735439182299785,Raw contextual vector
q_0907,1.0,1.0,1.0,1.0,0.9073218002554916,Raw contextual vector
q_0908,1.0,1.0,1.0,1.0,0.7871546029909718,Raw contextual vector
q_0909,1.0,1.0,1.0,1.0,0.6735439182299785,Raw contextual vector
q_0910,1.0,1.0,1.0,1.0,0.8178747578506881,Raw contextual vector
q_0911,1.0,1.0,1.0,1.0,0.6735439182299785,Raw contextual vector
q_0912,1.0,1.0,1.0,1.0,0.6735439182299785,Raw contextual vector
q_0913,1.0,1.0,1.0,1.0,0.7763672830184426,Raw contextual vector
q_0914,1.0,1.0,1.0,1.0,1.0,Raw contextual vector
q_0915,1.0,1.0,1.0,1.0,0.7871546029909718,Raw contextual vector
q_0916,0.0,1.0,1.0,0.3333333333333333,0.3367719591149892,Raw contextual vector
q_0917,0.0,1.0,1.0,0.5,0.4249588983483942,Raw contextual vector
q_0918,1.0,1.0,1.0,1.0,0.6735439182299785,Raw contextual vector
q_0919,1.0,1.0,1.0,1.0,0.8935773014954859,Raw contextual vector
q_0920,1.0,1.0,1.0,1.0,0.6735439182299785,Raw contextual vector
q_0921,0.0,0.0,0.0,0.0,0.0,Raw contextual vector
q_0922,1.0,1.0,1.0,1.0,0.6735439182299785,Raw contextual vector
q_0923,0.0,0.0,0.0,0.0,0.0,Raw contextual vector
q_0924,1.0,1.0,1.0,1.0,0.7871546029909718,Raw contextual vector
q_0925,1.0,1.0,1.0,1.0,0.7978637366933587,Raw contextual vector
q_0926,1.0,1.0,1.0,1.0,0.7871546029909718,Raw contextual vector
q_0927,0.0,1.0,1.0,0.2,0.3633857203514838,Raw contextual vector
q_0928,1.0,1.0,1.0,1.0,0.9324441894571632,Raw contextual vector
q_0929,1.0,1.0,1.0,1.0,0.6735439182299785,Raw contextual vector
q_0930,1.0,1.0,1.0,1.0,0.888707665873224,Raw contextual vector
q_0931,1.0,1.0,1.0,1.0,0.8556691603792903,Raw contextual vector
q_0932,0.0,1.0,1.0,0.3333333333333333,0.3367719591149892,Raw contextual vector
q_0933,1.0,1.0,1.0,1.0,0.6735439182299785,Raw contextual vector
q_0934,1.0,1.0,1.0,1.0,0.6735439182299785,Raw contextual vector
q_0935,0.0,1.0,1.0,0.5,0.4966392596877323,Raw contextual vector
q_0936,1.0,1.0,1.0,1.0,0.7871546029909718,Raw contextual vector
q_0937,0.0,0.0,0.0,0.0,0.0,Raw contextual vector
q_0938,1.0,1.0,1.0,1.0,1.0,Raw contextual vector
q_0939,1.0,1.0,1.0,1.0,0.7697644779771182,Raw contextual vector
q_0940,1.0,1.0,1.0,1.0,0.6735439182299785,Raw contextual vector
q_0941,0.0,1.0,1.0,0.5,0.4966392596877323,Raw contextual vector
q_0942,0.0,1.0,1.0,0.5,0.4966392596877323,Raw contextual vector
q_0943,1.0,1.0,1.0,1.0,0.95583058934618,Raw contextual vector
q_0944,1.0,1.0,1.0,1.0,0.8556691603792903,Raw contextual vector
q_0945,1.0,1.0,1.0,1.0,0.6735439182299785,Raw contextual vector
q_0946,1.0,1.0,1.0,1.0,0.6735439182299785,Raw contextual vector
q_0947,1.0,1.0,1.0,1.0,0.6735439182299785,Raw contextual vector
q_0948,1.0,1.0,1.0,1.0,0.6735439182299785,Raw contextual vector
q_0949,1.0,1.0,1.0,1.0,0.7871546029909718,Raw contextual vector
q_0950,1.0,1.0,1.0,1.0,0.7871546029909718,Raw contextual vector
q_0951,1.0,1.0,1.0,1.0,0.888707665873224,Raw contextual vector
q_0952,0.0,0.0,0.0,0.0,0.0834419381745507,Raw contextual vector
q_0953,1.0,1.0,1.0,1.0,0.7871546029909718,Raw contextual vector
q_0954,1.0,1.0,1.0,1.0,0.7871546029909718,Raw contextual vector
q_0955,1.0,1.0,1.0,1.0,0.7871546029909718,Raw contextual vector
q_0956,1.0,1.0,1.0,1.0,0.7604397422803805,Raw contextual vector
q_0957,0.0,1.0,1.0,0.25,0.3390090350877799,Raw contextual vector
q_0958,1.0,1.0,1.0,1.0,1.0,Raw contextual vector
q_0959,1.0,1.0,1.0,1.0,0.8556691603792903,Raw contextual vector
q_0960,1.0,1.0,1.0,1.0,0.7871546029909718,Raw contextual vector
q_0961,1.0,1.0,1.0,1.0,0.6735439182299785,Raw contextual vector
q_0962,1.0,1.0,1.0,1.0,0.6735439182299785,Raw contextual vector
q_0963,1.0,1.0,1.0,1.0,0.7569858564045292,Raw contextual vector
q_0964,1.0,1.0,1.0,1.0,0.6735439182299785,Raw contextual vector
q_0965,0.0,0.0,0.0,0.0,0.0,Raw contextual vector
q_0966,1.0,1.0,1.0,1.0,0.7646065393046344,Raw contextual vector
q_0967,1.0,1.0,1.0,1.0,0.7871546029909718,Raw contextual vector
q_0968,0.0,0.0,1.0,0.1428571428571428,0.2245146394099928,Raw contextual vector
q_0969,1.0,1.0,1.0,1.0,0.6735439182299785,Raw contextual vector
q_0970,1.0,1.0,1.0,1.0,0.6735439182299785,Raw contextual vector
q_0971,0.0,0.0,0.0,0.0,0.0,Raw contextual vector
q_0972,0.0,0.0,0.0,0.0,0.0,Raw contextual vector
q_0973,0.0,1.0,1.0,0.2,0.2605623555630197,Raw contextual vector
q_0974,1.0,1.0,1.0,1.0,0.7871546029909718,Raw contextual vector
q_0975,1.0,1.0,1.0,1.0,0.7646065393046344,Raw contextual vector
q_0976,1.0,1.0,1.0,1.0,0.6735439182299785,Raw contextual vector
q_0977,0.0,0.0,1.0,0.1111111111111111,0.2027569227842713,Raw contextual vector
q_0978,0.0,1.0,1.0,0.5,0.4249588983483942,Raw contextual vector
q_0979,1.0,1.0,1.0,1.0,0.7871546029909718,Raw contextual vector
q_0980,1.0,1.0,1.0,1.0,0.6735439182299785,Raw contextual vector
q_0981,1.0,1.0,1.0,1.0,0.8935773014954859,Raw contextual vector
q_0982,1.0,1.0,1.0,1.0,0.8940842964404986,Raw contextual vector
q_0983,1.0,1.0,1.0,1.0,0.908937378925344,Raw contextual vector
q_0984,1.0,1.0,1.0,1.0,0.8178747578506881,Raw contextual vector
q_0985,0.0,0.0,1.0,0.125,0.2124794491741971,Raw contextual vector
q_0986,1.0,1.0,1.0,1.0,0.6735439182299785,Raw contextual vector
q_0987,1.0,1.0,1.0,1.0,0.7697644779771182,Raw contextual vector
q_0988,0.0,1.0,1.0,0.5,0.6419288461539238,Raw contextual vector
q_0989,1.0,1.0,1.0,1.0,0.6735439182299785,Raw contextual vector
q_0990,1.0,1.0,1.0,1.0,0.7871546029909718,Raw contextual vector
q_0991,0.0,1.0,1.0,0.5,0.4966392596877323,Raw contextual vector
q_0992,1.0,1.0,1.0,1.0,1.0,Raw contextual vector
q_0993,1.0,1.0,1.0,1.0,0.8556691603792903,Raw contextual vector
q_0994,0.0,1.0,1.0,0.5,0.5692897379691039,Raw contextual vector
q_0995,1.0,1.0,1.0,1.0,0.7871546029909718,Raw contextual vector
q_0996,1.0,1.0,1.0,1.0,0.7871546029909718,Raw contextual vector
q_0997,1.0,1.0,1.0,1.0,0.6735439182299785,Raw contextual vector
q_0998,1.0,1.0,1.0,1.0,0.7871546029909718,Raw contextual vector
q_0999,0.0,1.0,1.0,0.5,0.4966392596877323,Raw contextual vector
q_1000,1.0,1.0,1.0,1.0,0.6735439182299785,Raw contextual vector
q_1001,1.0,1.0,1.0,1.0,0.6735439182299785,Raw contextual vector
q_1002,1.0,1.0,1.0,1.0,0.9324441894571632,Raw contextual vector
q_1003,1.0,1.0,1.0,1.0,0.7871546029909718,Raw contextual vector
q_1004,1.0,1.0,1.0,1.0,0.6735439182299785,Raw contextual vector
q_1005,1.0,1.0,1.0,1.0,0.7871546029909718,Raw contextual vector
q_1006,1.0,1.0,1.0,1.0,0.8556691603792903,Raw contextual vector
q_1007,1.0,1.0,1.0,1.0,0.7871546029909718,Raw contextual vector
q_1008,1.0,1.0,1.0,1.0,0.6735439182299785,Raw contextual vector
q_1009,0.0,1.0,1.0,0.2,0.2605623555630197,Raw contextual vector
q_1010,1.0,1.0,1.0,1.0,0.7871546029909718,Raw contextual vector
q_1011,1.0,1.0,1.0,1.0,0.7646065393046344,Raw contextual vector
q_1012,1.0,1.0,1.0,1.0,0.6735439182299785,Raw contextual vector
q_1013,1.0,1.0,1.0,1.0,0.6735439182299785,Raw contextual vector
q_1014,1.0,1.0,1.0,1.0,0.7871546029909718,Raw contextual vector
q_1015,0.0,1.0,1.0,0.3333333333333333,0.3367719591149892,Raw contextual vector
q_1016,1.0,1.0,1.0,1.0,0.6735439182299785,Raw contextual vector
q_1017,1.0,1.0,1.0,1.0,0.6735439182299785,Raw contextual vector
q_1018,1.0,1.0,1.0,1.0,0.6735439182299785,Raw contextual vector
q_1019,0.0,0.0,1.0,0.1111111111111111,0.236957146725255,Raw contextual vector
q_1020,0.0,1.0,1.0,0.5,0.8339912323981488,Raw contextual vector
q_1021,1.0,1.0,1.0,1.0,0.6735439182299785,Raw contextual vector
q_1022,0.0,1.0,1.0,0.3333333333333333,0.3367719591149892,Raw contextual vector
q_1023,1.0,1.0,1.0,1.0,1.0,Raw contextual vector
q_1024,1.0,1.0,1.0,1.0,1.0,Raw contextual vector
q_1025,0.0,1.0,1.0,0.5,0.5692897379691039,Raw contextual vector
q_1026,1.0,1.0,1.0,1.0,0.7871546029909718,Raw contextual vector
q_1027,1.0,1.0,1.0,1.0,0.7871546029909718,Raw contextual vector
q_1028,1.0,1.0,1.0,1.0,0.7871546029909718,Raw contextual vector
q_1029,1.0,1.0,1.0,1.0,0.6735439182299785,Raw contextual vector
q_1030,1.0,1.0,1.0,1.0,0.7871546029909718,Raw contextual vector
q_1031,0.0,1.0,1.0,0.25,0.290079576414554,Raw contextual vector
q_1032,1.0,1.0,1.0,1.0,0.6735439182299785,Raw contextual vector
q_1033,1.0,1.0,1.0,1.0,0.7871546029909718,Raw contextual vector
q_1034,1.0,1.0,1.0,1.0,0.7978637366933587,Raw contextual vector
q_1035,1.0,1.0,1.0,1.0,0.7871546029909718,Raw contextual vector
q_1036,1.0,1.0,1.0,1.0,0.7978637366933587,Raw contextual vector
q_1037,1.0,1.0,1.0,1.0,0.8178747578506881,Raw contextual vector
q_1038,0.0,1.0,1.0,0.3333333333333333,0.3935773014954859,Raw contextual vector
q_1039,1.0,1.0,1.0,1.0,0.6735439182299785,Raw contextual vector
q_1040,0.0,1.0,1.0,0.5,0.4249588983483942,Raw contextual vector
q_1041,0.0,1.0,1.0,0.5,0.4249588983483942,Raw contextual vector
q_1042,1.0,1.0,1.0,1.0,0.6735439182299785,Raw contextual vector
q_1043,1.0,1.0,1.0,1.0,0.7871546029909718,Raw contextual vector
q_1044,1.0,1.0,1.0,1.0,0.7871546029909718,Raw contextual vector
q_1045,1.0,1.0,1.0,1.0,0.9391110985538408,Raw contextual vector
q_1046,1.0,1.0,1.0,1.0,0.8556691603792903,Raw contextual vector
q_1047,1.0,1.0,1.0,1.0,0.7871546029909718,Raw contextual vector
q_1048,1.0,1.0,1.0,1.0,0.7871546029909718,Raw contextual vector
q_1049,1.0,1.0,1.0,1.0,0.6735439182299785,Raw contextual vector
q_1050,1.0,1.0,1.0,1.0,0.6735439182299785,Raw contextual vector
q_1051,1.0,1.0,1.0,1.0,0.6735439182299785,Raw contextual vector
q_1052,1.0,1.0,1.0,1.0,0.6735439182299785,Raw contextual vector
q_1053,1.0,1.0,1.0,1.0,0.6735439182299785,Raw contextual vector
q_1054,1.0,1.0,1.0,1.0,0.7871546029909718,Raw contextual vector
q_1055,1.0,1.0,1.0,1.0,0.6735439182299785,Raw contextual vector
q_1056,1.0,1.0,1.0,1.0,0.6735439182299785,Raw contextual vector
q_1057,1.0,1.0,1.0,1.0,0.6735439182299785,Raw contextual vector
q_1058,1.0,1.0,1.0,1.0,0.6735439182299785,Raw contextual vector
q_1059,1.0,1.0,1.0,1.0,0.8178747578506881,Raw contextual vector
q_1060,0.0,0.0,0.0,0.0,0.0,Raw contextual vector
q_1061,1.0,1.0,1.0,1.0,0.7871546029909718,Raw contextual vector
q_1062,1.0,1.0,1.0,1.0,0.6735439182299785,Raw contextual vector
q_1063,0.0,1.0,1.0,0.5,0.4249588983483942,Raw contextual vector
q_1064,1.0,1.0,1.0,1.0,0.7871546029909718,Raw contextual vector
q_1065,1.0,1.0,1.0,1.0,0.7871546029909718,Raw contextual vector
q_1066,1.0,1.0,1.0,1.0,0.6735439182299785,Raw contextual vector
q_1067,1.0,1.0,1.0,1.0,0.9073218002554916,Raw contextual vector
q_1068,1.0,1.0,1.0,1.0,0.8556691603792903,Raw contextual vector
q_1069,1.0,1.0,1.0,1.0,0.7871546029909718,Raw contextual vector
q_1070,1.0,1.0,1.0,1.0,0.6735439182299785,Raw contextual vector
q_1071,1.0,1.0,1.0,1.0,0.7871546029909718,Raw contextual vector
q_1072,1.0,1.0,1.0,1.0,0.7569858564045292,Raw contextual vector
q_1073,1.0,1.0,1.0,1.0,0.7871546029909718,Raw contextual vector
q_1074,1.0,1.0,1.0,1.0,0.6735439182299785,Raw contextual vector
q_1075,1.0,1.0,1.0,1.0,0.96733874133487,Raw contextual vector
q_1076,1.0,1.0,1.0,1.0,0.7978637366933587,Raw contextual vector
q_1077,1.0,1.0,1.0,1.0,0.8556691603792903,Raw contextual vector
q_1078,1.0,1.0,1.0,1.0,0.8556691603792903,Raw contextual vector
q_1079,0.0,0.0,1.0,0.1428571428571428,0.2245146394099928,Raw contextual vector
q_1080,1.0,1.0,1.0,1.0,0.8556691603792903,Raw contextual vector
q_1081,1.0,1.0,1.0,1.0,0.6735439182299785,Raw contextual vector
q_1082,1.0,1.0,1.0,1.0,0.6735439182299785,Raw contextual vector
q_1083,1.0,1.0,1.0,1.0,0.6735439182299785,Raw contextual vector
q_1084,1.0,1.0,1.0,1.0,1.0,Raw contextual vector
q_1085,1.0,1.0,1.0,1.0,0.7871546029909718,Raw contextual vector
q_1086,1.0,1.0,1.0,1.0,0.8846711923905052,Raw contextual vector
q_1087,0.0,1.0,1.0,0.5,0.4249588983483942,Raw contextual vector
q_1088,1.0,1.0,1.0,1.0,0.7871546029909718,Raw contextual vector
q_1089,1.0,1.0,1.0,1.0,0.6735439182299785,Raw contextual vector
q_1090,1.0,1.0,1.0,1.0,0.6735439182299785,Raw contextual vector
q_1091,1.0,1.0,1.0,1.0,0.7871546029909718,Raw contextual vector
q_1092,1.0,1.0,1.0,1.0,0.6735439182299785,Raw contextual vector
q_1093,1.0,1.0,1.0,1.0,0.7871546029909718,Raw contextual vector
q_1094,1.0,1.0,1.0,1.0,0.8178747578506881,Raw contextual vector
q_1095,1.0,1.0,1.0,1.0,0.6735439182299785,Raw contextual vector
q_1096,1.0,1.0,1.0,1.0,0.6735439182299785,Raw contextual vector
q_1097,1.0,1.0,1.0,1.0,1.0,Raw contextual vector
q_1098,1.0,1.0,1.0,1.0,0.7871546029909718,Raw contextual vector
q_1099,0.0,1.0,1.0,0.5,0.4249588983483942,Raw contextual vector
q_1100,1.0,1.0,1.0,1.0,0.7871546029909718,Raw contextual vector
q_1101,1.0,1.0,1.0,1.0,0.7871546029909718,Raw contextual vector
q_1102,1.0,1.0,1.0,1.0,0.7871546029909718,Raw contextual vector
q_1103,1.0,1.0,1.0,1.0,0.6735439182299785,Raw contextual vector
q_1104,1.0,1.0,1.0,1.0,0.7871546029909718,Raw contextual vector
q_1105,1.0,1.0,1.0,1.0,0.7871546029909718,Raw contextual vector
q_1106,1.0,1.0,1.0,1.0,0.6735439182299785,Raw contextual vector
q_1107,1.0,1.0,1.0,1.0,0.6735439182299785,Raw contextual vector
q_1108,1.0,1.0,1.0,1.0,0.7871546029909718,Raw contextual vector
q_1109,0.0,0.0,0.0,0.0,0.0,Raw contextual vector
q_1110,1.0,1.0,1.0,1.0,0.7871546029909718,Raw contextual vector
q_1111,1.0,1.0,1.0,1.0,0.6735439182299785,Raw contextual vector
q_1112,0.0,1.0,1.0,0.5,0.4966392596877323,Raw contextual vector
q_1113,1.0,1.0,1.0,1.0,0.9073218002554916,Raw contextual vector
q_1114,1.0,1.0,1.0,1.0,0.6735439182299785,Raw contextual vector
q_1115,1.0,1.0,1.0,1.0,0.6735439182299785,Raw contextual vector
q_1116,0.0,1.0,1.0,0.25,0.290079576414554,Raw contextual vector
q_1117,1.0,1.0,1.0,1.0,0.9206981226391524,Raw contextual vector
q_1118,1.0,1.0,1.0,1.0,0.8814340589326981,Raw contextual vector
q_1119,1.0,1.0,1.0,1.0,0.7871546029909718,Raw contextual vector
q_1120,0.0,0.0,0.0,0.0,0.2886616792414193,Raw contextual vector
q_1121,1.0,1.0,1.0,1.0,0.7871546029909718,Raw contextual vector
q_1122,1.0,1.0,1.0,1.0,0.6735439182299785,Raw contextual vector
q_1123,1.0,1.0,1.0,1.0,0.7871546029909718,Raw contextual vector
q_1124,1.0,1.0,1.0,1.0,0.7871546029909718,Raw contextual vector
q_1125,1.0,1.0,1.0,1.0,0.6735439182299785,Raw contextual vector
q_1126,0.0,0.0,1.0,0.1428571428571428,0.2623848676636572,Raw contextual vector
q_1127,1.0,1.0,1.0,1.0,0.7871546029909718,Raw contextual vector
q_1128,1.0,1.0,1.0,1.0,0.6735439182299785,Raw contextual vector
q_1129,1.0,1.0,1.0,1.0,0.6735439182299785,Raw contextual vector
q_1130,1.0,1.0,1.0,1.0,0.7871546029909718,Raw contextual vector
q_1131,1.0,1.0,1.0,1.0,0.6735439182299785,Raw contextual vector
q_1132,1.0,1.0,1.0,1.0,0.6735439182299785,Raw contextual vector
q_1133,0.0,1.0,1.0,0.5,0.4249588983483942,Raw contextual vector
q_1134,0.0,0.0,1.0,0.1428571428571428,0.2623848676636572,Raw contextual vector
q_1135,1.0,1.0,1.0,1.0,0.7871546029909718,Raw contextual vector
q_1136,1.0,1.0,1.0,1.0,0.7871546029909718,Raw contextual vector
q_1137,1.0,1.0,1.0,1.0,0.6735439182299785,Raw contextual vector
q_1138,0.0,1.0,1.0,0.5,0.4966392596877323,Raw contextual vector
q_1139,1.0,1.0,1.0,1.0,0.7871546029909718,Raw contextual vector
q_1140,1.0,1.0,1.0,1.0,0.7871546029909718,Raw contextual vector
q_1141,1.0,1.0,1.0,1.0,0.7871546029909718,Raw contextual vector
q_1142,1.0,1.0,1.0,1.0,0.7978637366933587,Raw contextual vector
q_1143,1.0,1.0,1.0,1.0,0.7871546029909718,Raw contextual vector
q_1144,1.0,1.0,1.0,1.0,0.6735439182299785,Raw contextual vector
q_1145,1.0,1.0,1.0,1.0,0.9324441894571632,Raw contextual vector
q_1146,1.0,1.0,1.0,1.0,0.6735439182299785,Raw contextual vector
q_1147,0.0,1.0,1.0,0.5,0.4249588983483942,Raw contextual vector
q_1148,1.0,1.0,1.0,1.0,0.6735439182299785,Raw contextual vector
q_1149,0.0,0.0,0.0,0.0,0.0,Raw contextual vector
q_1150,1.0,1.0,1.0,1.0,0.9324441894571632,Raw contextual vector
q_1151,1.0,1.0,1.0,1.0,0.7871546029909718,Raw contextual vector
q_1152,1.0,1.0,1.0,1.0,0.7871546029909718,Raw contextual vector
q_1153,1.0,1.0,1.0,1.0,0.7871546029909718,Raw contextual vector
q_1154,1.0,1.0,1.0,1.0,0.7871546029909718,Raw contextual vector
q_1155,0.0,1.0,1.0,0.3333333333333333,0.3367719591149892,Raw contextual vector
q_1156,1.0,1.0,1.0,1.0,0.9799889788426704,Raw contextual vector
q_1157,1.0,1.0,1.0,1.0,1.0,Raw contextual vector
q_1158,1.0,1.0,1.0,1.0,0.7871546029909718,Raw contextual vector
q_1159,0.0,0.0,0.0,0.0,0.0,Raw contextual vector
q_1160,1.0,1.0,1.0,1.0,0.8556691603792903,Raw contextual vector
q_1161,1.0,1.0,1.0,1.0,0.6735439182299785,Raw contextual vector
q_1162,1.0,1.0,1.0,1.0,0.6735439182299785,Raw contextual vector
q_1163,1.0,1.0,1.0,1.0,0.7871546029909718,Raw contextual vector
q_1164,1.0,1.0,1.0,1.0,0.7871546029909718,Raw contextual vector
q_1165,1.0,1.0,1.0,1.0,0.6735439182299785,Raw contextual vector
q_1166,1.0,1.0,1.0,1.0,1.0,Raw contextual vector
q_1167,0.0,1.0,1.0,0.5,0.5692897379691039,Raw contextual vector
q_1168,1.0,1.0,1.0,1.0,1.0,Raw contextual vector
q_1169,1.0,1.0,1.0,1.0,0.7871546029909718,Raw contextual vector
q_1170,1.0,1.0,1.0,1.0,0.8178747578506881,Raw contextual vector
q_1171,1.0,1.0,1.0,1.0,0.7871546029909718,Raw contextual vector
q_1172,0.0,0.0,0.0,0.0,0.0,Raw contextual vector
q_1173,0.0,1.0,1.0,0.5,0.6309297535714575,Raw contextual vector
q_1174,1.0,1.0,1.0,1.0,0.7871546029909718,Raw contextual vector
q_1175,1.0,1.0,1.0,1.0,0.7871546029909718,Raw contextual vector
q_1176,1.0,1.0,1.0,1.0,0.95583058934618,Raw contextual vector
q_1177,1.0,1.0,1.0,1.0,1.0,Raw contextual vector
q_1178,1.0,1.0,1.0,1.0,0.7871546029909718,Raw contextual vector
q_1179,1.0,1.0,1.0,1.0,0.7871546029909718,Raw contextual vector
q_1180,1.0,1.0,1.0,1.0,0.95583058934618,Raw contextual vector
q_1181,0.0,1.0,1.0,0.25,0.3811421974892099,Raw contextual vector
q_1182,1.0,1.0,1.0,1.0,0.7871546029909718,Raw contextual vector
q_1183,1.0,1.0,1.0,1.0,0.7871546029909718,Raw contextual vector
q_1184,1.0,1.0,1.0,1.0,0.7871546029909718,Raw contextual vector
q_1185,1.0,1.0,1.0,1.0,0.6735439182299785,Raw contextual vector
q_1186,1.0,1.0,1.0,1.0,0.7871546029909718,Raw contextual vector
q_1187,1.0,1.0,1.0,1.0,0.6735439182299785,Raw contextual vector
q_1188,1.0,1.0,1.0,1.0,0.7871546029909718,Raw contextual vector
q_1189,0.0,0.0,0.0,0.0,0.0,Raw contextual vector
q_1190,1.0,1.0,1.0,1.0,0.7871546029909718,Raw contextual vector
q_1191,1.0,1.0,1.0,1.0,1.0,Raw contextual vector
q_1192,1.0,1.0,1.0,1.0,0.7871546029909718,Raw contextual vector
q_1193,1.0,1.0,1.0,1.0,0.7871546029909718,Raw contextual vector
q_1194,1.0,1.0,1.0,1.0,0.8996052605611106,Raw contextual vector
q_1195,1.0,1.0,1.0,1.0,0.8846711923905052,Raw contextual vector
q_1196,1.0,1.0,1.0,1.0,0.7871546029909718,Raw contextual vector
q_1197,1.0,1.0,1.0,1.0,0.6735439182299785,Raw contextual vector
q_1198,1.0,1.0,1.0,1.0,1.0,Raw contextual vector
q_1199,0.0,1.0,1.0,0.3333333333333333,0.3367719591149892,Raw contextual vector
q_1200,1.0,1.0,1.0,1.0,0.6735439182299785,Raw contextual vector
q_1201,1.0,1.0,1.0,1.0,0.6735439182299785,Raw contextual vector
q_1202,0.0,1.0,1.0,0.25,0.290079576414554,Raw contextual vector
q_1203,1.0,1.0,1.0,1.0,0.7763672830184426,Raw contextual vector
q_1204,0.0,1.0,1.0,0.5,0.4249588983483942,Raw contextual vector
q_1205,1.0,1.0,1.0,1.0,0.6735439182299785,Raw contextual vector
q_1206,1.0,1.0,1.0,1.0,0.6735439182299785,Raw contextual vector
q_1207,1.0,1.0,1.0,1.0,0.8556691603792903,Raw contextual vector
q_1208,0.0,0.0,0.0,0.0,0.0,Raw contextual vector
q_1209,1.0,1.0,1.0,1.0,0.7871546029909718,Raw contextual vector
q_1210,0.0,1.0,1.0,0.2,0.2605623555630197,Raw contextual vector
q_1211,1.0,1.0,1.0,1.0,0.6735439182299785,Raw contextual vector
q_1212,1.0,1.0,1.0,1.0,0.6735439182299785,Raw contextual vector
q_1213,0.0,1.0,1.0,0.5,0.4966392596877323,Raw contextual vector
q_1214,0.0,0.0,1.0,0.1666666666666666,0.280390126950546,Raw contextual vector
q_1215,1.0,1.0,1.0,1.0,0.6735439182299785,Raw contextual vector
q_1216,1.0,1.0,1.0,1.0,0.6735439182299785,Raw contextual vector
q_1217,1.0,1.0,1.0,1.0,0.7646065393046344,Raw contextual vector
q_1218,1.0,1.0,1.0,1.0,0.7978637366933587,Raw contextual vector
q_1219,1.0,1.0,1.0,1.0,0.6735439182299785,Raw contextual vector
q_1220,1.0,1.0,1.0,1.0,0.6735439182299785,Raw contextual vector
q_1221,1.0,1.0,1.0,1.0,0.6735439182299785,Raw contextual vector
q_1222,1.0,1.0,1.0,1.0,0.6735439182299785,Raw contextual vector
q_1223,1.0,1.0,1.0,1.0,0.7646065393046344,Raw contextual vector
q_1224,1.0,1.0,1.0,1.0,0.6735439182299785,Raw contextual vector
q_1225,1.0,1.0,1.0,1.0,0.7763672830184426,Raw contextual vector
q_1226,0.0,1.0,1.0,0.5,0.5692897379691039,Raw contextual vector
q_1227,1.0,1.0,1.0,1.0,0.6735439182299785,Raw contextual vector
q_1228,1.0,1.0,1.0,1.0,0.6735439182299785,Raw contextual vector
q_1229,0.0,0.0,0.0,0.0,0.0,Raw contextual vector
q_1230,0.0,0.0,0.0,0.0,0.0,Raw contextual vector
q_1231,0.0,0.0,0.0,0.0,0.0,Raw contextual vector
q_1232,0.0,0.0,0.0,0.0,0.0,Raw contextual vector
q_1233,1.0,1.0,1.0,1.0,0.7978637366933587,Raw contextual vector
q_1234,1.0,1.0,1.0,1.0,0.6735439182299785,Raw contextual vector
q_1235,1.0,1.0,1.0,1.0,0.6735439182299785,Raw contextual vector
q_1236,1.0,1.0,1.0,1.0,0.6735439182299785,Raw contextual vector
q_1237,1.0,1.0,1.0,1.0,0.8996052605611106,Raw contextual vector
q_1238,1.0,1.0,1.0,1.0,0.929544338806268,Raw contextual vector
q_1239,1.0,1.0,1.0,1.0,0.8178747578506881,Raw contextual vector
q_1240,1.0,1.0,1.0,1.0,0.6735439182299785,Raw contextual vector
q_1241,1.0,1.0,1.0,1.0,0.8556691603792903,Raw contextual vector
q_1242,1.0,1.0,1.0,1.0,0.6735439182299785,Raw contextual vector
q_1243,1.0,1.0,1.0,1.0,0.8178747578506881,Raw contextual vector
q_1244,1.0,1.0,1.0,1.0,0.9799889788426704,Raw contextual vector
q_1245,1.0,1.0,1.0,1.0,0.8556691603792903,Raw contextual vector
q_1246,1.0,1.0,1.0,1.0,0.7569858564045292,Raw contextual vector
q_1247,0.0,0.0,0.0,0.0,0.0,Raw contextual vector
q_1248,1.0,1.0,1.0,1.0,0.6735439182299785,Raw contextual vector
q_1249,1.0,1.0,1.0,1.0,0.6735439182299785,Raw contextual vector
q_1250,0.0,1.0,1.0,0.5,0.5692897379691039,Raw contextual vector
q_1251,1.0,1.0,1.0,1.0,0.8996052605611106,Raw contextual vector
q_1252,1.0,1.0,1.0,1.0,1.0,Raw contextual vector
q_1253,1.0,1.0,1.0,1.0,0.8178747578506881,Raw contextual vector
q_1254,1.0,1.0,1.0,1.0,0.7871546029909718,Raw contextual vector
q_1255,0.0,1.0,1.0,0.5,0.5160215194230502,Raw contextual vector
q_1256,1.0,1.0,1.0,1.0,0.6735439182299785,Raw contextual vector
q_1257,1.0,1.0,1.0,1.0,0.6735439182299785,Raw contextual vector
q_1258,1.0,1.0,1.0,1.0,0.7871546029909718,Raw contextual vector
q_1259,1.0,1.0,1.0,1.0,0.7763672830184426,Raw contextual vector
q_1260,1.0,1.0,1.0,1.0,0.6735439182299785,Raw contextual vector
q_1261,1.0,1.0,1.0,1.0,0.6735439182299785,Raw contextual vector
q_1262,0.0,0.0,0.0,0.0,0.0,Raw contextual vector
q_1263,0.0,1.0,1.0,0.3333333333333333,0.3367719591149892,Raw contextual vector
q_1264,0.0,1.0,1.0,0.3333333333333333,0.3367719591149892,Raw contextual vector
q_1265,1.0,1.0,1.0,1.0,0.6735439182299785,Raw contextual vector
q_1266,0.0,1.0,1.0,0.5,0.4249588983483942,Raw contextual vector
q_1267,0.0,0.0,1.0,0.1428571428571428,0.2245146394099928,Raw contextual vector
q_1268,0.0,1.0,1.0,0.5,0.5692897379691039,Raw contextual vector
q_1269,1.0,1.0,1.0,1.0,0.7871546029909718,Raw contextual vector
q_1270,1.0,1.0,1.0,1.0,0.6735439182299785,Raw contextual vector
q_1271,0.0,1.0,1.0,0.5,0.5118547223987963,Raw contextual vector
q_1272,1.0,1.0,1.0,1.0,1.0,Raw contextual vector
q_1273,1.0,1.0,1.0,1.0,0.8556691603792903,Raw contextual vector
q_1274,1.0,1.0,1.0,1.0,0.7871546029909718,Raw contextual vector
q_1275,1.0,1.0,1.0,1.0,0.6735439182299785,Raw contextual vector
q_1276,1.0,1.0,1.0,1.0,0.7871546029909718,Raw contextual vector
q_1277,1.0,1.0,1.0,1.0,0.8178747578506881,Raw contextual vector
q_1278,1.0,1.0,1.0,1.0,0.7871546029909718,Raw contextual vector
q_1279,1.0,1.0,1.0,1.0,0.6735439182299785,Raw contextual vector
q_1280,1.0,1.0,1.0,1.0,0.7871546029909718,Raw contextual vector
q_1281,1.0,1.0,1.0,1.0,1.0,Raw contextual vector
q_1282,1.0,1.0,1.0,1.0,0.8556691603792903,Raw contextual vector
q_1283,1.0,1.0,1.0,1.0,0.9324441894571632,Raw contextual vector
q_1284,1.0,1.0,1.0,1.0,0.6735439182299785,Raw contextual vector
q_1285,0.0,0.0,1.0,0.1111111111111111,0.236957146725255,Raw contextual vector
q_1286,1.0,1.0,1.0,1.0,0.8556691603792903,Raw contextual vector
q_1287,1.0,1.0,1.0,1.0,0.8556691603792903,Raw contextual vector
q_1288,1.0,1.0,1.0,1.0,0.6735439182299785,Raw contextual vector
q_1289,0.0,1.0,1.0,0.5,0.4249588983483942,Raw contextual vector
q_1290,1.0,1.0,1.0,1.0,0.9324441894571632,Raw contextual vector
q_1291,1.0,1.0,1.0,1.0,0.6735439182299785,Raw contextual vector
q_1292,1.0,1.0,1.0,1.0,0.8178747578506881,Raw contextual vector
q_1293,1.0,1.0,1.0,1.0,0.6735439182299785,Raw contextual vector
q_1294,1.0,1.0,1.0,1.0,0.6735439182299785,Raw contextual vector
q_1295,1.0,1.0,1.0,1.0,0.7871546029909718,Raw contextual vector
q_1296,1.0,1.0,1.0,1.0,0.6735439182299785,Raw contextual vector
q_1297,0.0,1.0,1.0,0.5,0.4249588983483942,Raw contextual vector
q_1298,1.0,1.0,1.0,1.0,0.7978637366933587,Raw contextual vector
q_1299,1.0,1.0,1.0,1.0,0.8846711923905052,Raw contextual vector
q_1300,1.0,1.0,1.0,1.0,0.6735439182299785,Raw contextual vector
q_1301,1.0,1.0,1.0,1.0,0.8556691603792903,Raw contextual vector
q_1302,1.0,1.0,1.0,1.0,0.6735439182299785,Raw contextual vector
q_1303,1.0,1.0,1.0,1.0,0.6735439182299785,Raw contextual vector
q_1304,1.0,1.0,1.0,1.0,1.0,Raw contextual vector
q_1305,1.0,1.0,1.0,1.0,0.6735439182299785,Raw contextual vector
q_1306,1.0,1.0,1.0,1.0,0.7871546029909718,Raw contextual vector
q_1307,0.0,0.0,1.0,0.1666666666666666,0.2399211845064163,Raw contextual vector
q_1308,1.0,1.0,1.0,1.0,0.6735439182299785,Raw contextual vector
q_1309,1.0,1.0,1.0,1.0,0.8178747578506881,Raw contextual vector
q_1310,1.0,1.0,1.0,1.0,0.7871546029909718,Raw contextual vector
q_1311,1.0,1.0,1.0,1.0,0.6735439182299785,Raw contextual vector
q_1312,1.0,1.0,1.0,1.0,0.6735439182299785,Raw contextual vector
q_1313,1.0,1.0,1.0,1.0,0.7871546029909718,Raw contextual vector
q_1314,1.0,1.0,1.0,1.0,0.6735439182299785,Raw contextual vector
q_1315,1.0,1.0,1.0,1.0,0.6735439182299785,Raw contextual vector
q_1316,1.0,1.0,1.0,1.0,0.6735439182299785,Raw contextual vector
q_1317,1.0,1.0,1.0,1.0,0.7852134991855584,Raw contextual vector
q_1318,1.0,1.0,1.0,1.0,0.6735439182299785,Raw contextual vector
q_1319,0.0,1.0,1.0,0.25,0.3390090350877799,Raw contextual vector
q_1320,1.0,1.0,1.0,1.0,0.7697644779771182,Raw contextual vector
q_1321,1.0,1.0,1.0,1.0,0.9176601606601068,Raw contextual vector
q_1322,0.0,0.0,1.0,0.1,0.1946978557406183,Raw contextual vector
q_1323,1.0,1.0,1.0,1.0,0.6735439182299785,Raw contextual vector
q_1324,0.0,0.0,0.0,0.0,0.0,Raw contextual vector
q_1325,1.0,1.0,1.0,1.0,0.7646065393046344,Raw contextual vector
q_1326,1.0,1.0,1.0,1.0,0.7871546029909718,Raw contextual vector
q_1327,0.0,1.0,1.0,0.3333333333333333,0.6254336383564085,Raw contextual vector
q_1328,0.0,1.0,1.0,0.5,0.4249588983483942,Raw contextual vector
q_1329,1.0,1.0,1.0,1.0,0.6735439182299785,Raw contextual vector
q_1330,0.0,1.0,1.0,0.5,0.8339912323981488,Raw contextual vector
q_1331,1.0,1.0,1.0,1.0,0.6735439182299785,Raw contextual vector
q_1332,1.0,1.0,1.0,1.0,0.7871546029909718,Raw contextual vector
q_1333,1.0,1.0,1.0,1.0,0.6735439182299785,Raw contextual vector
q_1334,1.0,1.0,1.0,1.0,0.6735439182299785,Raw contextual vector
q_1335,0.0,0.0,0.0,0.0,0.0,Raw contextual vector
q_1336,1.0,1.0,1.0,1.0,0.6735439182299785,Raw contextual vector
q_1337,1.0,1.0,1.0,1.0,0.7871546029909718,Raw contextual vector
q_1338,1.0,1.0,1.0,1.0,0.6735439182299785,Raw contextual vector
q_1339,1.0,1.0,1.0,1.0,0.6735439182299785,Raw contextual vector
q_1340,1.0,1.0,1.0,1.0,0.6735439182299785,Raw contextual vector
q_1341,1.0,1.0,1.0,1.0,0.6735439182299785,Raw contextual vector
q_1342,0.0,1.0,1.0,0.3333333333333333,0.3367719591149892,Raw contextual vector
q_1343,1.0,1.0,1.0,1.0,0.7871546029909718,Raw contextual vector
q_1344,1.0,1.0,1.0,1.0,0.6735439182299785,Raw contextual vector
q_1345,1.0,1.0,1.0,1.0,0.6735439182299785,Raw contextual vector
q_1346,1.0,1.0,1.0,1.0,0.6735439182299785,Raw contextual vector
q_1347,1.0,1.0,1.0,1.0,0.8556691603792903,Raw contextual vector
q_1348,1.0,1.0,1.0,1.0,0.8880368639740225,Raw contextual vector
q_1349,1.0,1.0,1.0,1.0,1.0,Raw contextual vector
q_1350,1.0,1.0,1.0,1.0,0.6735439182299785,Raw contextual vector
q_1351,1.0,1.0,1.0,1.0,0.6735439182299785,Raw contextual vector
q_1352,1.0,1.0,1.0,1.0,0.7871546029909718,Raw contextual vector
q_1353,1.0,1.0,1.0,1.0,0.8556691603792903,Raw contextual vector
q_1354,1.0,1.0,1.0,1.0,0.7871546029909718,Raw contextual vector
q_1355,1.0,1.0,1.0,1.0,0.7871546029909718,Raw contextual vector
q_1356,1.0,1.0,1.0,1.0,0.7871546029909718,Raw contextual vector
q_1357,0.0,1.0,1.0,0.5,0.4966392596877323,Raw contextual vector
q_1358,1.0,1.0,1.0,1.0,0.8996052605611106,Raw contextual vector
q_1359,0.0,1.0,1.0,0.5,0.4249588983483942,Raw contextual vector
q_1360,1.0,1.0,1.0,1.0,0.6735439182299785,Raw contextual vector
q_1361,1.0,1.0,1.0,1.0,0.6735439182299785,Raw contextual vector
q_1362,1.0,1.0,1.0,1.0,0.7871546029909718,Raw contextual vector
q_1363,0.0,1.0,1.0,0.2,0.2605623555630197,Raw contextual vector
q_1364,1.0,1.0,1.0,1.0,0.6735439182299785,Raw contextual vector
q_1365,1.0,1.0,1.0,1.0,0.6735439182299785,Raw contextual vector
q_1366,1.0,1.0,1.0,1.0,0.6735439182299785,Raw contextual vector
q_1367,1.0,1.0,1.0,1.0,0.7871546029909718,Raw contextual vector
q_1368,1.0,1.0,1.0,1.0,0.96733874133487,Raw contextual vector
q_1369,1.0,1.0,1.0,1.0,0.7871546029909718,Raw contextual vector
q_1370,1.0,1.0,1.0,1.0,0.7871546029909718,Raw contextual vector
q_1371,1.0,1.0,1.0,1.0,0.6735439182299785,Raw contextual vector
q_1372,1.0,1.0,1.0,1.0,0.7871546029909718,Raw contextual vector
q_1373,1.0,1.0,1.0,1.0,0.7871546029909718,Raw contextual vector
q_1374,1.0,1.0,1.0,1.0,0.6735439182299785,Raw contextual vector
q_1375,1.0,1.0,1.0,1.0,0.7871546029909718,Raw contextual vector
q_1376,1.0,1.0,1.0,1.0,0.7871546029909718,Raw contextual vector
q_1377,1.0,1.0,1.0,1.0,0.6735439182299785,Raw contextual vector
q_1378,0.0,1.0,1.0,0.5,0.4966392596877323,Raw contextual vector
q_1379,0.0,1.0,1.0,0.5,0.4249588983483942,Raw contextual vector
q_1380,0.0,1.0,1.0,0.25,0.3390090350877799,Raw contextual vector
q_1381,1.0,1.0,1.0,1.0,0.7871546029909718,Raw contextual vector
q_1382,1.0,1.0,1.0,1.0,0.7871546029909718,Raw contextual vector
q_1383,1.0,1.0,1.0,1.0,0.6735439182299785,Raw contextual vector
q_1384,1.0,1.0,1.0,1.0,0.6735439182299785,Raw contextual vector
q_1385,1.0,1.0,1.0,1.0,0.7871546029909718,Raw contextual vector
q_1386,1.0,1.0,1.0,1.0,0.6735439182299785,Raw contextual vector
q_1387,1.0,1.0,1.0,1.0,0.6735439182299785,Raw contextual vector
q_1388,1.0,1.0,1.0,1.0,0.6735439182299785,Raw contextual vector
q_1389,1.0,1.0,1.0,1.0,0.7871546029909718,Raw contextual vector
q_1390,1.0,1.0,1.0,1.0,0.7871546029909718,Raw contextual vector
q_1391,1.0,1.0,1.0,1.0,0.6735439182299785,Raw contextual vector
q_1392,1.0,1.0,1.0,1.0,0.6735439182299785,Raw contextual vector
q_1393,1.0,1.0,1.0,1.0,0.6735439182299785,Raw contextual vector
q_1394,0.0,1.0,1.0,0.5,0.4966392596877323,Raw contextual vector
q_1395,1.0,1.0,1.0,1.0,0.9324441894571632,Raw contextual vector
q_1396,1.0,1.0,1.0,1.0,0.6735439182299785,Raw contextual vector
q_1397,0.0,1.0,1.0,0.3333333333333333,0.3367719591149892,Raw contextual vector
q_1398,0.0,1.0,1.0,0.5,0.4249588983483942,Raw contextual vector
q_1399,1.0,1.0,1.0,1.0,0.6735439182299785,Raw contextual vector
q_1400,1.0,1.0,1.0,1.0,0.6735439182299785,Raw contextual vector
q_1401,1.0,1.0,1.0,1.0,0.6735439182299785,Raw contextual vector
q_1402,1.0,1.0,1.0,1.0,0.6735439182299785,Raw contextual vector
q_1403,1.0,1.0,1.0,1.0,0.7871546029909718,Raw contextual vector
q_1404,0.0,1.0,1.0,0.3333333333333333,0.3935773014954859,Raw contextual vector
q_1405,1.0,1.0,1.0,1.0,0.7871546029909718,Raw contextual vector
q_1406,1.0,1.0,1.0,1.0,0.7871546029909718,Raw contextual vector
q_1407,1.0,1.0,1.0,1.0,0.7871546029909718,Raw contextual vector
q_1408,0.0,1.0,1.0,0.5,0.4966392596877323,Raw contextual vector
q_1409,1.0,1.0,1.0,1.0,0.7871546029909718,Raw contextual vector
q_1410,1.0,1.0,1.0,1.0,0.6735439182299785,Raw contextual vector
q_1411,1.0,1.0,1.0,1.0,0.6735439182299785,Raw contextual vector
q_1412,1.0,1.0,1.0,1.0,0.7871546029909718,Raw contextual vector
q_1413,1.0,1.0,1.0,1.0,0.7871546029909718,Raw contextual vector
q_1414,1.0,1.0,1.0,1.0,0.7871546029909718,Raw contextual vector
q_1415,1.0,1.0,1.0,1.0,0.6735439182299785,Raw contextual vector
q_1416,1.0,1.0,1.0,1.0,0.7871546029909718,Raw contextual vector
q_1417,0.0,0.0,1.0,0.1,0.2275387085989112,Raw contextual vector
q_1418,1.0,1.0,1.0,1.0,0.7871546029909718,Raw contextual vector
q_1419,1.0,1.0,1.0,1.0,0.7871546029909718,Raw contextual vector
q_1420,1.0,1.0,1.0,1.0,0.7871546029909718,Raw contextual vector
q_1421,0.0,1.0,1.0,0.3333333333333333,0.3935773014954859,Raw contextual vector
q_1422,1.0,1.0,1.0,1.0,0.7871546029909718,Raw contextual vector
q_1423,1.0,1.0,1.0,1.0,0.7871546029909718,Raw contextual vector
q_1424,1.0,1.0,1.0,1.0,0.9176601606601068,Raw contextual vector
q_1425,1.0,1.0,1.0,1.0,0.7871546029909718,Raw contextual vector
q_1426,1.0,1.0,1.0,1.0,1.0,Raw contextual vector
q_1427,1.0,1.0,1.0,1.0,0.7763672830184426,Raw contextual vector
q_1428,1.0,1.0,1.0,1.0,0.7871546029909718,Raw contextual vector
q_1429,1.0,1.0,1.0,1.0,0.7871546029909718,Raw contextual vector
q_1430,1.0,1.0,1.0,1.0,0.7871546029909718,Raw contextual vector
q_1431,1.0,1.0,1.0,1.0,0.7871546029909718,Raw contextual vector
q_1432,1.0,1.0,1.0,1.0,0.7871546029909718,Raw contextual vector
q_1433,1.0,1.0,1.0,1.0,0.6735439182299785,Raw contextual vector
q_1434,0.0,0.0,1.0,0.125,0.2124794491741971,Raw contextual vector
q_1435,1.0,1.0,1.0,1.0,0.7871546029909718,Raw contextual vector
q_1436,1.0,1.0,1.0,1.0,0.7871546029909718,Raw contextual vector
q_1437,1.0,1.0,1.0,1.0,0.6735439182299785,Raw contextual vector
q_1438,0.0,1.0,1.0,0.3333333333333333,0.3935773014954859,Raw contextual vector
q_1439,0.0,0.0,0.0,0.0,0.0,Raw contextual vector
q_1440,1.0,1.0,1.0,1.0,0.9176601606601068,Raw contextual vector
q_1441,1.0,1.0,1.0,1.0,0.7871546029909718,Raw contextual vector
q_1442,1.0,1.0,1.0,1.0,0.7871546029909718,Raw contextual vector
q_1443,0.0,0.0,0.0,0.0,0.0,Raw contextual vector
q_1444,1.0,1.0,1.0,1.0,0.7871546029909718,Raw contextual vector
q_1445,1.0,1.0,1.0,1.0,0.7871546029909718,Raw contextual vector
q_1446,1.0,1.0,1.0,1.0,0.7871546029909718,Raw contextual vector
q_1447,0.0,0.0,0.0,0.0,0.2886616792414193,Raw contextual vector
q_1448,1.0,1.0,1.0,1.0,0.9324441894571632,Raw contextual vector
q_1449,0.0,0.0,0.0,0.0,0.0,Raw contextual vector
q_1450,1.0,1.0,1.0,1.0,0.6735439182299785,Raw contextual vector
q_1451,1.0,1.0,1.0,1.0,0.7871546029909718,Raw contextual vector
q_1452,1.0,1.0,1.0,1.0,0.9799889788426704,Raw contextual vector
q_1453,1.0,1.0,1.0,1.0,0.7871546029909718,Raw contextual vector
q_1454,0.0,0.0,0.0,0.0,0.0,Raw contextual vector
q_1455,0.0,1.0,1.0,0.5,0.508400836522945,Raw contextual vector
q_1456,1.0,1.0,1.0,1.0,1.0,Raw contextual vector
q_1457,1.0,1.0,1.0,1.0,0.7871546029909718,Raw contextual vector
q_1458,0.0,0.0,0.0,0.0,0.0,Raw contextual vector
q_1459,1.0,1.0,1.0,1.0,0.9391110985538408,Raw contextual vector
q_1460,0.0,0.0,0.0,0.0,0.0,Raw contextual vector
q_1461,1.0,1.0,1.0,1.0,0.6735439182299785,Raw contextual vector
q_1462,1.0,1.0,1.0,1.0,0.6735439182299785,Raw contextual vector
q_1463,1.0,1.0,1.0,1.0,0.6735439182299785,Raw contextual vector
q_1464,1.0,1.0,1.0,1.0,0.6735439182299785,Raw contextual vector
q_1465,1.0,1.0,1.0,1.0,0.7763672830184426,Raw contextual vector
q_1466,1.0,1.0,1.0,1.0,0.7871546029909718,Raw contextual vector
q_1467,1.0,1.0,1.0,1.0,0.8556691603792903,Raw contextual vector
q_1468,1.0,1.0,1.0,1.0,0.7871546029909718,Raw contextual vector
q_1469,0.0,1.0,1.0,0.25,0.290079576414554,Raw contextual vector
q_1470,0.0,0.0,1.0,0.1111111111111111,0.2027569227842713,Raw contextual vector
q_1471,1.0,1.0,1.0,1.0,0.6735439182299785,Raw contextual vector
q_1472,0.0,1.0,1.0,0.25,0.3390090350877799,Raw contextual vector
q_1473,1.0,1.0,1.0,1.0,0.6735439182299785,Raw contextual vector
q_1474,0.0,0.0,0.0,0.0,0.1443308396207096,Raw contextual vector
q_1475,1.0,1.0,1.0,1.0,0.6735439182299785,Raw contextual vector
q_1476,0.0,1.0,1.0,0.2,0.7313492769537508,Raw contextual vector
q_1477,1.0,1.0,1.0,1.0,0.95583058934618,Raw contextual vector
q_1478,1.0,1.0,1.0,1.0,0.9421945763140684,Raw contextual vector
q_1479,1.0,1.0,1.0,1.0,1.0,Raw contextual vector
q_1480,0.0,1.0,1.0,0.2,0.3516249766376756,Raw contextual vector
q_1481,1.0,1.0,1.0,1.0,1.0,Raw contextual vector
q_1482,1.0,1.0,1.0,1.0,0.7871546029909718,Raw contextual vector
q_1483,1.0,1.0,1.0,1.0,0.6735439182299785,Raw contextual vector
q_1484,1.0,1.0,1.0,1.0,0.8556691603792903,Raw contextual vector
q_1485,0.0,0.0,0.0,0.0,0.0,Raw contextual vector
q_1486,1.0,1.0,1.0,1.0,0.7871546029909718,Raw contextual vector
q_1487,1.0,1.0,1.0,1.0,0.6735439182299785,Raw contextual vector
q_1488,0.0,1.0,1.0,0.3333333333333333,0.3367719591149892,Raw contextual vector
q_1489,1.0,1.0,1.0,1.0,0.6735439182299785,Raw contextual vector
q_1490,1.0,1.0,1.0,1.0,0.6735439182299785,Raw contextual vector
q_1491,0.0,1.0,1.0,0.3333333333333333,0.4236677831653912,Raw contextual vector
q_1492,1.0,1.0,1.0,1.0,0.7871546029909718,Raw contextual vector
q_1493,1.0,1.0,1.0,1.0,0.7871546029909718,Raw contextual vector
q_1494,1.0,1.0,1.0,1.0,0.7604397422803805,Raw contextual vector
q_1495,1.0,1.0,1.0,1.0,0.6735439182299785,Raw contextual vector
q_1496,1.0,1.0,1.0,1.0,0.7871546029909718,Raw contextual vector
q_1497,1.0,1.0,1.0,1.0,0.6735439182299785,Raw contextual vector
q_1498,0.0,1.0,1.0,0.5,0.4249588983483942,Raw contextual vector
q_1499,0.0,0.0,1.0,0.1666666666666666,0.2399211845064163,Raw contextual vector
q_1500,1.0,1.0,1.0,1.0,0.8935773014954859,Raw contextual vector
q_1501,1.0,1.0,1.0,1.0,0.7852134991855584,Raw contextual vector
q_1502,0.0,1.0,1.0,0.5,0.8579514172105233,Raw contextual vector
q_1503,1.0,1.0,1.0,1.0,0.8556691603792903,Raw contextual vector
q_1504,1.0,1.0,1.0,1.0,0.7871546029909718,Raw contextual vector
q_1505,1.0,1.0,1.0,1.0,0.7569858564045292,Raw contextual vector
q_1506,1.0,1.0,1.0,1.0,0.6735439182299785,Raw contextual vector
q_1507,1.0,1.0,1.0,1.0,0.6735439182299785,Raw contextual vector
q_1508,0.0,1.0,1.0,0.3333333333333333,0.3367719591149892,Raw contextual vector
q_1509,0.0,1.0,1.0,0.5,0.6419288461539238,Raw contextual vector
q_1510,1.0,1.0,1.0,1.0,0.8515023633550364,Raw contextual vector
q_1511,1.0,1.0,1.0,1.0,0.8178747578506881,Raw contextual vector
q_1512,0.0,0.0,1.0,0.1428571428571428,0.5997368403740738,Raw contextual vector
q_1513,0.0,1.0,1.0,0.5,0.4249588983483942,Raw contextual vector
q_1514,1.0,1.0,1.0,1.0,0.7871546029909718,Raw contextual vector
q_1515,0.0,0.0,0.0,0.0,0.2886616792414193,Raw contextual vector
q_1516,1.0,1.0,1.0,1.0,0.7697644779771182,Raw contextual vector
q_1517,0.0,0.0,0.0,0.0,0.0,Raw contextual vector
q_1518,0.0,0.0,1.0,0.1111111111111111,0.2027569227842713,Raw contextual vector
q_1519,1.0,1.0,1.0,1.0,0.6735439182299785,Raw contextual vector
q_1520,1.0,1.0,1.0,1.0,1.0,Raw contextual vector
q_1521,1.0,1.0,1.0,1.0,0.6735439182299785,Raw contextual vector
q_1522,1.0,1.0,1.0,1.0,0.7852134991855584,Raw contextual vector
q_1523,1.0,1.0,1.0,1.0,0.6735439182299785,Raw contextual vector
q_1524,0.0,1.0,1.0,0.25,0.290079576414554,Raw contextual vector
q_1525,1.0,1.0,1.0,1.0,1.0,Raw contextual vector
q_1526,1.0,1.0,1.0,1.0,0.7871546029909718,Raw contextual vector
q_1527,1.0,1.0,1.0,1.0,0.8178747578506881,Raw contextual vector
q_1528,1.0,1.0,1.0,1.0,0.7871546029909718,Raw contextual vector
q_1529,0.0,0.0,0.0,0.0,0.1821252421493118,Raw contextual vector
q_1530,0.0,0.0,0.0,0.0,0.0,Raw contextual vector
q_1531,1.0,1.0,1.0,1.0,0.7871546029909718,Raw contextual vector
q_1532,1.0,1.0,1.0,1.0,0.946731781453946,Raw contextual vector
q_1533,1.0,1.0,1.0,1.0,0.7871546029909718,Raw contextual vector
q_1534,1.0,1.0,1.0,1.0,0.6735439182299785,Raw contextual vector
q_1535,0.0,0.0,1.0,0.1111111111111111,0.2027569227842713,Raw contextual vector
q_1536,1.0,1.0,1.0,1.0,0.7871546029909718,Raw contextual vector
q_1537,0.0,1.0,1.0,0.3333333333333333,0.3367719591149892,Raw contextual vector
q_1538,0.0,1.0,1.0,0.5,0.7136205775898136,Raw contextual vector
q_1539,1.0,1.0,1.0,1.0,0.6735439182299785,Raw contextual vector
q_1540,1.0,1.0,1.0,1.0,0.8556691603792903,Raw contextual vector
q_1541,1.0,1.0,1.0,1.0,0.8178747578506881,Raw contextual vector
q_1542,1.0,1.0,1.0,1.0,0.6735439182299785,Raw contextual vector
q_1543,0.0,0.0,0.0,0.0,0.0,Raw contextual vector
q_1544,1.0,1.0,1.0,1.0,0.7978637366933587,Raw contextual vector
q_1545,1.0,1.0,1.0,1.0,1.0,Raw contextual vector
q_1546,0.0,0.0,0.0,0.0,0.0,Raw contextual vector
q_1547,1.0,1.0,1.0,1.0,0.6735439182299785,Raw contextual vector
q_1548,1.0,1.0,1.0,1.0,0.7871546029909718,Raw contextual vector
q_1549,1.0,1.0,1.0,1.0,0.7978637366933587,Raw contextual vector
q_1550,1.0,1.0,1.0,1.0,0.7871546029909718,Raw contextual vector
q_1551,1.0,1.0,1.0,1.0,0.6735439182299785,Raw contextual vector
q_1552,0.0,1.0,1.0,0.2,0.4246801651591683,Raw contextual vector
q_1553,0.0,1.0,1.0,0.5,0.5366284793039741,Raw contextual vector
q_1554,1.0,1.0,1.0,1.0,0.6735439182299785,Raw contextual vector
q_1555,0.0,0.0,1.0,0.1111111111111111,0.4914186020256907,Raw contextual vector
q_1556,1.0,1.0,1.0,1.0,0.8556691603792903,Raw contextual vector
q_1557,1.0,1.0,1.0,1.0,0.8935773014954859,Raw contextual vector
q_1558,1.0,1.0,1.0,1.0,0.6735439182299785,Raw contextual vector
q_1559,0.0,1.0,1.0,0.5,0.5160215194230502,Raw contextual vector
q_1560,1.0,1.0,1.0,1.0,0.7871546029909718,Raw contextual vector
q_1561,1.0,1.0,1.0,1.0,0.8178747578506881,Raw contextual vector
q_1562,1.0,1.0,1.0,1.0,0.8178747578506881,Raw contextual vector
q_1563,1.0,1.0,1.0,1.0,0.6735439182299785,Raw contextual vector
q_1564,1.0,1.0,1.0,1.0,0.6735439182299785,Raw contextual vector
q_1565,1.0,1.0,1.0,1.0,0.8178747578506881,Raw contextual vector
q_1566,0.0,0.0,0.0,0.0,0.4003312601969992,Raw contextual vector
q_1567,1.0,1.0,1.0,1.0,0.7871546029909718,Raw contextual vector
q_1568,1.0,1.0,1.0,1.0,0.6735439182299785,Raw contextual vector
q_1569,1.0,1.0,1.0,1.0,0.7871546029909718,Raw contextual vector
q_1570,1.0,1.0,1.0,1.0,0.6735439182299785,Raw contextual vector
q_1571,1.0,1.0,1.0,1.0,0.7871546029909718,Raw contextual vector
q_1572,1.0,1.0,1.0,1.0,0.6735439182299785,Raw contextual vector
q_1573,1.0,1.0,1.0,1.0,0.95583058934618,Raw contextual vector
q_1574,1.0,1.0,1.0,1.0,0.6735439182299785,Raw contextual vector
q_1575,1.0,1.0,1.0,1.0,0.8178747578506881,Raw contextual vector
q_1576,1.0,1.0,1.0,1.0,0.6735439182299785,Raw contextual vector
q_1577,1.0,1.0,1.0,1.0,0.6735439182299785,Raw contextual vector
q_1578,1.0,1.0,1.0,1.0,0.7978637366933587,Raw contextual vector
q_1579,1.0,1.0,1.0,1.0,1.0,Raw contextual vector
q_1580,1.0,1.0,1.0,1.0,0.7871546029909718,Raw contextual vector
q_1581,1.0,1.0,1.0,1.0,0.6735439182299785,Raw contextual vector
q_1582,1.0,1.0,1.0,1.0,0.6735439182299785,Raw contextual vector
q_1583,0.0,0.0,0.0,0.0,0.1821252421493118,Raw contextual vector
q_1584,1.0,1.0,1.0,1.0,0.6735439182299785,Raw contextual vector
q_1585,0.0,1.0,1.0,0.2,0.4426875977123315,Raw contextual vector
q_1586,1.0,1.0,1.0,1.0,0.7871546029909718,Raw contextual vector
q_1587,0.0,1.0,1.0,0.5,0.4249588983483942,Raw contextual vector
q_1588,1.0,1.0,1.0,1.0,0.8556691603792903,Raw contextual vector
q_1589,1.0,1.0,1.0,1.0,0.7871546029909718,Raw contextual vector
q_1590,1.0,1.0,1.0,1.0,0.6735439182299785,Raw contextual vector
q_1591,1.0,1.0,1.0,1.0,0.6735439182299785,Raw contextual vector
q_1592,1.0,1.0,1.0,1.0,0.6735439182299785,Raw contextual vector
q_1593,0.0,1.0,1.0,0.5,0.4966392596877323,Raw contextual vector
q_1594,1.0,1.0,1.0,1.0,0.8556691603792903,Raw contextual vector
q_1595,1.0,1.0,1.0,1.0,0.6735439182299785,Raw contextual vector
q_1596,1.0,1.0,1.0,1.0,0.7871546029909718,Raw contextual vector
q_1597,1.0,1.0,1.0,1.0,0.6735439182299785,Raw contextual vector
q_1598,1.0,1.0,1.0,1.0,0.8178747578506881,Raw contextual vector
q_1599,0.0,0.0,1.0,0.1111111111111111,0.2027569227842713,Raw contextual vector
q_1600,0.0,1.0,1.0,0.3333333333333333,0.3935773014954859,Raw contextual vector
q_1601,1.0,1.0,1.0,1.0,0.7697644779771182,Raw contextual vector
q_1602,0.0,1.0,1.0,0.3333333333333333,0.3935773014954859,Raw contextual vector
q_1603,1.0,1.0,1.0,1.0,1.0,Raw contextual vector
q_1604,1.0,1.0,1.0,1.0,0.6735439182299785,Raw contextual vector
q_1605,0.0,0.0,0.0,0.0,0.0,Raw contextual vector
q_1606,0.0,1.0,1.0,0.5,0.4966392596877323,Raw contextual vector
q_1607,1.0,1.0,1.0,1.0,1.0,Raw contextual vector
q_1608,1.0,1.0,1.0,1.0,0.95583058934618,Raw contextual vector
q_1609,0.0,1.0,1.0,0.2,0.2605623555630197,Raw contextual vector
q_1610,1.0,1.0,1.0,1.0,0.6735439182299785,Raw contextual vector
q_1611,0.0,1.0,1.0,0.5,0.4249588983483942,Raw contextual vector
q_1612,1.0,1.0,1.0,1.0,0.6735439182299785,Raw contextual vector
q_1613,1.0,1.0,1.0,1.0,0.7871546029909718,Raw contextual vector
q_1614,0.0,0.0,0.0,0.0,0.1015530628822521,Raw contextual vector
q_1615,0.0,0.0,0.0,0.0,0.1443308396207096,Raw contextual vector
q_1616,1.0,1.0,1.0,1.0,0.6735439182299785,Raw contextual vector
q_1617,1.0,1.0,1.0,1.0,0.7646065393046344,Raw contextual vector
q_1618,1.0,1.0,1.0,1.0,0.7871546029909718,Raw contextual vector
q_1619,1.0,1.0,1.0,1.0,0.8556691603792903,Raw contextual vector
q_1620,1.0,1.0,1.0,1.0,0.6735439182299785,Raw contextual vector
q_1621,0.0,1.0,1.0,0.3333333333333333,0.3935773014954859,Raw contextual vector
q_1622,0.0,0.0,1.0,0.1111111111111111,0.2027569227842713,Raw contextual vector
q_1623,1.0,1.0,1.0,1.0,0.6735439182299785,Raw contextual vector
q_1624,1.0,1.0,1.0,1.0,0.7871546029909718,Raw contextual vector
q_1625,1.0,1.0,1.0,1.0,0.6735439182299785,Raw contextual vector
q_1626,0.0,1.0,1.0,0.5,0.4966392596877323,Raw contextual vector
q_1627,0.0,0.0,0.0,0.0,0.0,Raw contextual vector
q_1628,1.0,1.0,1.0,1.0,0.6735439182299785,Raw contextual vector
q_1629,0.0,0.0,0.0,0.0,0.0,Raw contextual vector
q_1630,1.0,1.0,1.0,1.0,0.6735439182299785,Raw contextual vector
q_1631,1.0,1.0,1.0,1.0,0.7871546029909718,Raw contextual vector
q_1632,0.0,1.0,1.0,0.5,0.4249588983483942,Raw contextual vector
q_1633,1.0,1.0,1.0,1.0,0.6735439182299785,Raw contextual vector
q_1634,1.0,1.0,1.0,1.0,0.6735439182299785,Raw contextual vector
q_1635,0.0,1.0,1.0,0.3333333333333333,0.6254336383564085,Raw contextual vector
q_1636,1.0,1.0,1.0,1.0,0.8178747578506881,Raw contextual vector
q_1637,1.0,1.0,1.0,1.0,0.7871546029909718,Raw contextual vector
q_1638,1.0,1.0,1.0,1.0,0.95583058934618,Raw contextual vector
q_1639,1.0,1.0,1.0,1.0,0.8940842964404986,Raw contextual vector
q_1640,1.0,1.0,1.0,1.0,0.7852134991855584,Raw contextual vector
q_1641,1.0,1.0,1.0,1.0,0.8178747578506881,Raw contextual vector
q_1642,1.0,1.0,1.0,1.0,0.7871546029909718,Raw contextual vector
q_1643,1.0,1.0,1.0,1.0,0.7871546029909718,Raw contextual vector
q_1644,1.0,1.0,1.0,1.0,0.6735439182299785,Raw contextual vector
q_1645,0.0,1.0,1.0,0.25,0.3390090350877799,Raw contextual vector
q_1646,0.0,1.0,1.0,0.5,0.4966392596877323,Raw contextual vector
q_1647,1.0,1.0,1.0,1.0,0.6735439182299785,Raw contextual vector
q_1648,0.0,1.0,1.0,0.5,0.8339912323981488,Raw contextual vector
q_1649,1.0,1.0,1.0,1.0,0.8556691603792903,Raw contextual vector
q_1650,1.0,1.0,1.0,1.0,0.7852134991855584,Raw contextual vector
q_1651,0.0,1.0,1.0,0.5,0.4249588983483942,Raw contextual vector
q_1652,1.0,1.0,1.0,1.0,0.8556691603792903,Raw contextual vector
q_1653,1.0,1.0,1.0,1.0,0.7871546029909718,Raw contextual vector
q_1654,1.0,1.0,1.0,1.0,0.7871546029909718,Raw contextual vector
q_1655,1.0,1.0,1.0,1.0,0.6735439182299785,Raw contextual vector
q_1656,1.0,1.0,1.0,1.0,0.6735439182299785,Raw contextual vector
q_1657,1.0,1.0,1.0,1.0,0.7871546029909718,Raw contextual vector
q_1658,1.0,1.0,1.0,1.0,0.7871546029909718,Raw contextual vector
q_1659,1.0,1.0,1.0,1.0,0.6735439182299785,Raw contextual vector
q_1660,1.0,1.0,1.0,1.0,0.7871546029909718,Raw contextual vector
q_1661,1.0,1.0,1.0,1.0,0.8556691603792903,Raw contextual vector
q_1662,1.0,1.0,1.0,1.0,0.7871546029909718,Raw contextual vector
q_1663,0.0,0.0,0.0,0.0,0.0,Raw contextual vector
q_1664,1.0,1.0,1.0,1.0,0.7871546029909718,Raw contextual vector
q_1665,0.0,0.0,1.0,0.1666666666666666,0.2399211845064163,Raw contextual vector
q_1666,0.0,0.0,0.0,0.0,0.0,Raw contextual vector
q_1667,1.0,1.0,1.0,1.0,0.7871546029909718,Raw contextual vector
q_1668,1.0,1.0,1.0,1.0,0.6735439182299785,Raw contextual vector
q_1669,1.0,1.0,1.0,1.0,0.6735439182299785,Raw contextual vector
q_1670,1.0,1.0,1.0,1.0,0.6735439182299785,Raw contextual vector
q_1671,1.0,1.0,1.0,1.0,0.7871546029909718,Raw contextual vector
q_1672,0.0,1.0,1.0,0.5,0.4249588983483942,Raw contextual vector
q_1673,1.0,1.0,1.0,1.0,1.0,Raw contextual vector
q_1674,1.0,1.0,1.0,1.0,1.0,Raw contextual vector
q_1675,1.0,1.0,1.0,1.0,0.7763672830184426,Raw contextual vector
q_1676,1.0,1.0,1.0,1.0,0.7871546029909718,Raw contextual vector
q_1677,1.0,1.0,1.0,1.0,0.7871546029909718,Raw contextual vector
q_1678,1.0,1.0,1.0,1.0,0.6735439182299785,Raw contextual vector
q_1679,1.0,1.0,1.0,1.0,0.6735439182299785,Raw contextual vector
q_1680,0.0,1.0,1.0,0.5,0.4966392596877323,Raw contextual vector
q_1681,1.0,1.0,1.0,1.0,0.6735439182299785,Raw contextual vector
q_1682,1.0,1.0,1.0,1.0,0.6735439182299785,Raw contextual vector
q_1683,1.0,1.0,1.0,1.0,0.7871546029909718,Raw contextual vector
q_1684,1.0,1.0,1.0,1.0,0.6735439182299785,Raw contextual vector
q_1685,1.0,1.0,1.0,1.0,0.7871546029909718,Raw contextual vector
q_1686,1.0,1.0,1.0,1.0,0.7978637366933587,Raw contextual vector
q_1687,1.0,1.0,1.0,1.0,0.7871546029909718,Raw contextual vector
q_1688,1.0,1.0,1.0,1.0,0.8556691603792903,Raw contextual vector
q_1689,1.0,1.0,1.0,1.0,0.7871546029909718,Raw contextual vector
q_1690,1.0,1.0,1.0,1.0,0.6735439182299785,Raw contextual vector
q_1691,1.0,1.0,1.0,1.0,0.6735439182299785,Raw contextual vector
q_1692,1.0,1.0,1.0,1.0,0.7852134991855584,Raw contextual vector
q_1693,1.0,1.0,1.0,1.0,0.7871546029909718,Raw contextual vector
q_1694,1.0,1.0,1.0,1.0,0.6735439182299785,Raw contextual vector
q_1695,1.0,1.0,1.0,1.0,0.7871546029909718,Raw contextual vector
q_1696,0.0,1.0,1.0,0.3333333333333333,0.3367719591149892,Raw contextual vector
q_1697,1.0,1.0,1.0,1.0,0.8556691603792903,Raw contextual vector
q_1698,0.0,1.0,1.0,0.5,0.7136205775898136,Raw contextual vector
q_1699,1.0,1.0,1.0,1.0,0.7871546029909718,Raw contextual vector
q_1700,1.0,1.0,1.0,1.0,0.6735439182299785,Raw contextual vector
q_1701,0.0,1.0,1.0,0.3333333333333333,0.3367719591149892,Raw contextual vector
q_1702,1.0,1.0,1.0,1.0,0.7871546029909718,Raw contextual vector
q_1703,1.0,1.0,1.0,1.0,0.6735439182299785,Raw contextual vector
q_1704,1.0,1.0,1.0,1.0,0.6735439182299785,Raw contextual vector
q_1705,1.0,1.0,1.0,1.0,0.6735439182299785,Raw contextual vector
q_1706,1.0,1.0,1.0,1.0,0.8556691603792903,Raw contextual vector
q_1707,1.0,1.0,1.0,1.0,0.7978637366933587,Raw contextual vector
q_1708,0.0,1.0,1.0,0.5,0.4966392596877323,Raw contextual vector
q_1709,1.0,1.0,1.0,1.0,0.7871546029909718,Raw contextual vector
q_1710,1.0,1.0,1.0,1.0,0.6735439182299785,Raw contextual vector
q_1711,1.0,1.0,1.0,1.0,0.7871546029909718,Raw contextual vector
q_1712,1.0,1.0,1.0,1.0,0.7871546029909718,Raw contextual vector
q_1713,0.0,1.0,1.0,0.2,0.3045129678946485,Raw contextual vector
q_1714,1.0,1.0,1.0,1.0,0.7871546029909718,Raw contextual vector
q_1715,1.0,1.0,1.0,1.0,0.9584925251677544,Raw contextual vector
q_1716,1.0,1.0,1.0,1.0,0.9799889788426704,Raw contextual vector
q_1717,0.0,0.0,1.0,0.1111111111111111,0.236957146725255,Raw contextual vector
q_1718,1.0,1.0,1.0,1.0,0.6735439182299785,Raw contextual vector
q_1719,0.0,1.0,1.0,0.3333333333333333,0.4484415400705691,Raw contextual vector
q_1720,1.0,1.0,1.0,1.0,0.7871546029909718,Raw contextual vector
q_1721,1.0,1.0,1.0,1.0,0.6735439182299785,Raw contextual vector
q_1722,1.0,1.0,1.0,1.0,0.6735439182299785,Raw contextual vector
q_1723,1.0,1.0,1.0,1.0,0.7871546029909718,Raw contextual vector
q_1724,1.0,1.0,1.0,1.0,0.7871546029909718,Raw contextual vector
q_1725,1.0,1.0,1.0,1.0,0.6735439182299785,Raw contextual vector
q_1726,1.0,1.0,1.0,1.0,0.7978637366933587,Raw contextual vector
q_1727,1.0,1.0,1.0,1.0,0.6735439182299785,Raw contextual vector
q_1728,1.0,1.0,1.0,1.0,0.7978637366933587,Raw contextual vector
q_1729,1.0,1.0,1.0,1.0,0.6735439182299785,Raw contextual vector
q_1730,1.0,1.0,1.0,1.0,0.6735439182299785,Raw contextual vector
q_1731,1.0,1.0,1.0,1.0,0.8556691603792903,Raw contextual vector
q_1732,1.0,1.0,1.0,1.0,1.0,Raw contextual vector
q_1733,0.0,1.0,1.0,0.3333333333333333,0.3935773014954859,Raw contextual vector
q_1734,1.0,1.0,1.0,1.0,0.7604397422803805,Raw contextual vector
q_1735,1.0,1.0,1.0,1.0,0.7871546029909718,Raw contextual vector
q_1736,0.0,1.0,1.0,0.5,0.4249588983483942,Raw contextual vector
q_1737,0.0,1.0,1.0,0.5,0.4249588983483942,Raw contextual vector
q_1738,1.0,1.0,1.0,1.0,0.7871546029909718,Raw contextual vector
q_1739,1.0,1.0,1.0,1.0,0.6735439182299785,Raw contextual vector
q_1740,1.0,1.0,1.0,1.0,0.6735439182299785,Raw contextual vector
q_1741,1.0,1.0,1.0,1.0,0.6735439182299785,Raw contextual vector
q_1742,0.0,0.0,1.0,0.125,0.2124794491741971,Raw contextual vector
q_1743,0.0,1.0,1.0,0.25,0.3390090350877799,Raw contextual vector
q_1744,1.0,1.0,1.0,1.0,0.7871546029909718,Raw contextual vector
q_1745,1.0,1.0,1.0,1.0,0.8996052605611106,Raw contextual vector
q_1746,1.0,1.0,1.0,1.0,0.9073218002554916,Raw contextual vector
q_1747,1.0,1.0,1.0,1.0,0.7871546029909718,Raw contextual vector
q_1748,1.0,1.0,1.0,1.0,0.7871546029909718,Raw contextual vector
q_1749,1.0,1.0,1.0,1.0,0.7871546029909718,Raw contextual vector
q_1750,0.0,1.0,1.0,0.5,0.4249588983483942,Raw contextual vector
q_1751,0.0,0.0,0.0,0.0,0.0,Raw contextual vector
q_1752,1.0,1.0,1.0,1.0,0.6735439182299785,Raw contextual vector
q_1753,1.0,1.0,1.0,1.0,0.6735439182299785,Raw contextual vector
q_1754,1.0,1.0,1.0,1.0,0.7871546029909718,Raw contextual vector
q_1755,1.0,1.0,1.0,1.0,0.6735439182299785,Raw contextual vector
q_1756,1.0,1.0,1.0,1.0,0.7871546029909718,Raw contextual vector
q_1757,1.0,1.0,1.0,1.0,0.7978637366933587,Raw contextual vector
q_1758,1.0,1.0,1.0,1.0,0.7871546029909718,Raw contextual vector
q_1759,1.0,1.0,1.0,1.0,0.8996052605611106,Raw contextual vector
q_1760,1.0,1.0,1.0,1.0,0.7871546029909718,Raw contextual vector
q_1761,1.0,1.0,1.0,1.0,0.6735439182299785,Raw contextual vector
q_1762,0.0,0.0,0.0,0.0,0.0,Raw contextual vector
q_1763,1.0,1.0,1.0,1.0,0.6735439182299785,Raw contextual vector
q_1764,0.0,1.0,1.0,0.5,0.8579514172105233,Raw contextual vector
q_1765,0.0,1.0,1.0,0.5,0.4966392596877323,Raw contextual vector
q_1766,1.0,1.0,1.0,1.0,0.6735439182299785,Raw contextual vector
q_1767,0.0,0.0,1.0,0.1666666666666666,0.280390126950546,Raw contextual vector
q_1768,1.0,1.0,1.0,1.0,0.9324441894571632,Raw contextual vector
q_1769,0.0,1.0,1.0,0.5,0.4966392596877323,Raw contextual vector
q_1770,1.0,1.0,1.0,1.0,0.6735439182299785,Raw contextual vector
q_1771,1.0,1.0,1.0,1.0,0.7871546029909718,Raw contextual vector
q_1772,1.0,1.0,1.0,1.0,0.6735439182299785,Raw contextual vector
q_1773,1.0,1.0,1.0,1.0,0.7871546029909718,Raw contextual vector
q_1774,1.0,1.0,1.0,1.0,1.0,Raw contextual vector
q_1775,1.0,1.0,1.0,1.0,0.7871546029909718,Raw contextual vector
q_1776,1.0,1.0,1.0,1.0,0.8178747578506881,Raw contextual vector
q_1777,1.0,1.0,1.0,1.0,0.7646065393046344,Raw contextual vector
q_1778,0.0,0.0,0.0,0.0,0.0,Raw contextual vector
q_1779,0.0,1.0,1.0,0.25,0.3390090350877799,Raw contextual vector
q_1780,1.0,1.0,1.0,1.0,0.7871546029909718,Raw contextual vector
q_1781,1.0,1.0,1.0,1.0,0.7871546029909718,Raw contextual vector
q_1782,0.0,0.0,1.0,0.1666666666666666,0.2399211845064163,Raw contextual vector
q_1783,1.0,1.0,1.0,1.0,0.7871546029909718,Raw contextual vector
q_1784,1.0,1.0,1.0,1.0,0.7871546029909718,Raw contextual vector
q_1785,0.0,1.0,1.0,0.25,0.3390090350877799,Raw contextual vector
q_1786,1.0,1.0,1.0,1.0,0.8178747578506881,Raw contextual vector
q_1787,0.0,0.0,1.0,0.1,0.2275387085989112,Raw contextual vector
q_1788,0.0,1.0,1.0,0.3333333333333333,0.3367719591149892,Raw contextual vector
q_1789,1.0,1.0,1.0,1.0,0.7871546029909718,Raw contextual vector
q_1790,0.0,1.0,1.0,0.5,0.508400836522945,Raw contextual vector
q_1791,0.0,0.0,1.0,0.125,0.2959213873487478,Raw contextual vector
q_1792,1.0,1.0,1.0,1.0,0.8556691603792903,Raw contextual vector
q_1793,0.0,0.0,0.0,0.0,0.0,Raw contextual vector
q_1794,1.0,1.0,1.0,1.0,0.7871546029909718,Raw contextual vector
q_1795,0.0,0.0,0.0,0.0,0.0,Raw contextual vector
q_1796,0.0,0.0,1.0,0.1428571428571428,0.2623848676636572,Raw contextual vector
q_1797,1.0,1.0,1.0,1.0,0.7871546029909718,Raw contextual vector
q_1798,1.0,1.0,1.0,1.0,0.95583058934618,Raw contextual vector
q_1799,1.0,1.0,1.0,1.0,1.0,Raw contextual vector
q_1800,1.0,1.0,1.0,1.0,1.0,Raw contextual vector
q_1801,1.0,1.0,1.0,1.0,0.7871546029909718,Raw contextual vector
q_1802,1.0,1.0,1.0,1.0,0.6735439182299785,Raw contextual vector
q_1803,1.0,1.0,1.0,1.0,0.6735439182299785,Raw contextual vector
q_1804,0.0,0.0,1.0,0.125,0.2124794491741971,Raw contextual vector
q_1805,1.0,1.0,1.0,1.0,0.6735439182299785,Raw contextual vector
q_1806,1.0,1.0,1.0,1.0,0.6735439182299785,Raw contextual vector
q_1807,1.0,1.0,1.0,1.0,0.7871546029909718,Raw contextual vector
q_1808,1.0,1.0,1.0,1.0,0.6735439182299785,Raw contextual vector
q_1809,1.0,1.0,1.0,1.0,0.8935773014954859,Raw contextual vector
q_1810,1.0,1.0,1.0,1.0,1.0,Raw contextual vector
q_1811,1.0,1.0,1.0,1.0,0.7871546029909718,Raw contextual vector
q_1812,1.0,1.0,1.0,1.0,0.7871546029909718,Raw contextual vector
q_1813,1.0,1.0,1.0,1.0,0.7871546029909718,Raw contextual vector
q_1814,0.0,1.0,1.0,0.25,0.290079576414554,Raw contextual vector
q_1815,1.0,1.0,1.0,1.0,1.0,Raw contextual vector
q_1816,1.0,1.0,1.0,1.0,0.7871546029909718,Raw contextual vector
q_1817,0.0,0.0,0.0,0.0,0.0,Raw contextual vector
q_1818,1.0,1.0,1.0,1.0,0.7871546029909718,Raw contextual vector
q_1819,1.0,1.0,1.0,1.0,0.7871546029909718,Raw contextual vector
q_1820,1.0,1.0,1.0,1.0,0.7871546029909718,Raw contextual vector
q_1821,1.0,1.0,1.0,1.0,0.6735439182299785,Raw contextual vector
q_1822,1.0,1.0,1.0,1.0,0.7871546029909718,Raw contextual vector
q_1823,1.0,1.0,1.0,1.0,0.7871546029909718,Raw contextual vector
q_1824,0.0,1.0,1.0,0.5,0.4249588983483942,Raw contextual vector
q_1825,1.0,1.0,1.0,1.0,0.6735439182299785,Raw contextual vector
q_1826,0.0,1.0,1.0,0.3333333333333333,0.3935773014954859,Raw contextual vector
q_1827,1.0,1.0,1.0,1.0,0.7871546029909718,Raw contextual vector
q_1828,0.0,1.0,1.0,0.25,0.290079576414554,Raw contextual vector
q_1829,0.0,1.0,1.0,0.5,0.4966392596877323,Raw contextual vector
q_1830,1.0,1.0,1.0,1.0,1.0,Raw contextual vector
q_1831,1.0,1.0,1.0,1.0,0.7871546029909718,Raw contextual vector
q_1832,1.0,1.0,1.0,1.0,0.9584925251677544,Raw contextual vector
q_1833,1.0,1.0,1.0,1.0,0.7871546029909718,Raw contextual vector
q_1834,1.0,1.0,1.0,1.0,0.7871546029909718,Raw contextual vector
q_1835,1.0,1.0,1.0,1.0,0.7871546029909718,Raw contextual vector
q_1836,1.0,1.0,1.0,1.0,0.7871546029909718,Raw contextual vector
q_1837,1.0,1.0,1.0,1.0,1.0,Raw contextual vector
q_1838,1.0,1.0,1.0,1.0,0.7852134991855584,Raw contextual vector
q_1839,1.0,1.0,1.0,1.0,0.6735439182299785,Raw contextual vector
q_1840,1.0,1.0,1.0,1.0,0.6735439182299785,Raw contextual vector
q_1841,1.0,1.0,1.0,1.0,0.946731781453946,Raw contextual vector
q_1842,1.0,1.0,1.0,1.0,0.6735439182299785,Raw contextual vector
q_1843,1.0,1.0,1.0,1.0,0.7978637366933587,Raw contextual vector
q_1844,1.0,1.0,1.0,1.0,0.6735439182299785,Raw contextual vector
q_1845,1.0,1.0,1.0,1.0,0.6735439182299785,Raw contextual vector
q_1846,1.0,1.0,1.0,1.0,0.6735439182299785,Raw contextual vector
q_1847,1.0,1.0,1.0,1.0,0.6735439182299785,Raw contextual vector
q_1848,0.0,1.0,1.0,0.3333333333333333,0.3367719591149892,Raw contextual vector
q_1849,0.0,0.0,0.0,0.0,0.0,Raw contextual vector
q_1850,0.0,0.0,0.0,0.0,0.0,Raw contextual vector
q_1851,1.0,1.0,1.0,1.0,1.0,Raw contextual vector
q_1852,1.0,1.0,1.0,1.0,0.6735439182299785,Raw contextual vector
q_1853,1.0,1.0,1.0,1.0,0.7604397422803805,Raw contextual vector
q_1854,1.0,1.0,1.0,1.0,0.6735439182299785,Raw contextual vector
q_1855,0.0,0.0,1.0,0.1666666666666666,0.2399211845064163,Raw contextual vector
q_1856,1.0,1.0,1.0,1.0,1.0,Raw contextual vector
q_1857,1.0,1.0,1.0,1.0,0.8178747578506881,Raw contextual vector
q_1858,1.0,1.0,1.0,1.0,0.8178747578506881,Raw contextual vector
q_1859,1.0,1.0,1.0,1.0,0.6735439182299785,Raw contextual vector
q_1860,1.0,1.0,1.0,1.0,0.6735439182299785,Raw contextual vector
q_1861,1.0,1.0,1.0,1.0,0.6735439182299785,Raw contextual vector
q_1862,1.0,1.0,1.0,1.0,0.8178747578506881,Raw contextual vector
q_1863,0.0,0.0,0.0,0.0,0.0,Raw contextual vector
q_1864,1.0,1.0,1.0,1.0,0.6735439182299785,Raw contextual vector
q_1865,1.0,1.0,1.0,1.0,0.6735439182299785,Raw contextual vector
q_1866,1.0,1.0,1.0,1.0,0.7697644779771182,Raw contextual vector
q_1867,1.0,1.0,1.0,1.0,0.6735439182299785,Raw contextual vector
q_1868,1.0,1.0,1.0,1.0,0.7978637366933587,Raw contextual vector
q_1869,0.0,1.0,1.0,0.5,0.7136205775898136,Raw contextual vector
q_1870,0.0,0.0,0.0,0.0,0.0,Raw contextual vector
q_1871,1.0,1.0,1.0,1.0,0.8178747578506881,Raw contextual vector
q_1872,0.0,0.0,0.0,0.0,0.0,Raw contextual vector
q_1873,1.0,1.0,1.0,1.0,0.6735439182299785,Raw contextual vector
q_1874,1.0,1.0,1.0,1.0,0.7852134991855584,Raw contextual vector
q_1875,0.0,0.0,0.0,0.0,0.0,Raw contextual vector
q_1876,0.0,0.0,1.0,0.125,0.2483196298438661,Raw contextual vector
q_1877,0.0,0.0,0.0,0.0,0.0,Raw contextual vector
q_1878,1.0,1.0,1.0,1.0,0.6735439182299785,Raw contextual vector
q_1879,0.0,1.0,1.0,0.2,0.2605623555630197,Raw contextual vector
q_1880,0.0,1.0,1.0,0.25,0.290079576414554,Raw contextual vector
q_1881,1.0,1.0,1.0,1.0,1.0,Raw contextual vector
q_1882,1.0,1.0,1.0,1.0,0.7763672830184426,Raw contextual vector
q_1883,1.0,1.0,1.0,1.0,0.6735439182299785,Raw contextual vector
q_1884,1.0,1.0,1.0,1.0,0.7871546029909718,Raw contextual vector
q_1885,1.0,1.0,1.0,1.0,0.6735439182299785,Raw contextual vector
q_1886,1.0,1.0,1.0,1.0,0.6735439182299785,Raw contextual vector
q_1887,1.0,1.0,1.0,1.0,0.7871546029909718,Raw contextual vector
q_1888,1.0,1.0,1.0,1.0,0.7697644779771182,Raw contextual vector
q_1889,1.0,1.0,1.0,1.0,0.6735439182299785,Raw contextual vector
q_1890,1.0,1.0,1.0,1.0,0.7978637366933587,Raw contextual vector
q_1891,1.0,1.0,1.0,1.0,0.6735439182299785,Raw contextual vector
q_1892,1.0,1.0,1.0,1.0,0.7871546029909718,Raw contextual vector
q_1893,1.0,1.0,1.0,1.0,0.6735439182299785,Raw contextual vector
q_1894,1.0,1.0,1.0,1.0,0.9425649844296922,Raw contextual vector
q_1895,1.0,1.0,1.0,1.0,0.8178747578506881,Raw contextual vector
q_1896,1.0,1.0,1.0,1.0,0.6735439182299785,Raw contextual vector
q_1897,1.0,1.0,1.0,1.0,0.6735439182299785,Raw contextual vector
q_1898,1.0,1.0,1.0,1.0,0.8178747578506881,Raw contextual vector
q_1899,0.0,1.0,1.0,0.5,0.8579514172105233,Raw contextual vector
q_1900,1.0,1.0,1.0,1.0,0.8178747578506881,Raw contextual vector
q_1901,1.0,1.0,1.0,1.0,0.9073218002554916,Raw contextual vector
q_1902,0.0,1.0,1.0,0.5,0.4249588983483942,Raw contextual vector
q_1903,1.0,1.0,1.0,1.0,0.7871546029909718,Raw contextual vector
q_1904,1.0,1.0,1.0,1.0,0.7871546029909718,Raw contextual vector
q_1905,1.0,1.0,1.0,1.0,0.6735439182299785,Raw contextual vector
q_1906,1.0,1.0,1.0,1.0,0.6735439182299785,Raw contextual vector
q_1907,1.0,1.0,1.0,1.0,0.7763672830184426,Raw contextual vector
q_1908,1.0,1.0,1.0,1.0,0.6735439182299785,Raw contextual vector
q_1909,1.0,1.0,1.0,1.0,0.8178747578506881,Raw contextual vector
q_1910,1.0,1.0,1.0,1.0,1.0,Raw contextual vector
q_1911,1.0,1.0,1.0,1.0,0.7763672830184426,Raw contextual vector
q_1912,1.0,1.0,1.0,1.0,0.7871546029909718,Raw contextual vector
q_1913,0.0,1.0,1.0,0.25,0.3390090350877799,Raw contextual vector
q_1914,1.0,1.0,1.0,1.0,0.8178747578506881,Raw contextual vector
q_1915,1.0,1.0,1.0,1.0,0.7871546029909718,Raw contextual vector
q_1916,1.0,1.0,1.0,1.0,0.7763672830184426,Raw contextual vector
q_1917,1.0,1.0,1.0,1.0,0.6735439182299785,Raw contextual vector
q_1918,1.0,1.0,1.0,1.0,0.8556691603792903,Raw contextual vector
q_1919,1.0,1.0,1.0,1.0,0.6735439182299785,Raw contextual vector
q_1920,1.0,1.0,1.0,1.0,0.6735439182299785,Raw contextual vector
q_1921,1.0,1.0,1.0,1.0,0.6735439182299785,Raw contextual vector
q_1922,1.0,1.0,1.0,1.0,0.7871546029909718,Raw contextual vector
q_1923,1.0,1.0,1.0,1.0,0.6735439182299785,Raw contextual vector
q_1924,1.0,1.0,1.0,1.0,0.6735439182299785,Raw contextual vector
q_1925,1.0,1.0,1.0,1.0,0.7871546029909718,Raw contextual vector
q_1926,0.0,0.0,1.0,0.1428571428571428,0.2245146394099928,Raw contextual vector
q_1927,0.0,1.0,1.0,0.5,0.4249588983483942,Raw contextual vector
q_1928,1.0,1.0,1.0,1.0,0.8556691603792903,Raw contextual vector
q_1929,1.0,1.0,1.0,1.0,0.6735439182299785,Raw contextual vector
q_1930,1.0,1.0,1.0,1.0,0.7871546029909718,Raw contextual vector
q_1931,1.0,1.0,1.0,1.0,0.7871546029909718,Raw contextual vector
q_1932,0.0,1.0,1.0,0.3333333333333333,0.3367719591149892,Raw contextual vector
q_1933,1.0,1.0,1.0,1.0,0.8556691603792903,Raw contextual vector
q_1934,1.0,1.0,1.0,1.0,0.9176601606601068,Raw contextual vector
q_1935,1.0,1.0,1.0,1.0,0.7871546029909718,Raw contextual vector
q_1936,0.0,0.0,0.0,0.0,0.0,Raw contextual vector
q_1937,1.0,1.0,1.0,1.0,0.8556691603792903,Raw contextual vector
q_1938,1.0,1.0,1.0,1.0,0.7978637366933587,Raw contextual vector
q_1939,1.0,1.0,1.0,1.0,0.6735439182299785,Raw contextual vector
q_1940,1.0,1.0,1.0,1.0,0.6735439182299785,Raw contextual vector
q_1941,1.0,1.0,1.0,1.0,0.8178747578506881,Raw contextual vector
q_1942,1.0,1.0,1.0,1.0,0.6735439182299785,Raw contextual vector
q_1943,1.0,1.0,1.0,1.0,0.6735439182299785,Raw contextual vector
q_1944,1.0,1.0,1.0,1.0,0.6735439182299785,Raw contextual vector
q_1945,1.0,1.0,1.0,1.0,0.7978637366933587,Raw contextual vector
q_1946,1.0,1.0,1.0,1.0,0.9324441894571632,Raw contextual vector
q_1947,0.0,0.0,1.0,0.125,0.2124794491741971,Raw contextual vector
q_1948,1.0,1.0,1.0,1.0,0.8515023633550364,Raw contextual vector
q_1949,1.0,1.0,1.0,1.0,0.6735439182299785,Raw contextual vector
q_1950,1.0,1.0,1.0,1.0,0.6735439182299785,Raw contextual vector
q_1951,1.0,1.0,1.0,1.0,0.6735439182299785,Raw contextual vector
q_1952,1.0,1.0,1.0,1.0,0.7978637366933587,Raw contextual vector
q_1953,1.0,1.0,1.0,1.0,0.6735439182299785,Raw contextual vector
q_1954,1.0,1.0,1.0,1.0,0.6735439182299785,Raw contextual vector
q_1955,1.0,1.0,1.0,1.0,0.6735439182299785,Raw contextual vector
q_1956,0.0,1.0,1.0,0.5,0.5366284793039741,Raw contextual vector
q_1957,1.0,1.0,1.0,1.0,0.7871546029909718,Raw contextual vector
q_1958,1.0,1.0,1.0,1.0,0.6735439182299785,Raw contextual vector
q_1959,1.0,1.0,1.0,1.0,0.6735439182299785,Raw contextual vector
q_1960,1.0,1.0,1.0,1.0,0.6735439182299785,Raw contextual vector
q_1961,1.0,1.0,1.0,1.0,0.6735439182299785,Raw contextual vector
q_1962,1.0,1.0,1.0,1.0,0.6735439182299785,Raw contextual vector
q_1963,1.0,1.0,1.0,1.0,0.8556691603792903,Raw contextual vector
q_1964,0.0,1.0,1.0,0.3333333333333333,0.3367719591149892,Raw contextual vector
q_1965,1.0,1.0,1.0,1.0,0.7871546029909718,Raw contextual vector
q_1966,1.0,1.0,1.0,1.0,0.8556691603792903,Raw contextual vector
q_1967,1.0,1.0,1.0,1.0,0.6735439182299785,Raw contextual vector
q_1968,1.0,1.0,1.0,1.0,0.6735439182299785,Raw contextual vector
q_1969,1.0,1.0,1.0,1.0,0.6735439182299785,Raw contextual vector
q_1970,1.0,1.0,1.0,1.0,0.7871546029909718,Raw contextual vector
q_1971,1.0,1.0,1.0,1.0,0.6735439182299785,Raw contextual vector
q_1972,1.0,1.0,1.0,1.0,1.0,Raw contextual vector
q_1973,1.0,1.0,1.0,1.0,0.6735439182299785,Raw contextual vector
q_1974,1.0,1.0,1.0,1.0,0.6735439182299785,Raw contextual vector
q_1975,0.0,1.0,1.0,0.5,0.4966392596877323,Raw contextual vector
q_1976,1.0,1.0,1.0,1.0,0.6735439182299785,Raw contextual vector
q_1977,1.0,1.0,1.0,1.0,0.7871546029909718,Raw contextual vector
q_1978,0.0,0.0,0.0,0.0,0.0,Raw contextual vector
q_1979,1.0,1.0,1.0,1.0,0.6735439182299785,Raw contextual vector
q_1980,1.0,1.0,1.0,1.0,0.6735439182299785,Raw contextual vector
q_1981,0.0,0.0,0.0,0.0,0.0,Raw contextual vector
q_1982,1.0,1.0,1.0,1.0,0.6735439182299785,Raw contextual vector
q_1983,1.0,1.0,1.0,1.0,0.7871546029909718,Raw contextual vector
q_1984,0.0,0.0,1.0,0.1666666666666666,0.2399211845064163,Raw contextual vector
q_1985,1.0,1.0,1.0,1.0,0.6735439182299785,Raw contextual vector
q_1986,1.0,1.0,1.0,1.0,0.9421945763140684,Raw contextual vector
q_1987,1.0,1.0,1.0,1.0,0.914095317597828,Raw contextual vector
q_1988,1.0,1.0,1.0,1.0,0.9176601606601068,Raw contextual vector
q_1989,1.0,1.0,1.0,1.0,0.6735439182299785,Raw contextual vector
q_1990,1.0,1.0,1.0,1.0,1.0,Raw contextual vector
q_1991,1.0,1.0,1.0,1.0,0.7871546029909718,Raw contextual vector
q_1992,1.0,1.0,1.0,1.0,0.7871546029909718,Raw contextual vector
q_1993,1.0,1.0,1.0,1.0,0.7871546029909718,Raw contextual vector
q_1994,0.0,1.0,1.0,0.25,0.290079576414554,Raw contextual vector
q_1995,0.0,1.0,1.0,0.3333333333333333,0.3935773014954859,Raw contextual vector
q_1996,1.0,1.0,1.0,1.0,0.7871546029909718,Raw contextual vector
q_1997,1.0,1.0,1.0,1.0,0.6735439182299785,Raw contextual vector
q_1998,1.0,1.0,1.0,1.0,0.6735439182299785,Raw contextual vector
q_1999,1.0,1.0,1.0,1.0,0.7871546029909718,Raw contextual vector
q_2000,1.0,1.0,1.0,1.0,0.8178747578506881,Raw contextual vector
q_2001,1.0,1.0,1.0,1.0,1.0,Raw contextual vector
q_2002,1.0,1.0,1.0,1.0,0.7871546029909718,Raw contextual vector
q_2003,1.0,1.0,1.0,1.0,0.6735439182299785,Raw contextual vector
q_2004,1.0,1.0,1.0,1.0,0.7871546029909718,Raw contextual vector
q_2005,1.0,1.0,1.0,1.0,0.6735439182299785,Raw contextual vector
q_2006,0.0,1.0,1.0,0.5,0.5492787168117745,Raw contextual vector
q_2007,1.0,1.0,1.0,1.0,0.7871546029909718,Raw contextual vector
q_2008,1.0,1.0,1.0,1.0,0.7871546029909718,Raw contextual vector
q_2009,1.0,1.0,1.0,1.0,0.6735439182299785,Raw contextual vector
q_2010,0.0,0.0,1.0,0.1428571428571428,0.2623848676636572,Raw contextual vector
q_2011,1.0,1.0,1.0,1.0,0.6735439182299785,Raw contextual vector
q_2012,1.0,1.0,1.0,1.0,0.7871546029909718,Raw contextual vector
q_2013,0.0,0.0,1.0,0.1666666666666666,0.2399211845064163,Raw contextual vector
q_2014,1.0,1.0,1.0,1.0,0.7871546029909718,Raw contextual vector
q_2015,1.0,1.0,1.0,1.0,0.6735439182299785,Raw contextual vector
q_2016,1.0,1.0,1.0,1.0,0.7871546029909718,Raw contextual vector
q_2017,0.0,1.0,1.0,0.3333333333333333,0.3367719591149892,Raw contextual vector
q_2018,1.0,1.0,1.0,1.0,0.7871546029909718,Raw contextual vector
q_2019,1.0,1.0,1.0,1.0,0.6735439182299785,Raw contextual vector
q_2020,1.0,1.0,1.0,1.0,0.6735439182299785,Raw contextual vector
q_2021,1.0,1.0,1.0,1.0,0.6735439182299785,Raw contextual vector
q_2022,0.0,1.0,1.0,0.5,0.4249588983483942,Raw contextual vector
q_2023,1.0,1.0,1.0,1.0,0.7871546029909718,Raw contextual vector
q_2024,1.0,1.0,1.0,1.0,0.6735439182299785,Raw contextual vector
q_2025,0.0,0.0,0.0,0.0,0.0,Raw contextual vector
q_2026,1.0,1.0,1.0,1.0,0.9324441894571632,Raw contextual vector
q_2027,0.0,0.0,0.0,0.0,0.0,Raw contextual vector
q_2028,1.0,1.0,1.0,1.0,0.8556691603792903,Raw contextual vector
q_2029,0.0,0.0,0.0,0.0,0.0,Raw contextual vector
q_2030,1.0,1.0,1.0,1.0,0.7871546029909718,Raw contextual vector
q_2031,0.0,1.0,1.0,0.2,0.2605623555630197,Raw contextual vector
q_2032,1.0,1.0,1.0,1.0,0.6735439182299785,Raw contextual vector
q_2033,0.0,0.0,1.0,0.1111111111111111,0.2027569227842713,Raw contextual vector
q_2034,1.0,1.0,1.0,1.0,0.7871546029909718,Raw contextual vector
